cnpj,bairro,socio_nome
00112042000114,SAO GERARDO,
00145166000104,BENFICA,
00281397000137,MESSEJANA,
00386139000115,BENFICA,
00387542000169,CENTRO,
00387542000240,BOM FUTURO,
00387542000320,MEIRELES,
00411471000192,JARDIM CEARENSE,
00455552000194,PARQUE DOIS IRMAOS,
00580148000142,DIONISIO TORRES,MOACIR DE ALENCAR ARARIPE NETO
00584740000112,ALDEOTA,
00606958000392,BENFICA,
00606958000554,EDSON QUEIROZ,
00708848000170,ALVARO WEYNE,MARIA DE FATIMA DOS SANTOS LOURENCO
00711230000169,CENTRO,
00740391000180,ALDEOTA,
00782501000177,VILA VELHA,
00788866000109,ALDEOTA,
00883000000187,ALDEOTA,
00885629000166,PARREAO,
00933212000121,ALDEOTA,
01185643000110,PARQUELANDIA,RAIANY HERCULANO DE LIMA
01405279000318,ALDEOTA,AMANDA GOMES COSTA DA FONSECA
01569746000183,CAMBEBA,
01645263000110,AEROLANDIA,
01740488000156,AEROLANDIA,
01788784000127,CAMBEBA,CLAUDIO QUIRINO DOS SANTOS SILVA FILHO
01987302000168,DIONISIO TORRES,MARIA NELDA DO VALE
02105099000111,MEIRELES,
02173841000126,AGUA FRIA,ANTONIA EDVANDA LOURENCO DE OLIVEIRA ORCINE
02252411000108,JARDIM AMERICA,
02327063000182,SAO GERARDO,ISMARCELIO SOARES TIMBO
02536025000130,ALDEOTA,
02674936000123,CENTRO,
02674936000204,CIDADE DOS FUNCIONARIOS,
02774323000168,FARIAS BRITO,
02782663000130,CIDADE 2000,
02822927000132,AMADEU FURTADO,
02846271000198,PAPICU,
02970151000106,CENTRO,
03010168000176,JOQUEI CLUBE,
03053409000164,ALDEOTA,EVERARDO FELICIO DE SOUZA
03180587000156,VARJOTA,
03180587000237,SAO GERARDO,
03354609000157,DIONISIO TORRES,IVAN LINHARES CORDEIRO
03465691000197,FATIMA,
03483023000192,ALDEOTA,RENATA RIBEIRO PARENTE
03522093000102,ITAOCA,
03522130000182,JOSE DE ALENCAR,
03628803000183,JOSE BONIFACIO,
03656019000189,ALDEOTA,
03667173000156,MEIRELES,
03754022000135,CIDADE DOS FUNCIONARIOS,JOAO DA SILVA FERREIRA MARINHO
03781084000136,CONJUNTO CEARA,
03857863000178,ENGENHEIRO LUCIANO CAVALCANTE,
03895012000110,PRESIDENTE KENNEDY,
03951264000119,JOSE WALTER,
04027311000103,MEIRELES,ANA MARIA GOMES ANCHIETA
04041509000133,DIONISIO TORRES,
04046583000142,MESSEJANA,
04083589000190,ITAPERI,
04151515000143,HENRIQUE JORGE,
04262104000125,JARDIM DAS OLIVEIRAS,MARIA REGINA DOS SANTOS
04341965000107,MESSEJANA,
04442863000170,CRISTO REDENTOR,
04485896000105,CONJUNTO ESPERANCA,
04568873000156,CENTRO,SAVIA KARYNE MARTINS DE CASTRO
04667816000124,PASSARE,
04730391000150,EDSON QUEIROZ,
04730391000231,PRAIA DO FUTURO,
04730391000312,ALDEOTA,
04761552000173,MESSEJANA,MARIA DO SOCORRO DOS SANTOS CARNEIRO
04991080000145,CAJAZEIRAS,
05004895000156,SAO GERARDO,
05005955000155,MARAPONGA,
05057928000126,ALDEOTA,LINDOMAR MARIA FRANCESCONI
05109621000121,MEIRELES,
05148471000165,MEIRELES,
05285596000137,JARDIM DAS OLIVEIRAS,
05306743000108,ALDEOTA,
05319805000116,GRANJA PORTUGAL,
05361131000118,COCO,
05372161000120,JOAQUIM TAVORA,
05374543000192,CENTRO,
05382070000175,MONTESE,
05388116000163,CENTRO,FLAVIA ALVES DE ALCANTARA
05388116000244,JOAQUIM TAVORA,FLAVIA ALVES DE ALCANTARA
05439889000121,JANGURUSSU,
05445790000132,PASSARE,
05500539000123,ALTO DA BALANCA,
05536081000162,ALDEOTA,
05580586000124,PAPICU,
05619068000177,SALINAS,ERIANNE MEYRE DE MACEDO PETER
05678792000171,ALDEOTA,MARINETE COSTA CASEMIRO GOMES
05776995000109,ALDEOTA,
05777078000130,MEIRELES,IZABEL CRISTINA MOREIRA DE QUEIROZ
05781590000150,EDSON QUEIROZ,
05954646000121,CJ TANCREDO NEVES,
05985762000108,MESSEJANA,
06007174000162,PARANGABA,
06023303000106,ALDEOTA,
06023303000459,MEIRELES,
06075348000124,FATIMA,
06083019000125,ALDEOTA,
06115557000154,MARAPONGA,
06174935000170,EDSON QUEIROZ,SYLVIA ACIOLI PESSOA
06184536000190,COACU,
06237488000151,DIONISIO TORRES,
06309401000104,CONJUNTO CEARA II,
06311437000122,ALDEOTA,SAMIA FERNANDES PEIXOTO DA SILVA
06890496000100,VILA MANOEL SATIRO,
06893257000104,MONTESE,
06925077000159,MONTE CASTELO,
06928868000132,LUCIANO CAVALCANTE,
07085448000102,ALDEOTA,MARIA GOMES BRASIL
07145519000107,JOAQUIM TAVORA,HILMA DO VALE SALES
07210895000138,MONDUBIM,
07268097000167,MONTESE,
07270398000125,ALDEOTA,
07380728000135,MEIRELES,
07392197000109,BOM SUCESSO,
07405742000146,ITAPERI,
07453839000124,JARDIM DAS OLIVEIRAS,
07473069000181,MEIRELES,MARCIA MARIA ALVES DA SILVA
07529568000143,PARQUE MANIBURA,MEROUANE BAALI
07529985000196,CENTRO,
07573169000180,CIDADE DOS FUNCIONARIOS,ENZO MAGALHAES PINHEIRO
07610581000122,PAPICU,
07611076000100,ALDEOTA,
07635557000148,PASSARE,
07644727000150,MEIRELES,
07672079000146,PARQUE DOIS IRMAOS,ANDREIA DE ABREU MARQUES
07702013000151,JARDIM CEARENSE,MARCIANO XAVIER DA SILVA
07702635000180,MEIRELES,
07704266000164,MONDUBIM,
07738136000142,CENTRO,
07830110000120,ALDEOTA,
07835216000116,CAMBEBA,MARIO SERGIO LIMA BARBOSA
07847652000105,FARIAS BRITO,
07858154000168,BOM FUTURO,
07898482000198,SERRINHA,DANIELA ALEXANDRE BRAGA
07952911000168,MUCURIPE,
07976243000109,MONTE CASTELO,
07986925000100,ALDEOTA,ROBERTA DE GOES BARBOSA
08055291000127,MANUEL SATIRO,
08060670000105,PRAIA DO FUTURO,
08086861000146,PAPICU,
08159300000120,PARQUE SAO JOSE,
08160372000197,BOM FUTURO,
08177919000167,PAPICU,HEVELINE BENEVIDES MACHADO BARROS
08200946000103,ALDEOTA,ANDREW JACKSON BARBOSA MOREIRA
08239906000175,CIDADE DOS FUNCIONARIOS,JOSE EDNARDO ALVES FRAGA
08260687000106,CONJUNTO ESPERANCA,
08260745000100,CASTELAO,
08263807000129,ALDEOTA,
08313516000106,PARANGABA,
08325658000185,CONJUNTO ESPERANCA,
08326210000186,HENRIQUE JORGE,
08342449000140,JOAQUIM TAVORA,ANTONIA GLEICE LIMA FRANCO
08365258000101,ALDEOTA,JACINTA MATEUS DO NASCIMENTO
08381186000188,PASSARE,
08458492000175,JANGURUSSU,
08466525000129,CARLITO PAMPLONA,
08492529000181,NOSSA SENHORA DAS GRACAS,ANGELA CAROLINA DE ALMEIDA LIMA
08568777000169,EDSON QUEIROZ,
08620737000119,PARQUELANDIA,
08626495000170,SALINAS,ADRYANA DA COSTA ALEXANDRE
08626620000142,CONJUNTO CEARA II,
08636791000152,JOAO XXIII,
08709789000166,CENTRO,
08766841000116,FATIMA,JORGE ADRIANO MENDONCA SIMOES
08774741000131,VICENTE PINZON,
08786597000153,SAO JOAO DO TAUAPE,MARIA DE LOURDES LINHARES CORDEIRO
08800916000138,PARQUELANDIA,
08802876000163,JOAQUIM TAVORA,
08807602000167,MONDUBIM,
08811528000152,JARDIM CEARENSE,
08820182000159,FATIMA,
08820428000192,SAO GERARDO,SILMARA MORGANA BARBOSA ROCHA
08847021000230,CENTRO,SAMIA DE SA LEITAO FIUZA
08878578000157,VILA VELHA,
08973350000146,PADRE ANDRADE,
09048236000172,ALDEOTA,
09087034000130,PASSARE,MARIA RODRIGUES DE SOUSA ALENCAR
09127162000160,DIONISIO TORRES,
09137596000140,EDSON QUEIROZ,
09167963000159,JANGURUSSU,
09190183000120,CENTRO,
09220220000103,HENRIQUE JORGE,
09229818000155,ALDEOTA,SELMA MARIA DE ALENCAR VELOSO
09299104000113,AEROLANDIA,
09310432000254,ALDEOTA,MARCIO SILVA DE ALMEIDA
09354780000142,PASSARE,
09373936000132,ALDEOTA,SURAMA GELEILATE
09387792000173,CENTRO,
09417145000167,MESSEJANA,
09418875000182,ALDEOTA,ANTOMARIO SARAIVA DA HORA
09466136000166,VARJOTA,
09479939000155,MEIRELES,ANDREA SAMPAIO DE QUEIROZ FIUZA PEQUENO
09497618000183,HENRIQUE JORGE,
09509057000195,CIDADE DOS FUNCIONARIOS,MARCELO AUGUSTO AMARAL TARGINO
09509062000106,JOAQUIM TAVORA,
09545453000178,CENTRO,
09550432000140,CAMBEBA,
09593879000105,MANOEL SATIRO,LUIGI FRANZA
09593967000107,ALDEOTA,ANTONIO HERBERT DA SILVA RODRIGUES
09634347000160,PARQUELANDIA,CARMEN TEREZA LIMA
10158438000156,COCO,KATHIA REJANE ABADESSA DA IGREJA
10203861000120,PARANGABA,MARIA DANIELA SOARES DE MOURA
10248624000186,ALDEOTA,
10250487000114,ALDEOTA,
10296195000112,PARQUELANDIA,
10303552000122,CAMBEBA,
10315246000106,MONTESE,
10325790000139,VARJOTA,SILVIO AFONSO DE ALMEIDA FILHO
10339930000128,VILA UNIAO,
10344456000122,COACU,MARIA PEREIRA DA SILVA
10398108000138,VILA PERY,
10481653000193,COLONIA,
10482478000159,PLANALTO AYRTON SENNA,
10513085000165,MEIRELES,
10522272000105,CAJAZEIRAS,
10530988000154,PARQUELANDIA,
10536369000177,ALDEOTA,
10616516000119,BARROSO,
10634051000129,CENTRO,MARIA EMILIA DANTAS DE SOUZA
10715358000154,PARREAO,
10739106000165,DIONISIO TORRES,
10748704000109,CANINDEZINHO,
10844890000171,CONJUNTO CEARA,
10845608000170,MUCURIPE,
10857980000105,CIDADE DOS FUNCIONARIOS,
10860198000137,ALDEOTA,JOSE CARLOS JANUARIO FRANCO
10886829000197,JARDIM AMERICA,MARIA ELMA DE ARAUJO
10946687000106,ALDEOTA,
10987903000161,MEIRELES,RAFAELA MOREIRA QUINDERE
11017773000105,JOAQUIM TAVORA,ANALICE RODRIGUES DA SILVA
11107045000186,PASSARE,
11108887000152,FATIMA,
11128796000189,JOAQUIM TAVORA,
11131126000111,PLANALTO AYRTON SENNA,
11150170000179,CONJUNTO CEARA,RAFAELLE LINDA DA SILVA ALBUQUERQUE
11164722000106,BARRA DO CEARA,
11178859000101,ALDEOTA,
11206607000149,BOA VISTA CASTELAO,
11219787000101,SIQUEIRA,
11222922000160,GRANJA PORTUGAL,
11224720000157,ALDEOTA,ANTONIO DEMONTIER LINHARES CORDEIRO
11225140000184,ALDEOTA,VILMAR LINHARES CORDEIRO
11225140000265,BENFICA,VILMAR LINHARES CORDEIRO
11225140000346,ALDEOTA,VILMAR LINHARES CORDEIRO
11225386000156,DEMOCRITO ROCHA,
11230343000169,DIONSIO TORRES,ITALO GABRIEL DE MAIA E VELOSO
11230343000240,PAPICU,ITALO GABRIEL DE MAIA E VELOSO
11234540000156,SAO JOAO DO TAUAPE,
11238606000186,MARAPONGA,
11239040000107,PAUPINA,
11243593000133,QUINTINO CUNHA,
11247795000153,VARJOTA,
11248075000102,PARANGABA,
11251542000153,MESSEJANA,
11254254000152,BOM JARDIM,
11255128000112,CENTRO,
11283458000111,SAO GERARDO,
11287624000158,BELA VISTA,
11293942000121,BARRA DO CEARA,
11297846000151,SAO JOAO DO TAUPE,
11317212000113,PARQUE MANIBURA,
11329654000180,GRANJA LISBOA,
11335740000103,MARAPONGA,
11348350000160,CENTRO,
11353850000190,BARROSO,
11363042000103,JOAQUIM TAVORA,
11389867000105,SIQUEIRA,
11416392000190,ALDEOTA,WAGNITON PEREIRA DE MELO
11436066000145,PARQUELANDIA,JOSE RUBERVAL ARRUDA FILHO
11449411000185,CONJUNTO CEARA,
11451679000151,PASSARE,
11468939000100,CENTRO,
11476921000141,PLANALTO AYRTON SENNA,
11479282000178,GRANJA LISBOA,
11521691000195,DEMOCRITO ROCHA,
11535147000100,JOAQUIM TAVORA,
11554262000114,JOAO XXIII,
11558519000106,JARDIM GUANABARA,
11561363000112,CAMBEBA,
11569890000173,JACARECANGA,
11592210000132,PARANGABA,
11595376000102,PARQUELANDIA,
11599390000184,JARDIM IRACEMA,
11615070000170,AMADEU FURTADO,
11635579000185,BARRA DO CEARA,
11642819000179,BARRA DO CEARA,
11648279000130,PASSARE,
11650734000132,EDSON QUEIROZ,
11650940000142,JARDIM CEARENSE,
11667272000166,JANGURUSSU,
11674573000117,VILA PERI,
11677870000116,JANGURUSSU,
11677890000197,JARDIM CEARENSE,
11679678000169,VILA UNIAO,
11683035000199,HENRIQUE JORGE,
11687736000104,PARQUE GENIBAU,INES CARVALHO FELIX
11688949000142,BONSUCESSO,
11704086000150,JOQUEI CLUBE,
11721826000166,ALDEOTA,JOAO ANGELO MARTINS NONATO
11726835000140,PRESIDENTE KENNEDY,
11736259000111,MONDUBIM,
11743987000150,PARQUELANDIA,
11744767000141,ANCURI,
11750190000180,ANTONIO BEZERRA,
11751614000121,JOQUEI CLUBE,
11758079000130,BONSUCESSO,
11763342000180,CENTRO,MARIA IVANDETE LIMA
11764051000106,JARDIM GUANABARA,
11766198000135,ANCURI,
11769783000199,ALDEOTA,
11769967000159,MESSEJANA,
11770349000129,JARDIM IRACEMA,
11777370000156,MESSEJANA,
11782560000161,CONJUNTO CEARA,
11785262000125,BONSUCESSO,
11786966000112,MOURA BRASIL,
11800373000163,JACARECANGA,
11804202000102,CIDADE DOS FUNCIONARIOS,
11809246000125,VILA PERY,
11809697000162,JARDIM GUANABARA,
11818619000124,LAGOA REDONDA,
11821415000142,ALTO DA BALANCA,
11826801000127,MONDUBIM,
11827888000157,CENTRO,
11828875000100,BENFICA,
11829220000149,SAPIRANGA-COITE,
11832240000179,CENTRO,
11847244000120,MUCURIPE,
11858502000174,ANTONIO DIOGO,
11865621000154,PASSARE,
11869019000195,ITAPERI,
11877308000136,JANGURUSSU,
11881322000103,MESSEJANA,
11885611000180,MANOEL SATIRO,
11893970000180,CENTRO,
11902023000108,PATRIOLINO RIBEIRO,RENATA CORREIA DE ALBUQUERQUE
11912056000139,MUCURIPE,
11940508000196,BARRA DO CEARA,
11950296000128,CIDADE 2000,
11951858000158,PRECABURA,
11951925000134,MANUEL SATIRO,
11964463000190,PARQUE PRESIDENTE VARGAS,
11965625000104,TAUAPE,
11965703000170,JANGURUSSU,
11992155000178,BARROSO,
11994603000172,AMADEU FURTADO,
12015021000160,CONJUNTO CEARA,
12031793000195,MESSEJANA,
12036594000170,COACU,
12036654000154,MONTESE,
12044106000176,PARANGABA,
12056401000142,JACARECANGA,
12060163000149,PREFEITO JOSE WALTER,
12063267000107,BARRA DO CEARA,
12086728000167,ALDEOTA,OSVALDO ANTONIO BASTOS DE VASCONCELOS
12087850000158,CONJUNTO ESPERANCA,
12088227000110,MARAPONGA,
12090170000193,CIDADE DOS FUNCIONARIOS,
12101811000168,ANTONIO BEZERRA,
12115033000166,SERRINHA,
12115247000132,CENTRO,
12134447000132,GRANJA LISBOA,
12147066000198,VILA PERI,
12158858000168,MUCURIPE,
12183852000140,ALDEOTA,MARIA VERA MAGALHAES VIANA
12194638000190,PARREAO,
12202041000140,CENTRO,
12209222000106,CONJUNTO CEARA,
12222739000127,JARDIM DAS OLIVEIRAS,
12223600000106,MUCURIPE,
12235379000106,BARRA DO CEARA,
12242705000102,PARQUE DOIS IRMAOS,
12247543000197,VICENTE PINZON,
12249879000199,CONJUNTO PALMEIRAS,
12257065000104,MONTESE,
12264163000160,VILA PERI,
12265067000137,CENTRO,
12271735000139,PARQUE DOIS IRMAOS,
12276520000100,VILA VELHA,
12284127000169,SAPIRANGA,
12293196000139,SIQUEIRA,
12300477000171,DEMOCRITO ROCHA,
12300731000131,JARDIM AMERICA,
12301618000170,JARDIM DAS OLIVEIRAS,
12314239000115,CONJUNTO ALVORADA,
12315100000196,VILA PERI,
12321906000197,PARQUE DOIS IRMAOS,
12322049000140,JOAQUIM TAVORA,
12334623000180,PRESIDENTE KENNEDY,
12335406000104,BARROSO,
12336016000159,CONJUNTO ESPERANCA,
12343160000112,HENRIQUE JORGE,
12345934000144,HENRIQUE JORGE,
12346162000165,MESSEJANA,
12347687000115,JARDIM CEARENSE,
12347752000102,PREFEITO JOSE WALTER,
12351237000104,CAJAZEIRAS,
12362457000125,BONSUCESSO,
12363686000164,ENGENHEIRO LUCIANO CAVALCANTE,
12364622000188,CONJUNTO PALMEIRAS,
12365378000178,PAPICU,
12365665000188,PREFEITO JOSE WALTER,ROSILENE DOS SANTOS SOUSA
12383872000165,MESSEJANA,
12386007000172,JANGURUSSU,
12387685000150,BOA VISTA,
12405277000183,MANUEL SATIRO,
12410976000111,AEROLANDIA,
12416961000160,BELA VISTA,
12417061000138,HENRIQUE JORGE,
12420433000185,GRANJA LISBOA,
12423474000125,FATIMA,
12426455000152,PARQUE GENIBAU,
12428589000102,SIQUEIRA,
12437641000197,PASSARE,
12452102000127,ITAPERI,
12455888000136,CANINDEZINHO,
12456656000100,JANGURUSSU,
12463799000131,MONDUBIM,
12479696000160,PARQUELANDIA,
12486584000136,ANTONIO BEZERRA,
12495614000170,FATIMA,
12498603000144,PARQUE DOIS IRMAOS,
12498784000109,PASSARE,
12511047000107,CENTRO,
12513237000155,VILA VELHA,
12514558000174,CANINDEZINHO,
12520840000164,JOSE DE ALENCAR,ADRIANA MARIA DE HOLANDA
12526111000115,SAO BENTO,
12537657000171,MONTE CASTELO,
12542400000108,JANGURUSSU,
12542652000137,ALVARO WEYNE,
12549188000100,ALDEOTA,
12551337000176,MESSEJANA,
12557455000191,CARLITO PAMPLONA,
12559700000108,MANUEL DIAS BRANCO,
12567717000107,HENRIQUE JORGE,
12571737000143,JOQUEI CLUBE,
12579154000169,BENFICA,
12586151000152,QUINTINO CUNHA,
12587347000161,JANGURUSSU,
12587921000181,EDSON QUEIROZ,
12597882000101,PARQUELANDIA,
12605201000100,BARRA DO CEARA,
12606193000108,BARRA DO CEARA,
12607437000177,BARRA DO CEARA,
12608156000139,JOQUEI CLUBE,
12637656000107,PARQUE GENIBAU,
12651648000107,CENTRO,
12678485000156,SIQUEIRA,
12679795000195,DEMOCRITO ROCHA,
12679995000148,MESSEJANA,
12680529000182,HENRIQUE JORGE,
12684664000104,COACU,
12688501000191,BONSUCESSO,
12703269000113,PARQUE GENIBAU,
12703297000130,ANTONIO DIOGO,
12703486000103,SAO BENTO,
12706174000153,JARDIM IRACEMA,
12708317000166,CENTRO,
12708504000140,GRANJA LISBOA,
12709851000197,PASSARE,
12710434000164,VILA PERI,
12710915000170,CONJUNTO CEARA,
12710941000106,CONJUNTO PALMEIRAS,
12714998000175,ALVARO WEYNE,
12715825000171,PLANALTO AYRTON SENNA,
12717758000124,HENRIQUE JORGE,
12721656000182,VILA VELHA,
12727257000129,PARQUELANDIA,VILMA DA LUZ BRAGA
12733062000191,PICI,
12739290000179,BOM JARDIM,
12743053000181,BELA VISTA,
12744170000160,PARQUE IRACEMA,
12744528000154,BARROSO,
12745540000183,MANUEL SATIRO,
12746825000139,ALVARO WEYNE,
12762107000156,PAUPINA,
12764665000150,DIONISIO TORRES,
12786660000129,JOAO XXIII,
12787672000178,PARQUE IRACEMA,
12789302000170,PREFEITO JOSE WALTER,
12789358000124,MANUEL SATIRO,
12790656000134,PARQUE SANTA MARIA,
12792948000106,CONJUNTO CEARA,
12796753000134,JARDIM CEARENSE,
12815223000196,JARDIM GUANABARA,
12818033000122,PARQUE ARAXA,
12818387000177,MONTE CASTELO,
12819852000194,FATIMA,
12821347000184,CENTRO,ALINE DANTAS DE SOUZA
12823161000164,JARDIM AMERICA,
12829944000155,JARDIM AMERICA,
12834961000180,CANINDEZINHO,
12837857000140,TAUAPE,
12852983000173,MONDUBIM,
12864193000108,FARIAS BRITO,
12871882000140,PARQUE MANIBURA,
12877689000116,SERRINHA,
12880587000150,JACARECANGA,
12880729000189,VICENTE PINZON,
12883909000114,VILA VELHA,
12884351000191,AMADEU FURTADO,
12886382000181,PREFEITO JOSE WALTER,
12901779000103,CANINDEZINHO,
12904096000100,MESSEJANA,
12905513000120,GRANJA PORTUGAL,
12912057000146,PARQUE SANTA ROSA,
12929604000104,CENTRO,
12931728000116,MONDUBIM,
12944055000139,TAUAPE,
12947823000108,CENTRO,
12954762000106,QUINTINO CUNHA,
12965655000183,MANUEL SATIRO,
12970054000169,JARDIM DAS OLIVEIRAS,
12971930000171,MARAPONGA,MARIA VANDERLUCY DE SOUZA LIMA PINTO
12975307000197,SERRINHA,
12976457000115,JANGURUSSU,
12977045000108,JARDIM IRACEMA,
12982309000103,MONDUBIM,
13006953000109,ANTONIO BEZERRA,
13018017000118,JOQUEI CLUBE,
13049998000160,CENTRO,
13050012000172,CENTRO,
13070755000104,CIDADE 2000,
13078888000127,JACARECANGA,
13097198000115,PREFEITO JOSE WALTER,
13098502000149,VILA VELHA,
13104445000163,BOM JARDIM,
13110779000140,QUINTINO CUNHA,
13111922000118,CONJUNTO CEARA,
13112152000128,RODOLFO TEOFILO,
13118635000130,BONSUCESSO,
13120987000120,ITAPERI,
13134007000148,QUINTINO CUNHA,
13148215000104,SIQUEIRA,
13155173000120,MONTESE,
13158963000160,MESSEJANA,
13174038000122,JOAQUIM TAVORA,
13177640000113,SAPIRANGA,
13178833000199,SAO GERARDO,
13180441000164,DIONISIO TORRES,
13190133000110,PREFEITO JOSE WALTER,
13190464000150,PARANGABA,
13204002000144,CIDADE DOS FUNCIONARIOS,IRACEMA MARIA CASTRO CHAVES
13205361000116,PREFEITO JOSE WALTER,
13210736000136,SIQUEIRA,
13211691000114,BENFICA,
13223442000149,LAGOA REDONDA,
13242569000105,FARIAS BRITO,
13242792000152,SAO JOAO DO TAUAPE,
13248008000113,JOAQUIM TAVORA,
13248143000169,MESSEJANA,
13265355000154,JACARECANGA,
13276378000164,BOM JARDIM,
13281470000112,VILA PERI,
13282861000151,PARQUELANDIA,
13291346000138,JARDIM CEARENSE,
13306966000101,PASSARE,
13309079000189,PARQUE MANIBURA,
13325183000167,MONTESE,
13330918000140,JOSE BONIFACIO,
13363211000130,BOM JARDIM,
13366046000170,JOAQUIM TAVORA,
13377179000142,MANUEL SATIRO,
13383424000124,SERRINHA,
13390819000154,GRANJA LISBOA,
13392026000174,FARIAS BRITO,
13406955000195,PIRAMBU,
13413709000160,BELA VISTA,
13422857000141,DEMOCRITO ROCHA,
13426118000128,ALDEOTA,CRISTIANE MARIA ROSA DE OLIVEIRA
13427911000141,PLANALTO AYRTON SENNA,
13432196000135,BARROSO,
13438265000118,PARQUE MANIBURA,
13459385000100,LAGOA REDONDA,
13461688000159,DEMOCRITO ROCHA,
13461939000103,PARQUE GENIBAU,
13462686000184,PASSARE,
13465381000126,VILA VELHA,
13465751000125,SERRINHA,
13470510000174,PREFEITO JOSE WALTER,
13470667000108,CONJUNTO CEARA,
13487868000100,PASSARE,
13491382000145,BELA VISTA,
13492658000100,AEROLANDIA,
13519167000105,JANGURUSSU,
13520204000103,PREFEITO JOSE WALTER,
13531318000140,RODOLFO TEOFILO,
13567410000160,ALDEOTA,
13568916000194,CONJUNTO CEARA I,
13575919000155,CENTRO,
13579257000191,BOA VISTA,
13582120000196,ANTONIO BEZERRA,
13584746000131,PARQUE DOIS IRMAOS,
13589100000147,CIDADE DOS FUNCIONARIOS,
13600818000197,BONSUCESSO,
13602012000138,PARQUELANDIA,
13611757000163,GRANJA PORTUGAL,
13615157000173,CAMBEBA,
13617205000162,BOA VISTA,
13626187000185,JACARECANGA,
13645195000179,CRISTO REDENTOR,
13645226000191,FARIAS BRITO,
13649184000167,CAMBEBA,
13657181000175,GRANJA LISBOA,
13659620000189,VICENTE PINZON,
13660917000164,PREFEITO JOSE WALTER,
13661008000140,PARANGABA,
13661997000172,JACARECANGA,
13669968000157,MUCURIPE,
13689981000178,VILA VELHA,
13691015000195,MONTE CASTELO,
13691387000111,JOAQUIM TAVORA,
13698413000133,SERRINHA,
13698746000162,PASSARE,
13721583000191,JOAO XXIII,
13732237000109,DIAS MACEDO,
13733351000153,ALDEOTA,FRANCISCO FLAVIO ARAUJO
13738063000191,PARANGABA,
13750269000137,CONJUNTO ESPERANCA,
13760786000197,BOM JARDIM,
13764803000164,GRANJA PORTUGAL,
13775989000157,BOM JARDIM,
13776068000109,AUTRAN NUNES,
13779755000188,PARQUE GENIBAU,
13784627000122,PREFEITO JOSE WALTER,
13788209000103,BOA VISTA,
13789057000163,MUCURIPE,
13789767000193,PARANGABA,
13793196000160,CIDADE DOS FUNCIONARIOS,
13794108000145,PRESIDENTE KENNEDY,
13799065000190,BARRA DO CEARA,
13806131000102,MESSEJANA,SAVIO STEPHENSON FERREIRA SERPA
13808505000129,SERRINHA,
13815658000101,AEROLANDIA,
13818037000173,MONDUBIM,
13821487000115,CENTRO,
13827120000109,DEMOCRITO ROCHA,
13829343000105,AMADEU FURTADO,
13831170000160,JOQUEI CLUBE,
13831340000106,CAIS DO PORTO,
13837193000181,PRESIDENTE KENNEDY,
13838608000131,ANTONIO BEZERRA,
13850031000183,FATIMA,
13851631000166,BARROSO,
13851797000182,VILA VELHA,
13853144000132,BARRA DO CEARA,
13857212000131,PARQUE ARAXA,
13858020000140,JARDIM DAS OLIVEIRAS,
13865158000176,PARQUE SANTA ROSA,
13865838000190,GRANJA LISBOA,
13867701000174,SIQUEIRA,
13872835000183,BOM JARDIM,
13877563000104,BARROSO,
13878998000173,JACARECANGA,
13880889000190,DAMAS,
13882276000192,CARLITO PAMPLONA,
13883895000100,BENFICA,
13885941000100,JANGURUSSU,
13886331000112,ITAPERI,LUCIVALDO FERREIRA MOTA
13886427000180,DAMAS,
13887640000107,SERRINHA,
13887644000195,PAN AMERICANO,
13887719000138,VICENTE PINZON,
13889421000167,CENTRO,
13890385000151,BARROSO,
13892752000156,ITAOCA,
13892943000118,PARQUE GENIBAU,
13895017000104,MESSEJANA,CLEO SANTOS MACEDO
13896087000179,AUTRAN NUNES,
13897243000116,CENTRO,
13898216000168,BELA VISTA,
13901510000181,CARLITO PAMPLONA,
13912719000140,CANINDEZINHO,
13916387000172,PREFEITO JOSE WALTER,
13945138000105,CIDADE DOS FUNCIONARIOS,
13952511000155,PREFEITO JOSE WALTER,
13953372000184,LAGOA REDONDA,
13954470000136,SIQUEIRA,
13957973000165,PAUPINA,
13962739000126,BARRA DO CEARA,
13967225000163,MESSEJANA,
13968189000152,CAMBEBA,
13971184000189,GRANJA LISBOA,
13981070000110,JACARECANGA,
13984189000146,PARQUE SAO JOSE,
14001859000120,HENRIQUE JORGE,
14005357000177,MANUEL SATIRO,
14006615000130,JACARECANGA,
14009892000104,SIQUEIRA,
14011395000132,BONSUCESSO,
14016688000102,ALTO DA BALANCA,
14019589000184,MARAPONGA,
14022083000124,ENGENHEIRO LUCIANO CAVALCANTE,
14023491000109,QUINTINO CUNHA,
14029295000133,VILA VELHA,
14029337000136,QUINTINO CUNHA,
14046849000100,AMADEU FURTADO,
14049920000109,BONSUCESSO,
14051181000190,GUAJIRU,
14052704000112,BOA VISTA,
14060827000103,PARQUELANDIA,
14060951000160,PICI,
14061571000140,BARRA DO CEARA,
14075547000160,PREFEITO JOSE WALTER,
14083127000126,PARQUE GENIBAU,
14094328000129,HENRIQUE JORGE,
14101095000144,CAIS DO PORTO,
14113777000177,BOM JARDIM,
14114272000127,GRANJA PORTUGAL,
14127304000129,SERRINHA,
14128076000101,CIDADE DOS FUNCIONARIOS,
14133863000141,RODOLFO TEOFILO,
14134243000127,MANUEL SATIRO,
14135069000137,JACARECANGA,
14135496000115,CRISTO REDENTOR,
14135717000155,ALVARO WEYNE,
14139789000170,CAIS DO PORTO,
14140809000123,ALVARO WEYNE,
14144405000108,JANGURUSSU,
14160335000181,CIDADE 2000,
14163508000115,PARREAO,
14164141000154,FLORESTA,
14178379000139,PARQUE DOIS IRMAOS,
14179714000113,CANINDEZINHO,
14186507000196,MONDUBIM,
14191128000194,PREFEITO JOSE WALTER,
14192542000118,ITAPERI,
14195731000144,PARQUELANDIA,
14196337000120,MONTE CASTELO,
14198573000186,PARQUELANDIA,
14199659000123,HENRIQUE JORGE,
14199834000182,PEDRAS,
14201812000100,PREFEITO JOSE WALTER,
14207034000166,BARRA DO CEARA,
14216177000134,BARROSO,
14221439000159,JANGURUSSU,
14228602000105,SERRINHA,
14228801000113,CRISTO REDENTOR,
14235549000170,PADRE ANDRADE,
14245003000108,JARDIM AMERICA,
14246063000137,VICENTE PINZON,
14246217000190,DIAS MACEDO,
14248103000180,JOSE BONIFACIO,
14261940000149,ITAPERI,
14262985000138,JOSE DE ALENCAR,
14264719000144,BARRA DO CEARA,
14276312000137,CONJUNTO CEARA,
14279531000170,CONJUNTO CEARA,
14279934000119,CURIO,
14291589000139,DEMOCRITO ROCHA,
14302362000141,PREFEITO JOSE WALTER,
14305440000161,JANGURUSSU,
14305954000117,JOQUEI CLUBE,
14322617000138,PARQUELANDIA,
14322624000130,ENGENHEIRO LUCIANO CAVALCANTE,
14323563000125,JARDIM GUANABARA,
14325761000128,ALDEOTA,
14340572000124,JOQUEI CLUBE,
14345190000193,SAPIRANGA,
14352024000114,CONJUNTO ESPERANCA,
14353246000151,EDSON QUEIROZ,
14353854000166,SERRINHA,
14360757000109,MONTE CASTELO,
14363026000109,PAN AMERICANO,
14368134000174,CONJUNTO CEARA,
14374545000172,ANTONIO BEZERRA,
14380050000156,ITAPERI,
14384126000111,PARQUELANDIA,
14385849000135,HENRIQUE JORGE,
14389666000198,MONTE CASTELO,
14394234000175,VICENTE PINZON,
14395000000142,GRANJA PORTUGAL,
14395063000107,GRANJA PORTUGAL,
14396636000109,PICI,
14401497000164,MONTESE,
14401915000113,BOM FUTURO,
14407821000151,PEDRAS,
14408659000196,MESSEJANA,
14413515000128,SERRINHA,
14429111000122,JARDIM AMERICA,
14433289000147,VILA VELHA,
14433894000118,RODOLFO TEOFILO,
14438563000170,CENTRO,
14438633000190,ALDEOTA,
14445895000182,HENRIQUE JORGE,
14445920000128,PRESIDENTE KENNEDY,
14448425000172,RODOLFO TEOFILO,
14457729000104,MESSEJANA,
14467171000130,PARANGABA,
14470841000177,VILA VELHA,
14480170000125,ALDEOTA,
14481838000159,JANGURUSSU,
14484639000102,CONJUNTO CEARA,
14490290000103,DIONISIO TORRES,
14493144000131,PRAIA DE IRACEMA,
14496101000100,EDSON QUEIROZ,ROBERTO SANDRO ALMEIDA GONDIM
14499110000154,BARRA DO CEARA,
14500768000139,JACARECANGA,
14510083000173,VARJOTA,
14527137000103,CAJAZEIRAS,
14529454000169,MONTE CASTELO,
14529679000115,BENFICA,
14533649000182,GRANJA LISBOA,
14534361000122,PADRE ANDRADE,
14534636000128,SAO JOAO DO TAUAPE,
14538385000150,ARACAPE,
14552578000165,GRANJA PORTUGAL,
14558665000120,PARANGABA,
14562211000122,VILA VELHA,
14564246000109,MARAPONGA,
14564626000135,VILA VELHA,
14567617000106,MARAPONGA,
14576355000138,PARQUE SANTA MARIA,
14576533000120,JOAQUIM TAVORA,
14578084000150,JOSE DE ALENCAR,
14583385000171,PARQUE GENIBAU,
14592654000166,JOAQUIM TAVORA,
14593186000144,AUTRAN NUNES,
14594192000116,GRANJA LISBOA,
14599696000129,JOAQUIM TABORA,
14600392000134,ITAOCA,
14614377000145,CENTRO,
14615764000104,SERRINHA,
14627818000143,JOAQUIM TAVORA,
14627940000110,MONDUBIM,
14635662000142,JARDIM IRACEMA,
14638370000163,SERRINHA,
14639027000133,ALVARO WEYNE,
14644803000193,BOM JARDIM,
14651701000103,CANINDEZINHO,
14656868000159,MANUEL SATIRO,
14657614000155,JARDIM DAS OLIVEIRAS,
14668533000150,ALDEOTA,
14671784000194,PARQUE GENIBAU,
14673939000121,MONTESE,
14679405000102,VILA VELHA,
14682747000181,JACARECANGA,
14682820000115,RODOLFO TEOFILO,
14690443000166,CURIO,
14693381000146,ENGENHEIRO LUCIANO CAVALCANTE,
14696149000161,BELA VISTA,
14702897000100,VILA VELHA,
14704238000102,CENTRO,
14710572000179,ITAOCA,
14718064000137,QUINTINO CUNHA,
14719593000155,ANTONIO BEZERRA,
14724391000100,MESSEJANA,
14729435000186,MONDUBIM,
14729477000117,CIDADE DOS FUNCIONARIOS,
14735712000163,CENTRO,
14750366000192,BELA VISTA,
14760595000198,ALDEOTA,
14764749000110,SERRINHA,
14765096000193,JANGURUSSU,
14767572000105,BOM JARDIM,
14787729000164,PARQUE SAO JOSE,
14828001000133,DEMOCRITO ROCHA,
14830200000186,PARQUE DOIS IRMAOS,
14834546000152,CENTRO,
14838149000159,JARDIM IRACEMA,
14838165000141,FLORESTA,
14844510000150,CANINDEZINHO,
14845528000176,FATIMA,
14847793000193,JARDIM AMERICA,
14851177000106,GRANJA PORTUGAL,
14852653000103,LAGOA REDONDA,
14855682000129,HENRIQUE JORGE,
14855855000109,ITAPERI,
14858913000158,BARRA DO CEARA,
14862581000185,ALDEOTA,
14864795000190,BONSUCESSO,
14875070000106,PARQUELANDIA,
14898876000101,BOM JARDIM,
14899039000105,BOM JARDIM,
14913722000141,AMADEU FURTADO,
14921003000172,VICENTE PINZON,
14922982000183,SIQUEIRA,
14926970000127,FATIMA,
14936246000184,MONTESE,AMANDA SOUZA DA SILVA
14943980000170,BARRA DO CEARA,
14945328000195,PARQUE SAO JOSE,
14947371000190,GRANJA LISBOA,
14952959000131,CENTRO,
14956722000129,PICI,
14958001000158,PEDRAS,
14961849000136,ANTONIO BEZERRA,
14962399000104,CAJAZEIRAS,
14962691000119,MANUEL SATIRO,
14967333000107,HENRIQUE JORGE,
14972435000102,FARIAS BRITO,
14974854000183,QUINTINO CUNHA,
14975131000107,MONTESE,ANA ESTHER RIBEIRO DA SILVA
14976802000146,JACARECANGA,
14977407000188,BARRA DO CEARA,
14994226000160,SERRINHA,
15003352000178,AEROPORTO,
15003441000114,PARANGABA,
15003682000163,VICENTE PINZON,
15014796000109,ITAOCA,
15015867000198,PRESIDENTE KENNEDY,
15022609000139,JARDIM DAS OLIVEIRAS,
15031007000148,JOQUEI CLUBE,
15038432000169,PREFEITO JOSE WALTER,
15039350000139,MESSEJANA,
15041579000108,PARQUELANDIA,
15043873000159,MONTE CASTELO,
15046375000160,DEMOCRITO ROCHA,
15047480000113,BOM JARDIM,
15057122000191,PAPICU,
15058222000132,PRAIA DE IRACEMA,
15074229000148,ITAPERI,
15081572000110,CIDADE 2000,ORSERLANE FERREIRA REBOUCAS
15100331000170,PLANALTO AYRTON SENNA,
15100792000143,PARQUE MANIBURA,
15102485000100,CENTRO,
15106114000198,PARQUELANDIA,
15111633000144,QUINTINO CUNHA,
15122219000130,BOM FUTURO,
15127621000108,VILA UNIAO,
15137957000151,BONSUCESSO,
15142507000157,MANUEL SATIRO,
15151216000125,PARQUE IRACEMA,
15170671000178,MANUEL SATIRO,
15175209000163,MONTESE,
15176031000175,CANINDEZINHO,
15177238000164,JANGURUSSU,
15177992000102,CONJUNTO ESPERANCA,
15182666000185,FARIAS BRITO,
15201125000157,ALTO DA BALANCA,
15202205000127,JACARECANGA,
15209053000194,PRESIDENTE KENNEDY,
15213993000157,BENFICA,
15214632000125,VICENTE PINZON,RENATA PEREIRA ANDRADE
15227405000134,COUTO FERNANDES,
15230567000121,CAJAZEIRAS,
15241825000175,ANTONIO BEZERRA,
15246015000101,QUINTINO CUNHA,
15246706000105,ALDEOTA,
15246955000109,MONDUBIM,
15283547000119,SAO JOAO DO TAUAPE,
15285218000107,JANGURUSSU,
15288163000199,CIDADE DOS FUNCIONARIOS,
15290328000167,PREFEITO JOSE WALTER,
15293870000173,CENTRO,
15301081000137,BARRA DO CEARA,
15304019000107,CARLITO PAMPLONA,
15304038000125,QUINTINO CUNHA,
15328634000145,PARQUE GENIBAU,
15331171000170,CENTRO,
15332080000150,PARREAO,
15332565000143,DIONISIO TORRES,
15332668000103,PAPICU,
15346702000107,CIDADE 2000,
15348557000195,JOSE WALTER,
15354414000196,JANGURUSSU,
15377990000159,PRESIDENTE KENNEDY,
15390162000150,PARANGABA,
15391979000143,VILA UNIAO,
15394867000146,JANGURUSSU,
15400719000197,MANUEL SATIRO,
15405133000115,CENTRO,
15413550000100,CONJUNTO CEARA,
15419309000198,PASSARE,
15425635000108,BOM JARDIM,
15432657000103,MONDUBIM,
15434938000197,CAMBEBA,
15462118000109,JACARECANGA,
15462627000131,PADRE ANDRADE,
15462769000107,ALDEOTA,
15463966000132,PREFEITO JOSE WALTER,
15481475000114,JOSE BONIFACIO,
15482838000136,PARQUE SANTA MARIA,
15488619000164,MESSEJANA,GILVANIA AMORIM SANTANA
15497171000145,FATIMA,
15497715000179,PARQUE IRACEMA,
15503359000159,PICI,
15517230000108,SAO BENTO,
15522389000102,MESSEJANA,
15527794000113,JOAO XXIII,
15531394000181,PARQUELANDIA,
15536140000156,MONTESE,
15536472000130,PLANALTO AYRTON SENNA,
15557466000160,MONDUBIM,
15562370000190,CAIS DO PORTO,
15562742000188,ANTONIO DIOGO,
15563464000183,MONTESE,
15564570000181,JANGURUSSU,
15568807000100,CRISTO REDENTOR,
15573432000169,DIAS MACEDO,
15592029000187,SERRINHA,
15606037000135,BARRA DO CEARA,
15621946000142,CIDADE DOS FUNCIONARIOS,
15623471000123,VILA VELHA,
15625740000190,JANGURUSSU,
15626635000176,AEROLANDIA,
15630431000109,CIDADE DOS FUNCIONARIOS,JASSO DA SILVA DOS SANTOS
15634984000130,EDSON QUEIROZ,
15638873000100,MONDUBIM,
15641626000154,VICENTE PINZON,
15645801000181,MANUEL SATIRO,
15647569000110,GRANJA PORTUGAL,
15650442000150,MESSEJANA,
15650758000142,PRESIDENTE KENNEDY,
15655804000104,LAGOA REDONDA,
15657746000140,JARDIM AMERICA,
15664586000166,PASSARE,
15682070000144,CONJUNTO ESPERANCA,
15694893000190,CIDADE 2000,
15697922000177,CENTRO,
15717558000160,SERRINHA,
15725771000113,JACARECANGA,
15727318000146,SERRINHA,
15736719000162,CENTRO,
15741293000135,ANTONIO BEZERRA,
15752498000116,CIDADE DOS FUNCIONARIOS,
15753150000143,GUARARAPES,JOSE SERGIO AUSTREGESILO LINS
15758424000197,MONDUBIM,
15758893000106,MONTE CASTELO,
15765699000158,PREFEITO JOSE WALTER,
15771691000102,VILA VELHA,
15772229000111,COCO,
15788951000144,VILA UNIAO,
15800847000128,CENTRO,
15806428000101,MONDUBIM,
15811594000198,SERRINHA,
15825843000102,ALTO DA BALANCA,
15826083000140,SAO BENTO,VIVIANE RODRIGUES DE LIMA
15834744000189,SIQUEIRA,
15835355000178,JARDIM DAS OLIVEIRAS,
15837429000105,JANGURUSSU,
15838617000158,CENTRO,
15840112000128,PARANGABA,FRANCISCA ELINI ALVES FORTE
15844539000102,ALVARO WEYNE,
15862800000199,BARRA DO CEARA,
15866636000198,JARDIM GUANABARA,
15875380000185,MONTESE,
15925694000145,MONDUBIM,
15931866000193,MANOEL DIAS BRANCO,
15989093000104,CENTRO,
16307494000191,LAGOA REDONDA,
16370166000130,DAMAS,
16416442000153,CENTRO,
16437015000151,VICENTE PINZON,
16479132000188,CENTRO,
16491229000106,MUCURIPE,
16493580000136,ALVARO WEYNE,
16500525000126,PICI,
16549566000107,PLANALTO AYRTON SENNA,
16550137000150,ALDEOTA,
16554091000147,SIQUEIRA,
16562749000162,PIRAMBU,
16569446000171,ALVARO WEYNE,
16570932000100,GRANJA LISBOA,
16579159000142,CAMBEBA,MARIO CELIO LIMA BARBOSA
16582012000101,PASSARE,
16585729000107,JARDIM CEARENSE,NATIELE SOUSA DE FREITAS
16590197000104,VILA PERI,
16593651000172,PAN AMERICANO,
16605688000173,ALDEOTA,
16616631000170,DEMOCRITO ROCHA,
16637826000104,DOM LUSTOSA,
16637971000187,JOAQUIM TAVORA,
16638281000142,CARLITO PAMPLONA,
16648095000194,PARQUELANDIA,KESSIA ADRIANA DE SOUZA ARAUJO
16648836000137,PARQUE SANTA MARIA,
16652052000182,CONJUNTO PALMEIRAS,
16652705000123,ALVARO WEYNE,
16654710000175,VARJOTA,
16683139000117,CRISTO REDENTOR,
16694883000117,CIDADE DOS FUNCIONARIOS,MANOEL SOLON GONCALVES NETO
16703897000150,VILA VELHA,
16707651000156,MONDUBIM,
16708595000174,ANCURI,
16717502000178,CAMBEBA,
16721636000162,MONDUBIM,
16729441000169,PASSARE,
16729464000173,PICI,VANESSA DE ANDRADE SANTANA
16734997000143,GRANJA PORTUGAL,
16745345000104,PREFEITO JOSE WALTER,
16746691000107,HENRIQUE JORGE,
16749166000145,ANTONIO DIOGO,
16753885000130,ANTONIO BEZERRA,
16760322000179,GRANJA LISBOA,
16761410000195,VICENTE PINZON,
16774560000133,BOM JARDIM,
16777889000158,MUCURIPE,
16784666000118,VILA UNIAO,
16793082000109,BARRA DO CEARA,
16796415000153,QUINTINO CUNHA,
16798391000171,PARQUE SAO JOSE,
16804978000146,SAPIRANGA,
16811029000193,SAPIRANGA,
16818837000182,JACARECANGA,
16820203000164,RODOLFO TEOFILO,
16820456000138,BONSUCESSO,MARIA DE FATIMA ALVES DE SOUSA
16829887000165,BONSUCESSO,
16830284000183,BONSUCESSO,
16830430000170,MONTESE,
16841929000183,JOQUEI CLUBE,
16844067000142,PARQUE SAO JOSE,
16845682000173,CANINDEZINHO,
16857296000100,JANGURUSSU,
16859120000189,NOVO MONDUBIM,
16864949000170,QUINTINO CUNHA,
16873103000104,PARQUE SAO JOSE,
16876204000120,MONTESE,
16880681000160,ANTONIO BEZERRA,
16881478000108,MONTE CASTELO,
16892867000139,CENTRO,
16894689000185,JOAQUIM TAVORA,
16896610000155,VILA ELLERY,
16899048000113,AEROLANDIA,
16908522000126,MESSEJANA,
16916309000166,MONDUBIM,
16921893000148,BARRA DO CEARA,
16922864000109,CIDADE DOS FUNCIONARIOS,
16926547000152,CAMBEBA,
16934352000154,VICENTE PINZON,
16939416000100,FLORESTA,
16943922000172,PRESIDENTE KENNEDY,
16957929000143,GRANJA PORTUGAL,
16959214000120,VILA VELHA,
16967334000179,JACARECANGA,
16974729000107,BONSUCESSO,
16998404000156,PRAIA DE IRACEMA,
17001485000130,MONTESE,
17001963000102,PASSARE,
17002497000180,ALVARO WEYNE,
17014210000131,BARRA DO CEARA,
17015552000176,MONDUBIM,
17019565000113,JANGURUSSU,
17029970000112,MESSEJANA,
17032824000146,ALVARO WEYNE,
17040663000132,SAO JOAO DO TAUAPE,
17041259000183,VILA UNIAO,
17041539000191,PASSARE,
17043808000159,VICENTE PINZON,
17052270000149,MESSEJANA,
17052431000102,LAGOA REDONDA,
17052836000132,MONDUBIM,
17055602000149,CAIS DO PORTO,
17059224000171,VICENTE PINZON,
17062629000169,BARRA DO CEARA,
17062651000109,HENRIQUE JORGE,
17065005000103,BARROSO,
17065056000127,BARROSO,
17083740000131,BOA VISTA,
17094520000103,GUAJIRU,
17101511000100,VILA UNIAO,
17112530000124,PARANGABA,
17126404000129,BONSUCESSO,
17127407000187,GRANJA LISBOA,
17127938000170,VICENTE PINZON,
17131185000176,JARDIM GUANABARA,
17142312000132,PARQUE SANTA ROSA,
17142820000110,SIQUEIRA,
17148903000117,VILA VELHA,
17156695000106,PARQUE DOIS IRMAOS,
17157201000108,LAGOA REDONDA,
17164121000171,MANUEL SATIRO,
17167647000105,PARQUE SAO JOSE,
17169562000166,VICENTE PINZON,
17175519000103,ALTO DA BALANCA,
17176201000147,Maraponga -Jardim Cearense,
17177475000150,SAO GERARDO,
17178176000130,CIDADE DOS FUNCIONARIOS,
17182100000189,EDSON QUEIROZ,
17184873000102,CONJUNTO ESPERANCA,
17186021000146,FATIMA,
17187948000109,AEROLANDIA,
17190842000156,PARREAO,
17191368000187,NOVO MONDUBIM,
17194008000139,CONJUNTO PALMEIRAS,
17194017000120,CAJAZEIRAS,
17196620000140,JARDIM DAS OLIVEIRAS,
17228824000116,ANTONIO BEZERRA,
17237317000149,MONTE CASTELO,
17237865000179,MESSEJANA,
17243694000190,ANTONIO BEZERRA,
17250981000128,GRANJA LISBOA,
17260614000105,GUAJIRU,
17275370000134,SERRINHA,
17300171000139,PRESIDENTE KENNEDY,
17304856000153,PRESIDENTE KENNEDY,WEVERTON JONI PEREIRA
17307644000120,PARQUE IRACEMA,
17308896000173,BARRA DO CEARA,
17309757000164,MEIRELES,MANUELA FELIX DA SILVA
17318386000187,MONTESE,
17338420000185,PASSARE,
17348284000104,COUTO FERNANDES,
17349477000180,ALVARO WEYNE,
17361553000172,MANUEL SATIRO,
17373352000195,MESSEJANA,
17375207000143,PARANGABA,
17382402000109,SAO JOAO DO TAUAPE,
17384087000140,GRANJA LISBOA,
17399490000143,ALDEOTA,ADRIANA DE ABREU PORFIRIO
17400273000126,ANCURI,
17409177000149,ANTONIO DIOGO,
17413090000145,JARDIM CEARENSE,
17416093000132,PREFEITO JOSE WALTER,
17416250000100,MESSEJANA,
17418024000168,MESSEJANA,
17418380000181,FARIAS BRITO,
17419864000145,JANGURUSSU,
17421383000174,PARREAO,
17428104000102,PAUPINA,
17436508000130,CENTRO,
17441405000168,SIQUEIRA,
17441594000179,PARANGABA,
17445417000160,AMADEU FURTADO,
17449710000104,JARDIM DAS OLIVEIRAS,
17458345000196,GRANJA PORTUGAL,
17459095000109,MESSEJANA,
17460482000165,EDSON QUEIROZ,
17460716000174,CONJUNTO CEARA,
17461008000158,FATIMA,
17462206000136,QUINTINO CUNHA,
17462593000100,BONSUCESSO,
17463161000114,PASSARE,
17464525000180,BARRA DO CEARA,
17472557000128,CIDADE DOS FUNCIONARIOS,
17478464000100,RODOLFO TEOFILO,
17480167000108,PADRE ANDRADE,
17485874000189,MEIRELES,
17495162000140,ALDEOTA,
17495290000194,MEIRELES,
17499689000143,VILA VELHA,
17507588000177,BARROSO,
17509133000190,BARRA DO CEARA,
17509291000140,GRANJA LISBOA,
17517089000160,JANGURUSSU,
17525294000178,MONTE CASTELO,
17540051000109,JOAQUIM TAVORA,
17564015000185,COACU,
17578885000103,SERRINHA,MARIA ROSIMAR DA SILVA OLIVEIRA XIMENES
17585828000151,PARQUE GENIBAU,
17586796000109,VICENTE PINZON,
17588473000154,VILA ELLERY,
17590832000108,SAO JOAO DO TAUAPE,
17594506000179,CURIO,
17614104000199,SAO JOAO DO TAUAPE,
17617699000136,BELA VISTA,
17621894000130,HENRIQUE JORGE,
17641304000130,MUCURIPE,
17643837000151,PREFEITO JOSE WALTER,
17644623000108,MUCURIPE,
17646295000170,PLANALTO AYRTON SENNA,
17651269000130,CONJUNTO ESPERANCA,
17652788000113,QUINTINO CUNHA,
17653081000121,BOM JARDIM,
17657955000119,ALDEOTA,CAROLINE MAGALHAES SANTOS
17659664000160,VILA PERI,
17662801000115,PARQUE GENIBAU,
17674462000197,CAIS DO PORTO,
17679298000100,CENTRO,
17680532000110,SERRINHA,
17682730000112,SERRINHA,
17686751000106,CRISTO REDENTOR,
17693087000122,CIDADE DOS FUNCIONARIOS,
17695181000110,BELA VISTA,
17700041000193,RODOLFO TEOFILO,
17712600000185,JOAO XXIII,
17715646000158,JARDIM CEARENSE,
17720602000116,MONDUBIM,
17721235000175,CENTRO,
17723211000155,PARQUE MANIBURA,LUCIA CEZARIO DA SILVA
17723331000152,PICI,
17733165000175,FLORESTA,
17744406000181,JARDIM IRACEMA,
17745923000175,JARDIM DAS OLIVEIRAS,
17747224000164,JACARECANGA,
17749576000159,FATIMA,
17753561000164,COCO,LUA DA SILVA FROTA
17756796000100,MONDUBIM,
17764509000103,SERRINHA,
17783160000157,ANTONIO BEZERRA,
17785109000184,LAGOA REDONDA,
17788802000100,MONDUBIM,
17819284000145,EDSON QUEIROZ,
17820973000170,BOM JARDIM,
17826312000151,ENGENHEIRO LUCIANO CAVALCANTE,
17827529000186,PAPICU,
17841632000180,TAUAPE,
17843366000125,CIDADE 2000,
17845423000105,VILA VELHA,
17846919000101,PARQUE MANIBURA,
17849997000151,HENRIQUE JORGE,
17855017000123,JOQUEI CLUBE,
17860840000127,JARDIM CEARENSE,
17868039000128,VILA UNIAO,
17885546000170,ANTONIO BEZERRA,
17888591000188,SAPIRANGA,
17897287000105,PAN AMERICANO,
17897848000168,PAUPINA,MIKAELLA LIMA RODRIGUES
17913571000110,PARQUE IRACEMA,
17925475000191,CRISTO REDENTOR,
17926639000103,CONJUNTO ESPERANCA,
17929053000194,CENTRO,
17945367000180,PICI,
17945873000170,SAO JOAO DO TAUAPE,CARLOS BRUNO MIRANDA DO NASCIMENTO
17949125000165,MONDUBIM,
17969307000106,BONSUCESSO,
17974097000136,MONTE CASTELO,
17975813000108,BOM JARDIM,
17975857000120,MONDUBIM,
17982250000177,MONTESE,
17992480000117,PAN AMERICANO,
17995287000130,JOQUEI CLUBE,MARIA VANESSA DA SILVA
18001759000154,MESSEJANA,
18003444000146,BARROSO,
18004475000111,JOAQUIM TAVORA,
18004781000158,GRANJA LISBOA,
18013823000117,CENTRO,
18013831000163,CENTRO,
18026109000163,PREFEITO JOSE WALTER,
18026491000105,CRISTO REDENTOR,
18032799000163,ANTONIO BEZERRA,
18032969000100,CAIS DO PORTO,
18036744000121,CANINDEZINHO,
18039577000172,BENFICA,
18045099000103,VILA VELHA,
18050162000108,PADRE ANDRADE,
18050197000139,PARQUELANDIA,
18052353000109,PARREAO,MARIA DO SOCORRO DE SOUSA MACEDO
18052680000152,PARREAO,
18053198000137,PARQUE DOIS IRMAOS,
18053935000100,MONDUBIM,
18055287000112,CONJUNTO CEARA,
18055385000150,SAO JOAO DO TAUAPE,
18068621000172,PAPICU,
18069105000162,CONJUNTO CEARA,
18070428000176,BENFICA,
18075544000188,CENTRO,
18077399000174,CENTRO,
18097757000100,PREFEITO JOSE WALTER,
18099269000132,CARLITO PAMPLONA,
18100068000108,MUCURIPE,
18100509000171,MEIRELES,ELIANE GURGEL FREIRE
18116563000105,PARQUE IRACEMA,
18124524000150,FATIMA,
18127468000107,ALDEOTA,
18137436000192,CRISTO REDENTOR,
18144688000149,HENRIQUE JORGE,
18145807000188,MONDUBIM,
18150853000175,ITAPERI,
18153428000130,PAPICU,
18154233000104,MONDUBIM,
18156821000187,BARROSO,
18163554000175,MESSEJANA,
18166000000121,JARDIM DAS OLIVEIRAS,
18170855000126,VILA PERI,
18173020000120,CONJUNTO CEARA,
18174354000118,PARANGABA,
18189964000195,MONDUBIM,
18190393000109,MANOEL DIAS BRANCO,
18191463000143,NOVO MONDUBIM,
18192836000109,PREFEITO JOSE WALTER,
18195223000117,GRANJA LISBOA,
18204112000120,PICI,
18215742000108,BARRA DO CEARA,
18216975000117,CAIS DO PORTO,
18218753000133,SIQUEIRA,
18219604000199,MEIRELES,
18220976000135,VILA UNIAO,
18227848000113,PAUPINA,
18238788000134,PRESIDENTE KENNEDY,
18240558000100,AMADEU FURTADO,
18245806000105,PARANGABA,
18249443000186,VILA VELHA,
18260137000140,EDSON QUEIROZ,
18263066000130,CRISTO REDENTOR,
18268410000183,MONDUBIM,
18276465000135,GUARARAPES,
18300105000121,SAO JOAO DO TAUAPE,
18306077000150,AEROPORTO,
18310832000170,VILA UNIAO,
18313828000165,ANTONIO BEZERRA,
18317549000170,CONJUNTO CEARA,
18317871000107,PARQUELANDIA,
18318229000134,MONTE CASTELO,
18332971000102,BOM JARDIM,
18333009000180,MONTESE,
18337745000106,SALINAS,
18340509000149,MESSEJANA,
18352350000182,ALVARO WEYNE,
18358385000129,RODOLFO TEOFILO,
18360182000177,PICI,
18390290000192,LAGOA REDONDA,
18391199000191,PARQUE DOIS IRMAOS,
18394120000186,CONJUNTO PALMEIRAS,
18394131000166,PARANGABA,
18394161000172,CENTRO,
18395326000120,VILA VELHA,
18400987000105,QUINTINO CUNHA,
18401795000105,CRISTO REDENTOR,
18404151000170,DEMOCRITO ROCHA,
18411569000105,PREFEITO JOSE WALTER,
18413512000145,AMADEU FURTADO,
18419034000180,CIDADE DOS FUNCIONARIOS,
18419890000136,VICENTE PINZON,
18420665000110,HENRIQUE JORGE,DEJANICE DOS SANTOS RAMOS
18420982000136,FATIMA,
18425575000111,MANUEL SATIRO,
18430722000141,VILA ELLERY,
18431374000127,MANOEL DIAS BRANCO,
18432839000164,DEMOCRITO ROCHA,
18438570000123,MONTE CASTELO,
18441407000110,CENTRO,
18460403000189,ALDEOTA,JOAQUIM FERREIRA BARBOSA NETO
18465565000100,PARANGABA,
18466469000186,BENFICA,TEREZA MONICA DIOGO CAVALCANTE
18472667000152,MONDUBIM,
18478489000177,PAN AMERICANO,
18480647000123,PADRE ANDRADE,
18481332000109,PARQUE SAO JOSE,
18482159000155,MARAPONGA,
18483794000157,ENGENHEIRO LUCIANO CAVALCANTE,
18487490000168,ITAOCA,
18487989000175,QUINTINO CUNHA,
18488136000158,CAMBEBA,
18489540000146,SAPIRANGA-COITE,
18492391000174,DEMOCRITO ROCHA,
18492490000156,VILA PERI,
18499091000117,CAIS DO PORTO,
18507358000170,PAPICU,
18511195000108,JOAQUIM TAVORA,
18520586000180,CONJUNTO CEARA,
18526549000180,CIDADE 2000,
18534457000141,PARQUE MANIBURA,
18538194000149,SAO BENTO,
18544121000160,RODOLFO TEOFILO,
18549075000191,JANGURUSSU,
18549730000101,VILA VELHA,
18550099000160,PARANGABA,
18555731000169,JOAQUIM TAVORA,
18557817000120,JACARECANGA,
18559741000172,JARDIM DAS OLIVEIRAS,
18560262000176,FATIMA,
18561750000106,EDSON QUEIROZ,
18562267000138,QUINTINO CUNHA,
18564127000107,JOQUEI CLUBE,
18566964000167,JANGURUSSU,
18571235000107,MESSEJANA,
18576461000172,PARQUE DOIS IRMAOS,
18578035000178,MONDUBIM,
18579288000166,CIDADE 2000,
18581527000112,VILA ELLERY,
18582085000129,JACARECANGA,
18587120000100,PASSARE,
18594964000170,COACU,
18599834000120,PLANALTO AYRTON SENNA,
18601004000190,DENDE,
18610439000100,ITAPERI,
18613789000111,OLAVO OLIVEIRA,
18616943000109,PARREAO,
18617075000181,JOAQUIM TAVORA,
18626819000124,QUINTINO CUNHA,
18637177000169,JOQUEI CLUBE,
18637695000182,PARQUE ARAXA,
18642382000112,PARANGABA,
18643104000180,VILA VELHA,
18648177000164,BELA VISTA,
18655732000185,PARANGABA,
18656023000114,BARRA DO CEARA,
18657264000188,CIDADE 2000,
18657659000180,JOSE BONIFACIO,
18661061000165,JARDIM DAS OLIVEIRAS,
18661818000110,VARJOTA,
18663083000164,PARQUE SAO JOSE,
18666207000165,ALVARO WEYNE,
18670017000111,CANINDEZINHO,
18670495000121,FATIMA,ROSEMARY ARAUJO DA SILVA
18679586000128,ENG.LUCIANO CAVALCANTE,LINDY MARY ARAGAO CORDEIRO
18701303000105,JOAO XXIII,VIVIANE MACHADO SALES MATOS
18703086000184,PICI,
18703877000104,SALINAS,
18712502000100,CONJUNTO CEARA,
18736144000176,DAMAS,
18737985000106,EDSON QUEIROZ,
18740413000178,PARQUE SANTA ROSA,
18743827000150,LAGOA REDONDA,
18745385000181,CURIO,
18746855000121,CIDADE DOS FUNCIONARIOS,
18758286000134,PARQUE IRACEMA,MARIA VERAMIR RAMOS DA SILVA
18766313000110,MARAPONGA,
18772603000177,JOQUEI CLUBE,
18780761000179,MONTESE,
18799381000186,CARLITO PAMPLONA,
18799482000157,JARDIM DAS OLIVEIRAS,
18809338000154,JARDIM DAS OLIVEIRAS,
18812178000100,SABIAGUABA,
18833395000179,VILA VELHA,
18833859000147,VILA VELHA,
18840417000128,VILA PERI,
18841503000155,BOM JARDIM,
18849194000160,ALDEOTA,
18858401000142,ALDEOTA,
18864752000166,BARRA DO CEARA,
18874286000108,VILA ELLERY,
18881894000131,LAGOA REDONDA,
18891926000180,BONSUCESSO,
18895950000197,SERRINHA,
18899496000142,SAPIRANGA / COITE,ARTHUR RIBEIRO DE HOLANDA
18900749000150,JARDIM CEARENSE,JAQUELINE PEREIRA LIMA ALVES ARRUDA
18908542000122,MESSEJANA,
18909584000188,ITAPERI,
18921855000110,MONTESE,
18922346000102,LAGOA REDONDA,
18922700000107,JOAQUIM TAVORA,
18925132000190,VICENTE PINZON,
18928488000187,CIDADE DOS FUNCIONARIOS,
18933482000106,ALVARO WEYNE,
18938271000158,ITAPERI,
18945096000126,CURIO,
18958212000141,ALVARO WEYNE,
18960778000108,FLORESTA,
18969296000119,MESSEJANA,
18982584000103,PARQUELANDIA,
18995953000100,ALTO ALEGRE,
18996756000106,PICI,
19000943000142,PARQUE IRACEMA,
19018714000155,RODOLFO TEOFILO,
19021433000151,PAPICU,
19021721000106,PARQUE DOIS IRMAOS,
19025144000120,CONJUNTO CEARA,
19039974000107,MANUEL SATIRO,
19042110000144,MONTESE,PAULO MATHEUS ALVES BEZERRA
19043735000120,SAPIRANGA,
19043800000118,VICENTE PINZON,
19069198000198,PARQUE SAO JOSE,
19070084000168,VICENTE PINZON,
19071592000160,BOM JARDIM,
19076715000156,MONDUBIM,
19077646000103,ALDEOTA,
19083197000106,PARANGABA,
19084287000103,JARDIM DAS OLIVEIRAS,
19088239000193,VILA ELLERY,
19102230000190,BARROSO,
19102831000100,DEMOCRITO ROCHA,
19109706000114,JANGURUSSU,
19119272000133,PARQUELANDIA,
19121131000155,CAMBEBA,CAMILA NOGUEIRA SILVA FERREIRA
19121767000105,JANGURUSSU,
19122470000156,CIDADE 2000,
19131386000107,GRANJA LISBOA,
19134941000146,MONTE CASTELO,
19135455000142,PARQUE GENIBAU,
19139789000194,GRANJA PORTUGAL,JULIANA DE FATIMA DA SILVA TEIXEIRA
19143391000121,PARQUELANDIA,
19145411000101,MANOEL DIAS BRANCO,
19146024000181,MONTE CASTELO,
19154461000147,MONTE CASTELO,
19159688000185,BARROSO,
19166231000106,CAIS DO PORTO,
19180664000108,EDSON QUEIROZ,
19198669000168,JARDIM IRACEMA,
19199107000139,JOQUEI CLUBE,
19199791000159,GRANJA PORTUGAL,
19215270000148,PREFEITO JOSE WALTER,
19218483000123,SIQUEIRA,
19226084000104,CENTRO,
19234662000154,SIQUEIRA,MARIA ELIANE MELO DOS SANTOS FILHA
19247523000165,CARLITO PAMPLONA,
19252544000179,CENTRO,
19257680000151,BOA VISTA,
19257714000108,AMADEU FURTADO,
19259140000107,PASSARE,
19275140000109,VICENTE PINZON,
19285047000177,PARANGABA,
19302477000150,JARDIM DAS OLIVEIRAS,
19305260000101,LAGOA REDONDA,EMEILZA MARIA TRIGUEIRO DOS SANTOS
19309109000133,BOA VISTA,
19313687000143,MARAPONGA,
19314123000125,JARDIM AMERICA,
19316854000100,MANUEL DIAS BRANCO,
19320304000164,ALVARO WEYNE,
19335106000174,DOM LUSTOSA,
19337999000197,CENTRO,
19347918000130,CENTRO,
19349056000184,ALVARO WEYNE,
19354970000113,DEMOCRITO ROCHA,
19355249000148,CIDADE DOS FUNCIONARIOS,
19357939000136,PARANGABA,
19360773000107,QUINTINO CUNHA,
19362495000127,GUAJIRU,
19375030000100,DIONISIO TORRES,ROGERIO RACHID PONTES DA SILVA
19375905000174,MUCURIPE,
19381104000111,PRESIDENTE KENNEDY,
19383614000128,PADRE ANDRADE,
19384075000141,DIONISIO TORRES,
19384679000198,PRESIDENTE KENNEDY,
19385204000116,MEIRELES,
19395871000180,FARIAS BRITO,
19397004000183,MONDUBIM,
19407971000189,BARRA DO CEARA,
19411492000136,GRANJA LISBOA,
19413724000195,PARANGABA,
19418374000150,PAPICU,
19430246000121,MEIRELES,
19430409000176,COCO,
19432206000119,MESSEJANA,
19433348000109,RODOLFO TEOFILO,
19437139000125,ALDEOTA,NARA TEIXEIRA ABREU
19455599000186,PASSARE,
19456787000129,ANTONIO BEZERRA,
19463036000130,COACU,
19464618000130,CRISTO REDENTOR,
19476255000153,SAPIRANGA,
19483545000124,SAPIRANGA,
19483761000170,MOURA BRASIL,
19488194000144,MEIRELES,MARIA ELIETE CAROLINO MESQUITA
19497191000177,PARQUE PRESIDENTE VARGAS,
19498771000189,CARLITO PAMPLONA,
19515784000119,JANGURUSSU,
19516308000112,ALVARO WEYNE,
19517525000127,PARREAO,
19517726000124,ANTONIO BEZERRA,
19527762000179,BARRA DO CEARA,
19529949000101,MONTE CASTELO,
19542633000150,ALDEOTA,
19548230000118,SAO GERARDO,
19551552000116,SALINAS,
19553978000109,SIQUEIRA,
19556097000141,CONJUNTO ESPERANCA,
19556823000126,EDSON QUEIROZ,LUCAS FELIPE ALMEIDA DE VASCONCELOS
19562330000107,QUINTINO CUNHA,
19586229000188,PREFEITO JOSE WALTER,
19587388000105,PAN AMERICANO,
19591757000125,ALTO DA BALANCA,
19600356000194,MONDUBIM,
19601008000131,CONJUNTO ESPERANCA,
19606604000104,CIDADE DOS FUNCIONARIOS,
19613149000174,CENTRO,
19616405000187,PARANGABA,
19633226000158,FARIAS BRITO,
19638624000167,TAUAPE,MARIA REGILENE ANDRADE DA MOTA
19642364000101,JOAQUIM TAVORA,
19674325000188,ALVARO WEYNE,
19674379000143,MEIRELES,
19682436000136,FATIMA,
19689404000162,SAO JOAO DO TAUAPE,
19692325000100,MESSEJANA,
19695996000125,PAN AMERICANO,
19696159000110,JOAQUIM TAVORA,
19696969000177,CURIO,
19713859000176,CRISTO REDENTOR,
19717245000162,MONDUBIM,
19717592000195,EDSON QUEIROZ,
19720514000140,VILA VELHA,
19726761000153,JANGURUSSU,
19728352000196,AUTRAN NUNES,
19728571000175,VICENTE PINZON,
19731700000184,JOAQUIM TAVORA,
19732740000140,MONTE CASTELO,
19734218000106,EDSON QUEIROZ,JANAINA SILVA DOS SANTOS CARVALHO
19735816000191,AUTRAN NUNES,
19737257000159,VILA UNIAO,
19741687000144,CONJUNTO CEARA,
19750279000159,ALDEOTA,
19750434000137,ALDEOTA,
19751113000157,VILA VELHA,
19754895000188,PREFEITO JOSE WALTER,
19756924000140,BONSUCESSO,
19764063000142,PASSARE,
19774229000101,BOM FUTURO,
19776926000100,HENRIQUE JORGE,
19779581000130,GRANJA LISBOA,
19784026000104,CURIO,
19789523000197,BOM JARDIM,
19791964000123,JOSE WALTER,
19795180000173,MESSEJANA,
19800248000165,BOM JARDIM,
19804619000187,ENGENHEIRO LUCIANO CAVALCANTE,
19823311000189,HENRIQUE JORGE,
19828981000198,BOM FUTURO,
19829049000180,CAJAZEIRAS,
19833956000100,PREFEITO JOSE WALTER,
19836370000191,MESSEJANA,
19839247000124,GRANJA PORTUGAL,
19848534000109,JOAQUIM TAVORA,
19850851000151,GRANJA PORTUGAL,
19853544000124,JANGURUSSU,
19854493000155,NOVO MONDUBIM,
19855732000191,DIONISIO TORRES,
19859277000100,CENTRO,
19865985000146,ENGENHEIRO LUCIANO CAVALCANTE,
19871443000186,ANTONIO BEZERRA,
19872777000174,PASSARE,MARGARIDA JUCIARA FREIRE ALMEIDA
19873349000166,ANTONIO BEZERRA,
19873912000104,MONTESE,
19877552000100,JACARECANGA,
19881486000142,CIDADE DOS FUNCIONARIOS,
19883049000168,SAPIRANGA,
19889553000175,JARDIM DAS OLIVEIRAS,
19891315000102,MONTESE,
19903704000100,MONDUBIM,
19916892000101,NOVO MONDUBIM,
19925550000140,MONDUBIM,
19929251000183,CAJAZEIRAS,
19930118000147,CENTRO,
19935549000104,EDSON QUEIROZ,
19935787000101,VICENTE PINZON,
19949240000165,CENTRO,
19949944000138,MESSEJANA,
19954115000143,ANTONIO DIOGO,
19958300000106,PASSARE,
19968867000163,JOSE BONIFACIO,
19970717000194,PRAIA DE IRACEMA,
19975600000101,HENRIQUE JORGE,
19976258000156,PARQUE GENIBAU,
19985956000118,BENFICA,
19989713000158,SAPIRANGA,
19996079000180,PARQUE IRACEMA,
19996558000105,GRANJA PORTUGAL,
20004265000175,SERRINHA,
20038746000100,ALVARO WEYNE,
20040337000130,ENGENHEIRO LUCIANO CAVALCANTE,JOAO PAULO CARVALHO DE LIMA CAVALCANTI
20047896000171,MONDUBIM,
20055928000180,MUCURIPE,
20058337000167,MARAPONGA,
20061879000199,MESSEJANA,
20065378000180,ANTONIO DIOGO,
20068000000130,PARQUE SANTA ROSA,
20068103000109,BARRA DO CEARA,
20073405000167,PARQUE DOIS IRMAOS,
20073555000170,PREFEITO JOSE WALTER,
20079923000198,MESSEJANA,MARCELO SILVA DOS SANTOS
20083397000130,BOM FUTURO,
20087514000133,JANGURUSSU,
20108747000175,PARANGABA,
20113094000112,PARANGABA,
20120724000186,JARDIM DAS OLIVEIRAS,
20127642000163,PLANALTO AYRTON SENNA,
20131424000100,JACARECANGA,
20138016000172,PICI,
20143623000120,GRANJA PORTUGAL,
20143677000196,VILA PERI,
20148710000170,PARQUE GENIBAU,
20152425000123,PLANALTO AYRTON SENNA,
20174428000168,LAGOA REDONDA,
20184217000106,CONJUNTO ESPERANCA,
20186850000133,DAMAS,
20189282000124,PLANALTO AYRTON SENNA,
20195200000154,FATIMA,
20201509000100,CENTRO,
20205997000123,CENTRO,
20217875000157,SAPIRANGA,
20223857000188,ALVARO WEYNE,
20228786000106,PARQUE DOIS IRMAOS,
20234686000192,ALDEOTA,
20235672000193,JOSE BONIFACIO,
20239543000173,CONJUNTO CEARA,
20245428000101,ANTONIO BEZERRA,
20247951000177,BARRA DO CEARA,
20248130000155,HENRIQUE JORGE,
20248629000162,JOAO XXIII,
20260151000196,CAMBEBA,
20260234000185,PASSARE,
20263872000150,FARIAS BRITO,
20268675000123,ALDEOTA,ANA ALICE MARQUES GUILHERME
20271252000162,PASSARE,
20275646000199,VICENTE PINZON,
20280161000193,CARLITO PAMPLONA,
20285715000145,PLANALTO AYRTON SENNA,
20294102000174,ALVARO WEYNE,
20297423000122,CENTRO,
20304818000105,VILA UNIAO,
20307511000168,CARLITO PAMPLONA,
20310269000181,CONJUNTO CEARA,
20314489000183,AMADEU FURTADO,
20314651000163,CENTRO,
20314922000180,MONTE CASTELO,
20315635000195,JOSE DE ALENCAR,
20317100000153,CIDADE DOS FUNCIONARIOS,
20318704000114,ANTONIO DIOGO,
20321895000173,VICENTE PINZON,
20322984000134,CONJUNTO PALMEIRAS,
20333493000199,MEIRELES,MARIA MIMOSA LIMA
20335903000130,MARAPONGA,
20341034000157,JARDIM AMERICA,
20350360000120,BARROSO,
20355078000136,PRESIDENTE KENNEDY,
20362103000109,MESSEJANA,
20363216000129,CONJUNTO CEARA,
20364166000102,FATIMA,
20364366000157,CENTRO,
20365142000160,PAPICU,ELISANGELA SOUSA DO NASCIMENTO
20365236000139,CENTRO,
20367879000111,BONSUCESSO,
20376110000160,QUINTINO CUNHA,
20377291000149,CAMBEBA,
20379002000140,PARQUE DOIS IRMAOS,ANTONIO ANGELO PEREIRA VIEIRA
20380656000194,PRESIDENTE KENNEDY,
20391018000179,CAMBEBA,
20393242000108,VICENTE PINZON,
20393622000134,MEIRELES,
20394826000190,ALDEOTA,PAULA COSTA JOCA
20395981000120,CONJUNTO CEARA,
20398047000162,VICENTE PINZON,
20405711000153,MONDUBIM,
20409325000130,BOM FUTURO,
20410375000137,ANTONIO DIOGO,
20456084000180,CARLITO PAMPLONA,
20467508000101,VILA VELHA,
20477566000116,VILA VELHA,
20505310000175,EDSON QUEIROZ,
20510082000121,EDSON QUEIROZ,
20510273000193,PARQUE SANTA MARIA,
20521653000123,AMADEU FURTADO,
20522055000179,AUTRAN NUNES,
20533363000108,PAPICU,
20538983000121,JOQUEI CLUBE,
20544477000145,PIRAMBU,
20589507000130,JOAQUIM TAVORA,FRANCISCA VASCONCELOS REBOUCAS
20591486000197,QUINTINO CUNHA,
20617324000180,EDSON QUEIROZ,
20623586000158,ALDEOTA,
20631401000157,MONDUBIM,
20635101000146,ALDEOTA,
20639739000155,PADRE ANDRADE,
20641428000120,VILA VELHA,
20641671000149,JARDIM DAS OLIVEIRAS,
20643001000161,PARQUE MANIBURA,
20645235000148,CIDADE DOS FUNCIONARIOS,
20651363000102,VILA PERI,
20651689000121,HENRIQUE JORGE,
20658567000167,PREFEITO JOSE WALTER,
20658642000190,MESSEJANA,
20675325000181,AMADEU FURTADO,
20678228000142,CENTRO,
20681738000179,SAPIRANGA,
20689834000163,ENGENHEIRO LUCIANO CAVALCANTE,
20691111000107,MARAPONGA,
20691407000110,JARDIM GUANABARA,
20697775000175,BELA VISTA,
20704732000170,VICENTE PINZON,
20708860000191,PARQUE SANTA ROSA,
20709899000123,PASSARE,
20711042000148,PREFEITO JOSE WALTER,
20717315000161,MESSEJANA,
20717744000139,BOM JARDIM,
20720705000190,CONJUNTO PALMEIRAS,
20751362000121,PARQUE ARAXA,
20755330000102,NOVO MONDUBIM,
20760384000158,MONDUBIM,REBECA SOUSA DA SILVA
20774367000170,CONJUNTO ESPERANCA,
20775056000125,PARQUE ARAXA,
20775780000159,HENRIQUE JORGE,
20775948000126,CIDADE 2000,
20776638000126,CAIS DO PORTO,
20777056000164,JOQUEI CLUBE,ROBERTO WILSON DAS CHAGAS FILHO
20778005000157,AEROLANDIA,
20783728000144,JANGURUSSU,
20785661000187,CIDADE DOS FUNCIONARIOS,
20787259000131,SERRINHA,
20789587000177,ALVARO WEYNE,
20791006000131,GRANJA PORTUGAL,
20792310000101,VICENTE PINZON,
20794521000175,CONJUNTO CEARA II,
20795116000171,SAPIRANGA,
20797374000197,PAUPINA,
20797550000190,MONDUBIM,
20802495000180,AEROLANDIA,
20807121000157,MONDUBIM,GISELLE VALES DE LIMA
20809768000118,CONJUNTO CEARA,
20812879000183,BONSUCESSO,
20824780000100,CENTRO,
20827377000126,JOQUEI CLUBE,
20833192000124,RODOLFO TEOFILO,
20834948000150,JANGURUSSU,
20840274000104,COCO,
20853774000172,PIRAMBU,
20855661000106,PARREAO,MARIA ZENEIDE RODRIGUES ROCHA
20855736000159,SIQUEIRA,
20857469000159,VILA PERI,
20860033000119,MANOEL SATIRO,
20861843000190,CONJUNTO CEARA,
20865534000198,CENTRO,
20890733000156,PARQUE IRACEMA,
20907596000115,PLANALTO AYRTON SENNA,MARIA ELISANGELA LEMOS ROMAO
20908304000169,JARDIM AMERICA,
20913092000108,CARLITO PAMPLONA,
20914003000148,CONJUNTO CEARA,
20917935000144,HENRIQUE JORGE,
20929875000180,SAPIRANGA,
20932023000141,MONTE CASTELO,
20943683000128,HENRIQUE JORGE,
20945955000129,JARDIM CEARENSE,
20950485000191,ANTONIO BEZERRA,
20954027000120,MEIRELES,
20959794000122,ANCURI,
20959929000150,PARQUE GENIBAU,
20962630000154,PLANALTO AYRTON SENNA,
20971910000129,MESSEJANA,
20973271000130,PASSARE,
20979775000168,LAGOA REDONDA,
20980071000105,MUCURIPE,
20983976000139,SAO JOAO DO TAUAPE,
20984006000158,MUCURIPE,
20986504000130,CENTRO,
20987162000172,CONJUNTO CEARA,
20987776000154,COUTO FERNANDES,
20991240000102,JARDIM DAS OLIVEIRAS,
20993558000122,AEROLANDIA,
20998821000176,LAGOA REDONDA,
21003133000191,VILA VELHA,
21006203000165,JANGURUSSU,
21012345000135,SAO BENTO,
21012573000105,MONDUBIM,
21019502000134,CAIS DO PORTO,
21028997000168,PARQUELANDIA,
21029936000115,PREFEITO JOSE WALTER,
21031204000160,ALDEOTA,
21031929000158,JOAO XXIII,
21034370000110,MONDUBIM,
21036321000116,CIDADE 2000,
21041497000166,BOM JARDIM,
21045514000133,PASSARE,
21054271000108,PASSARE,
21054296000101,AEROLANDIA,
21057078000112,MEIRELES,
21059125000167,PARQUE DOIS IRMAOS,
21059885000174,AEROPORTO,
21060384000108,CANINDEZINHO,
21063381000128,GUAJIRU,
21069639000101,CONJUNTO CEARA,
21081383000140,CENTRO,
21082242000141,GRANJA PORTUGAL,
21088921000128,PARANGABA,
21090042000130,PASSARE,
21100148000178,JARDIM IRACEMA,
21105456000196,EDSON QUEIROZ,
21109266000147,PLANALTO AYRTON SENNA,
21122281000125,PARQUE IRACEMA,
21128864000163,ARACAPE,
21129095000118,PARQUE GENIBAU,
21130206000106,EDSON QUEIROZ,
21131665000104,JANGURUSSU,
21149713000191,PEDRAS,
21149816000151,CENTRO,
21150183000100,VILA VELHA,
21155637000127,JANGURUSSU,
21157032000175,ALTO DA BALANCA,
21162294000128,PASSARE,
21168969000146,CIDADE DOS FUNCIONARIOS,
21188886000119,PASSARE,
21188988000134,PICI,
21192630000185,JARDIM IRACEMA,
21192696000175,JANGURUSSU,
21198923000170,ALDEOTA,
21199113000138,PAUPINA,
21203472000111,SiQUEIRA,
21211954000113,BARRA DO CEARA,
21212194000169,DIAS MACEDO,
21219473000154,MANUEL SATIRO,
21219898000163,PARQUE GENIBAU,
21223857000140,OLAVO OLIVEIRA,
21229009000149,CENTRO,AGNALDO ALVES CAVALCANTE
21231416000190,ANCURI,
21231731000118,ANTONIO BEZERRA,
21233073000101,PARQUE PRESIDENTE VARGAS,
21235570000130,EDSON QUEIROZ,
21236296000114,GUAJIRU,
21250699000118,JARDIM DAS OLIVEIRAS,
21259244000163,BONSUCESSO,
21269571000104,DIAS MACEDO,
21270151000130,BOM FUTURO,
21279539000100,JOQUEI CLUBE,
21281819000144,VILA PERI,MAYRLA DA SILVA VIEIRA
21289924000120,MONDUBIM,
21292796000173,MARAPONGA,
21293088000157,SAPIRANGA,
21293107000145,JANGURUSSU,
21295962000195,PLANALTO AYRTON SENNA,
21296760000168,JOQUEI CLUBE,
21297243000103,CENTRO,
21297649000196,PARQUE DOIS IRMAOS,
21302418000123,MEIRELES,
21312340000128,PASSARE,
21318334000188,JARDIM IRACEMA,
21321090000192,HENRIQUE JORGE,
21328702000179,PREFEITO JOSE WALTER,
21328889000100,SERRINHA,
21331190000108,QUINTINO CUNHA,
21332022000129,PEDRAS,
21332039000186,ENGENHEIRO LUCIANO CAVALCANTE,
21339834000953,PAPICU,CAIO AMILCAR ULISSES DE CARVALHO JUNIOR
21341525000160,JOSE BONIFACIO,
21355873000197,VILA VELHA,
21357123000154,MEIRELES,
21368429000106,ITAPERI,
21369627000194,CAMBEBA,
21370308000107,GUAJIRU,
21371221000146,MOURA BRASIL,
21374785000132,BARRA DO CEARA,
21376289000118,SAO BENTO,
21382729000140,MONDUBIM,YNGRID EVANGELISTA ARRAES
21391739000141,NOVO MONDUBIM,
21401466000179,PADRE ANDRADE,
21402186000185,SERRINHA,
21411906000179,SAO JOAO DO TAUAPE,
21418524000177,GRANJA LISBOA,
21420985000184,PADRE ANDRADE,
21438097000199,PARQUE DOIS IRMAOS,
21444040000100,MONDUBIM,
21450013000132,PARQUE MANIBURA,
21458375000170,VILA PERI,
21461299000151,HENRIQUE JORGE,
21463924000102,BARRA DO CEARA,
21471009000150,JOSE BONIFACIO,
21476736000100,FATIMA,
21488701000191,BONSUCESSO,
21497131000104,MEIRELES,
21499052000124,CRISTO REDENTOR,
21500706000192,SAPIRANGA,
21500986000139,CONJUNTO ESPERANCA,
21506564000170,MONTESE,
21515528000173,PARREAO,
21520149000171,ALDEOTA,
21523822000127,MOURA BRASIL,
21529114000101,MESSEJANA,
21533087000132,MUCURIPE,
21533318000108,PARANGABA,
21535605000157,GUAJIRU,
21536629000120,ALDEOTA,
21538786000175,CAIS DO PORTO,
21543171000137,SERRINHA,
21545357000125,DAMAS,
21546305000173,CAMBEBA,
21558920000108,VILA UNIAO,
21558940000170,JANGURUSSU,
21562226000156,COCO,
21565003000142,JARDIM DAS OLIVEIRAS,
21567277000170,JARDIM AMERICA,
21575468000184,BARRA DO CEARA,
21578009000154,JANGURUSSU,
21585825000195,PREFEITO JOSE WALTER,
21594034000121,BOM FUTURO,
21594474000189,LAGOA REDONDA,
21628013000180,HENRIQUE JORGE,
21636917000157,AUTRAN NUNES,
21640280000172,GUARARAPES,IVO CORREIA DE ALBUQUERQUE
21640927000166,CONJUNTO PALMEIRAS,
21660120000195,MONTE CASTELO,
21660627000149,JARDIM DAS OLIVEIRAS,
21663016000154,PARQUE ARAXA,
21668198000156,SERRINHA,
21668386000184,CENTRO,
21672626000114,PARQUE SANTA ROSA,
21673813000112,PARQUE SANTA ROSA,
21675429000159,BARRA DO CEARA,
21675721000171,ALTO DA BALANCA,
21683075000194,PARQUE GENIBAU,
21687394000178,VILA VELHA,
21693723000193,ANTONIO DIOGO,
21702452000195,COACU,ANA PAULA DOS SANTOS CARNEIRO CHAVES
21704290000124,PARQUELANDIA,
21707550000115,PARQUELANDIA,
21709323000129,PAUPINA,
21715383000154,BARRA DO CEARA,
21716572000141,CIDADE DOS FUNCIONARIOS,
21732264000100,PICI,
21738386000103,CONJUNTO CEARA I,
21740215000119,PASSARE,
21744394000162,JOAQUIM TAVORA,
21745965000183,AEROLANDIA,
21755809000101,ENGENHEIRO LUCIANO CAVALCANTE,
21755967000153,ALDEOTA,
21759500000181,MEIRELES,
21765348000140,ARACAPE,
21767726000124,GRANJA LISBOA,
21770336000103,AUTRAN NUNES,
21774580000144,JANGURUSSU,
21778315000134,CONJUNTO CEARA,
21784571000134,BONSUCESSO,
21790923000164,CONJUNTO CEARA,
21791241000176,PARQUE MANIBURA,JULIENNY TIMOTEO BARBOSA GUIMARAES ALVES
21793912000138,DIAS MACEDO,
21794299000173,BELA VISTA,
21794319000106,CANINDEZINHO,
21794614000162,EDSON QUEIROZ,
21795096000100,PASSARE,
21795382000167,PAUPINA,
21802882000189,MESSEJANA,
21805865000103,PARQUE MANIBURA,
21814209000169,CONJUNTO ESPERANCA,
21817392000156,MESSEJANA,
21822151000103,MONDUBIM,
21823989000103,CONJUNTO CEARA,
21824868000186,SALINAS,
21828865000110,CURIO,
21829299000161,CIDADE 2000,
21829419000120,VILA VELHA,
21832970000123,ALVARO WEYNE,
21833879000122,CONJUNTO CEARA,
21834679000194,PEDRAS,
21837183000174,ITAPERI,
21839798000130,MESSEJANA,
21840023000184,SAO BENTO,
21840043000155,JANGURUSSU,
21849076000166,VILA ELLERY,
21849679000168,PEDRAS,
21862096000177,PAPICU,
21862390000189,PASSARE,
21862993000180,CURIO,
21868034000172,JOSE DE ALENCAR,
21871112000198,DENDE,
21883339000153,PARREAO,
21883981000132,FARIAS BRITO,
21896292000162,SAO JOAO DO TAUAPE,
21898165000100,CIDADE DOS FUNCIONARIOS,RAFAEL LIMA CUNHA
21904874000143,PASSARE,
21909010000114,CAIS DO PORTO,
21909560000133,PARANGABA,
21910176000150,PARANGABA,
21913135000118,PARQUE GENIBAU,
21920359000157,PARQUE DOIS IRMAOS,
21920716000187,SIQUEIRA,
21922496000120,JARDIM GUANABARA,
21923087000149,BARRA DO CEARA,
21924049000100,PATRIOLINO RIBEIRO,
21924788000100,MESSEJANA,
21927544000173,HENRIQUE JORGE,
21930761000112,SAPIRANGA-COITE,MARIA ERLANIA DE SOUZA VIANA
21933427000112,CONJUNTO CEARA I,
21936024000127,HENRIQUE JORGE,
21936212000155,SIQUEIRA,
21940247000168,ENGENHEIRO LUCIANO CAVALCANTE,
21945620000173,MONTESE,
21946051000180,BOM FUTURO,
21946894000187,MONTE CASTELO,
21948045000162,CENTRO,
21956304000105,SERRINHA,
21957542000127,MONDUBIM,
21958702000152,ALTO DA BALANCA,
21966351000121,MONDUBIM,
21979052000121,SIQUEIRA,
21980378000179,PARANGABA,
21984024000100,ANTONIO BEZERRA,
21986148000117,JARDIM DAS OLIVEIRAS,
21988657000189,PRESIDENTE KENNEDY,
21989980000177,PLANALTO AYRTON SENNA,
21991366000140,ENGENHEIRO LUCIANO CAVALCANTE,
22011835000180,PARQUE SAO JOSE,
22014657000140,VARJOTA,
22014796000174,JARDIM CEARENSE,
22015938000118,BOM FUTURO,
22033768000102,MANUEL SATIRO,
22035945000181,ALVARO WEYNE,
22041624000190,ALDEOTA,RODRIGO DINIZ DE CARVALHO
22046514000110,ALDEOTA,LUCIA BERGI
22049618000189,VILA ELLERY,
22057490000103,PARQUE GENIBAU,
22058698000139,SERRINHA,DAYANE DIAS DA FONSECA
22060202000161,JARDIM AMERICA,
22061464000140,JARDIM CEARENSE,
22062832000175,FATIMA,
22066017000184,BOM JARDIM,
22067412000181,DIONISIO TORRES,JOSEANY SILVA DE SOUSA
22069988000188,PAUPINA,
22071321000110,SAO BENTO,
22073917000159,MONDUBIM,
22077805000176,MESSEJANA,
22090413000147,PIRAMBU,
22100889000111,QUINTINO CUNHA,
22102999000112,SAPIRANGA,
22111845000197,SAPIRANGA,
22112179000101,PARQUE SANTA MARIA,
22128511000126,PICI,
22135688000150,BENFICA,
22138320000145,BOM FUTURO,
22150521000168,JANGURUSSU,
22150897000172,JANGURUSSU,
22151012000150,VILA VELHA,
22167636000165,DAMAS,
22168860000171,MESSEJANA,
22174560000103,AEROPORTO,
22181863000145,MUCURIPE,
22184195000100,CIDADE DOS FUNCIONARIOS,
22184435000176,PARQUELANDIA,
22190825000159,VILA PERI,
22201004000170,PIRAMBU,
22202992000172,PARQUE MANIBURA,
22203045000104,FLORESTA,
22212968000114,JANGURUSSU,
22215283000121,QUINTINO CUNHA,
22224045000182,ANCURI,
22229845000196,MEIRELES,
22231113000130,SIQUEIRA,
22231936000166,PARANGABA,
22234024000148,BARRA DO CEARA,
22238941000109,JARDIM AMERICA,
22246548000159,CIDADE 2000,
22246828000167,MESSEJANA,
22252145000112,HENRIQUE JORGE,
22264773000118,CIDADE 2000,PRICILA PEREIRA FEITOSA
22277349000108,ANTONIO DIOGO,
22277861000154,ARACAPE,
22289418000101,ALDEOTA,ADRIANA DE ABREU PORFIRIO
22298364000132,LAGOA REDONDA,
22304601000120,SERRINHA,
22324307000180,MUCURIPE,
22326258000115,VILA VELHA,
22327653000112,PARQUE SANTA ROSA,
22329852000160,COCO,
22341847000172,PREFEITO JOSE WALTER,
22347477000180,SERRINHA,
22353703000136,PRAIA DE IRACEMA,
22357103000146,AMADEU FURTADO,
22367547000162,CRISTO REDENTOR,
22370600000184,BARRA DO CEARA,
22371674000135,PLANALTO AYRTON SENNA,
22373521000127,SIQUEIRA,
22377732000138,CENTRO,
22380425000106,VICENTE PINZON,
22393280000188,MEIRELES,
22393793000199,JOAQUIM TAVORA,
22410162000130,VILA UNIAO,
22410592000152,SAO BENTO,
22419747000111,ALDEOTA,
22420238000109,BELA VISTA,
22426285000160,SERRINHA,
22427046000124,DENDE,
22428333000159,GRANJA LISBOA,
22431699000187,CAMBEBA,
22433149000105,JANGURUSSU,
22433909000176,CENTRO,
22434154000124,BELA VISTA,
22437663000100,VICENTE PINZON,
22438192000155,CANINDEZINHO,
22442746000198,PREFEITO JOSE WALTER,
22447347000110,MONTESE,
22447497000123,BARRA DO CEARA,
22448940000180,ALDEOTA,
22450158000104,BOA VISTA,
22451990000117,PARQUE DOIS IRMAOS,
22452421000196,PREFEITO JOSE WALTER,
22456781000166,VICENTE PINZON,
22461265000120,PAUPINA,
22463763000101,SAPIRANGA,
22463880000175,SIQUEIRA,
22464645000118,JOAQUIM TAVORA,
22465258000104,VARJOTA,
22467949000139,CAJAZEIRAS,
22474772000106,FARIAS BRITO,
22481518000127,RODOLFO TEOFILO,
22483438000100,ITAPERI,
22483910000105,FARIAS BRITO,
22485074000106,JANGURUSSU,
22493789000100,MONDUBIM,
22494610000121,ALTO DA BALANCA,
22501037000136,CAMBEBA,
22501436000105,CAMBEBA,
22512984000122,PLANALTO AYRTON SENNA,
22513247000144,VILA ELLERY,
22517444000131,PARANGABA,
22517633000104,PICI,
22521625000131,SAO JOAO DO TAUAPE,
22525651000138,CONJUNTO CEARA,
22532057000174,PARQUE SANTA MARIA,
22553792000164,CONJUNTO PALMEIRAS,
22556636000157,CRISTO REDENTOR,
22557719000160,MONDUBIM,
22559305000170,BARRA DO CEARA,
22562129000126,CAJAZEIRAS,
22566456000156,PIRAMBU,
22567322000150,PLANALTO AYRTON SENNA,
22567935000197,MUCURIPE,
22577966000129,JARDIM IRACEMA,
22577974000175,LAGOA REDONDA,
22582113000185,MESSEJANA,
22586957000102,PARQUE PRESIDENTE VARGAS,
22587306000129,VILA UNIAO,
22594759000182,PAN AMERICANO,
22596435000183,PAN AMERICANO,
22598342000198,MESSEJANA,
22598485000108,BARROSO,
22599798000172,QUINTINO CUNHA,
22600234000102,QUINTINO CUNHA,
22607705000104,CARLITO PAMPLONA,
22608668000159,ITAPERI,
22610728000178,CENTRO,
22616244000136,BARROSO,
22616795000108,BOA VISTA,
22622356000108,PAPICU,
22625207000194,CONJUNTO CEARA II,
22627570000149,VILA VELHA,
22632782000114,BARROSO,
22639995000178,ANCURI,
22640845000184,CIDADE 2000,
22646060000119,CAMBEBA,
22646636000148,ITAPERI,
22648647000167,ARACAPE,
22649311000119,ALDEOTA,
22652024000168,DIONISIO TORRES,
22654332000122,SAPIRANGA,
22655407000190,MESSEJANA,
22655571000105,MUCURIPE,
22663578000160,COACU,
22665062000155,MONTESE,
22670108000124,CENTRO,
22670311000109,PADRE ANDRADE,
22671384000107,JANGURUSSU,
22672960000130,ALDEOTA,
22677147000153,MESSEJANA,
22683471000184,RODOLFO TEOFILO,
22683899000127,PARQUE ARAXA,
22694185000114,CONJUNTO PALMEIRAS,FRANCISCO IVAN GOMES FREIRE FILHO
22694185000203,JANGURUSSU,FRANCISCO IVAN GOMES FREIRE FILHO
22696091000184,LAGOA REDONDA,
22702201000173,LAGOA REDONDA,
22711924000139,PARQUE IRACEMA,
22712958000148,BONSUCESSO,
22712982000187,CANINDEZINHO,
22715945000122,FARIAS BRITO,
22716886000107,BARRA DO CEARA,
22721524000104,CAMBEBA,
22724511000199,MANUEL SATIRO,
22729448000183,SERRINHA,
22735588000164,SERRINHA,
22738464000132,JOQUEI CLUBE,
22739418000158,MUCURIPE,EDILEUZA MARIA FEITOSA DE CEIA
22740850000169,ANTONIO DIOGO,
22741679000102,JARDIM AMERICA,
22745581000123,MONTE CASTELO,
22749560000186,VILA PERI,
22752481000124,BARROSO,
22757542000146,JARDIM IRACEMA,
22758941000121,PARQUELANDIA,
22771784000194,ALTO DA BALANCA,
22777420000111,PEDRAS,
22778133000126,JARDIM AMERICA,
22778276000138,JANGURUSSU,
22789454000126,CANINDEZINHO,
22789703000183,MONDUBIM,
22790529000199,PASSARE,
22790771000162,JOAQUIM TAVORA,
22791736000168,SERRINHA,
22793133000103,ANTONIO BEZERRA,
22793157000154,GRANJA PORTUGAL,
22794122000130,JOAQUIM TAVORA,
22796001000127,FATIMA,
22801007000145,PARQUELANDIA,
22801461000104,BARROSO,
22802337000155,VILA ELLERY,
22802704000110,DIAS MACEDO,
22813887000170,PAN AMERICANO,
22816431000163,SAPIRANGA / COITE,
22835757000138,JARDIM CEARENSE,
22835776000164,BARRA DO CEARA,
22836622000197,NOVO MONDUBIM,
22845303000148,ARACAPE,
22852046000171,CONJUNTO ESPERANCA,
22852375000112,GRANJA LISBOA,
22860933000191,PREFEITO JOSE WALTER,
22861003000152,PARQUELANDIA,
22862108000126,MONDUBIM,
22862964000181,CANINDEZINHO,
22863897000110,PARQUE PRESIDENTE VARGAS,
22870440000132,VILA UNIAO,
22882086000166,CENTRO,ANTONIA CLEIDIANA PEREIRA DE SOUSA
22883886000100,BARRA DO CEARA,
22890150000150,PIRAMBU,
22891344000170,MONDUBIM,
22892727000163,SAO JOAO DO TAUAPE,
22895190000195,PASSARE,
22903404000128,ALTO DA BALANCA,
22911711000150,MEIRELES,
22913122000101,MEIRELES,
22913308000160,PLANALTO AYRTON SENNA,
22920627000101,VICENTE PINZON,
22922067000116,FLORESTA,
22931888000119,ALVARO WEYNE,
22932125000192,LAGOA REDONDA,
22938607000150,BOM JARDIM,
22950242000189,CIDADE DOS FUNCIONARIOS,
22953494000161,PARQUELANDIA,
22959032000151,PAN AMERICANO,
22959619000160,MONTESE,
22970287000115,JOQUEI CLUBE,
22970825000171,CONJUNTO CEARA,
22978816000127,CONJUNTO PALMEIRAS,
22979139000161,BARROSO,
22980918000187,PREFEITO JOSE WALTER,
22982863000144,FLORESTA,
22984577000118,SAO BENTO,
22997085000167,SERRINHA,
23000197000164,JANGURUSSU,
23002153000173,MONTESE,
23002539000185,ENGENHEIRO LUCIANO CAVALCANTE,
23014172000110,VILA VELHA,
23014674000140,JANGURUSSU,
23015473000168,HENRIQUE JORGE,
23018360000116,JOAQUIM TAVORA,
23019070000197,CIDADE DOS FUNCIONARIOS,
23020189000180,PARQUELANDIA,
23025025000145,MONDUBIM,
23037295000176,VILA VELHA,
23037447000130,PARQUE MANIBURA,
23040167000181,LAGOA REDONDA,
23045236000140,JARDIM AMERICA,
23047717000194,JOQUEI CLUBE,
23049013000150,ENGENHEIRO LUCIANO CAVALCANTE,
23052570000120,BONSUCESSO,
23063063000192,GRANJA PORTUGAL,
23064197000128,VILA PERI,
23066372000116,VICENTE PINZON,
23066511000101,MUCURIPE,
23071006000155,MEIRELES,
23082102000107,DAMAS,
23083567000174,CAJAZEIRAS,
23084785000123,BONSUCESSO,
23093752000140,PARQUE DOIS IRMAOS,
23100245000196,CENTRO,
23108408000187,BARRA DO CEARA,
23118770000139,EDSON QUEIROZ,
23120856000104,PASSARE,
23123604000120,PAUPINA,
23124957000145,PARQUE DOIS IRMAOS,
23132184000149,SAPIRANGA-COITE,
23140178000133,PARQUE SANTA MARIA,
23142942000100,JARDIM IRACEMA,
23144490000103,CENTRO,
23146477000185,JARDIM DAS OLIVEIRAS,
23152433000168,SALINAS,
23158516000164,VICENTE PINZON,
23165159000161,BARRA DO CEARA,
23187103000108,PARQUELANDIA,FRANCISCO WESKLEY DA SILVA NOBRE
23189297000180,JANGURUSSU,
23197397000159,PARQUELANDIA,
23202240000174,RODOLFO TEOFILO,
23213761000127,CURIO,
23216900000176,CIDADE DOS FUNCIONARIOS,
23223125000186,VARJOTA,
23223879000136,MONTE CASTELO,
23234585000100,PASSARE,
23235177000172,COCO,
23235638000107,MONDUBIM,
23235867000121,OLAVO OLIVEIRA,
23239989000196,HENRIQUE JORGE,
23247647000118,PASSARE,
23248399000120,CANINDEZINHO,
23252922000191,MESSEJANA,
23254169000173,ALDEOTA,JOSE ANCHIETA DE ANDRADE GOMES
23256489000162,JOSE BONIFACIO,
23263444000115,MEIRELES,
23268921000135,MONDUBIM,
23276360000116,LAGOA REDONDA,
23277257000190,MONDUBIM,
23283707000158,BOA VISTA,
23288795000180,MONTE CASTELO,
23296013000155,GRANJA LISBOA,
23302422000117,JARDIM GUANABARA,
23305135000160,HENRIQUE JORGE,
23310405000121,PICI,
23314114000101,HENRIQUE JORGE,
23321308000134,RODOLFO TEOFILO,
23327796000197,GRANJA PORTUGAL,FRANCISCO REGINALDO DA SILVA
23331860000103,ITAOCA,
23338047000165,COUTO FERNANDES,
23338662000171,EDSON QUEIROZ,
23342412000105,MUCURIPE,
23356866000135,CONJUNTO CEARA,
23358479000138,BARROSO,
23359874000135,EDSON QUEIROZ,
23362438000115,PARQUE GENIBAU,
23368326000171,SAPIRANGA / COITE,ANTONIO GLEIO ARAUJO DE SOUSA
23369906000183,SIQUEIRA,
23371907000162,CONJUNTO CEARA,
23388667000109,MUCURIPE,
23388808000193,CIDADE DOS FUNCIONARIOS,
23390848000170,DAMAS,
23391285000134,SERRINHA,
23394960000189,ENGENHEIRO LUCIANO CAVALCANTE,
23403508000136,ITAPERI,
23412536000110,PAUPINA,
23416560000127,MONDUBIM,
23437183000102,CIDADE DOS FUNCIONARIOS,
23445384000151,BARRA DO CEARA,
23445616000171,MESSEJANA,
23445775000176,BONSUCESSO,
23446647000147,GRANJA LISBOA,
23462443000108,DIONISIO TORRES,
23463641000188,BARRA DO CEARA,
23464020000119,CARLITO PAMPLONA,
23464391000109,GRANJA LISBOA,
23466143000199,JARDIM DAS OLIVEIRAS,
23475846000183,MONDUBIM,
23476480000167,CENTRO,
23481807000199,DIONISIO TORRES,INGRID REINERMANN GERDING
23485840000197,ALDEOTA,MARIA DA CONCEICAO DE MACEDO MATOS
23511472000104,CARLITO PAMPLONA,
23512342000196,BOM JARDIM,
23531871000137,ITAOCA,
23535542000164,CIDADE DOS FUNCIONARIOS,
23537901000112,GUAJIRU,
23539857000180,MEIRELES,MAURICIO FRANCISCO DOS SANTOS
23540041000176,PRESIDENTE KENNEDY,
23541551000168,SIQUEIRA,
23542672000124,MONTE CASTELO,
23544960000118,MEIRELES,
23549694000116,CENTRO,
23552293000115,ANTONIO DIOGO,
23558005000130,VICENTE PINZON,
23561644000154,JACARECANGA,
23565094000141,CANINDEZINHO,
23581124000103,MONDUBIM,
23584465000132,PRESIDENTE KENNEDY,
23584897000143,BARRA DO CEARA,
23599702000139,BARROSO,
23600804000127,FATIMA,
23606976000108,MONDUBIM,
23607361000104,ALDEOTA,
23609060000101,JACARECANGA,
23609366000168,CIDADE DOS FUNCIONARIOS,
23618953000113,PARQUE DOIS IRMAOS,
23623378000147,GRANJA PORTUGAL,
23624106000161,JARDIM GUANABARA,
23624294000128,ANTONIO BEZERRA,
23631473000192,CONJUNTO CEARA,
23636220000101,EDSON QUEIROZ,
23637837000141,CARLITO PAMPLONA,
23638270000128,MONDUBIM,
23644704000100,CIDADE DOS FUNCIONARIOS,
23645019000190,PRAIA DE IRACEMA,
23645125000174,PAUPINA,
23646525000102,GRANJA LISBOA,
23647123000114,JARDIM GUANABARA,
23652091000145,MONDUBIM,
23657864000186,BOA VISTA,
23660063000170,MUCURIPE,
23672989000185,VILA VELHA,
23673578000104,VICENTE PINZON,
23674621000156,JANGURUSSU,
23678223000108,CARLITO PAMPLONA,
23682683000100,BELA VISTA,
23686670000109,BOM FUTURO,
23688208000140,SAO JOAO DO TAUAPE,
23696488000139,PASSARE,
23698744000127,BARRA DO CEARA,
23701848000143,MESSEJANA,
23709883000109,PARQUE PRESIDENTE VARGAS,
23713689000105,BONSUCESSO,
23714636000109,ALDEOTA,SANDRA HELENA DA SILVA PEREIRA
23719573000175,ALVARO WEYNE,
23719658000153,GRANJA PORTUGAL,
23725900000100,VARJOTA,RODNER SANTOS DO NASCIMENTO
23726782000146,PARQUE SANTA ROSA,
23746531000123,JARDIM DAS OLIVEIRAS,
23760041000181,MESSEJANA,
23768829000134,VICENTE PINZON,
23769135000111,PARANGABA,FERNANDO PANSERIN DONADELLI
23769135000200,SAPIRANGA-COITE,FERNANDO PANSERIN DONADELLI
23770931000174,ALDEOTA,
23775459000162,FARIAS BRITO,
23777874000155,MARAPONGA,
23778615000149,CANINDEZINHO,
23780338000109,PRESIDENTE KENNEDY,
23785866000150,JARDIM CEARENSE,
23786275000106,PARQUELANDIA,GLAUDSON GABRIEL SILVEIRA NOGUEIRA
23790191000138,ENGENHEIRO LUCIANO CAVALCANTE,
23790305000140,CONJUNTO PALMEIRAS,
23792442000113,CIDADE DOS FUNCIONARIOS,
23794484000193,DIONISIO TORRES,TANIA REGINA MEIRA SANTOS
23796460000173,DIAS MACEDO,
23796813000135,PARQUE DOIS IRMAOS,
23803188000101,BARRA DO CEARA,
23815156000126,ALDEOTA,DAVID GOMES BARROSO
23834270000101,HENRIQUE JORGE,
23842516000189,CAMBEBA,
23858142000190,PARQUE SANTA ROSA,
23868271000169,PASSARE,
23869593000122,MESSEJANA,
23877294000130,BARRA DO CEARA,
23881942000121,ALDEOTA,ALYSSON DAVID COSTA GUSMAO
23889120000197,ALVARO WEYNE,
23894085000102,PAUPINA,
23894471000196,PADRE ANDRADE,
23897232000190,MONDUBIM,
23901332000142,BOM JARDIM,
23904778000120,CIDADE DOS FUNCIONARIOS,
23920888000186,CONJUNTO ESPERANCA,
23923475000155,OLAVO OLIVEIRA,
23923826000128,VILA UNIAO,
23923985000122,JOAQUIM TAVORA,
23924949000183,MANUEL SATIRO,
23928621000135,PAUPINA,
23932836000120,BARROSO,
23938013000101,MONDUBIM,
23938057000131,ALTO DA BALANCA,
23943086000191,QUINTINO CUNHA,
23943955000188,FLORESTA,
23950193000147,MEIRELES,
23951278000140,JANGURUSSU,
23954123000167,ITAPERI,
23955244000123,PEDRAS,
23955805000194,CANINDEZINHO,
23960284000163,PADRE ANDRADE,
23971993000144,JARDIM IRACEMA,
23981790000139,PARQUELANDIA,
23983043000130,GRANJA LISBOA,
23983374000170,DIAS MACEDO,
23995023000189,SABIAGUABA,
24002247000105,GRANJA LISBOA,
24004081000166,ANTONIO BEZERRA,
24010973000170,PREFEITO JOSE WALTER,
24013065000130,JOQUEI CLUBE,
24021250000176,PARQUE MANIBURA,
24036767000139,SIQUEIRA,
24044502000182,PARQUELANDIA,
24046050000178,JARDIM CEARENSE,MATEUS COSTA DOS SANTOS
24048870000107,ANTONIO BEZERRA,
24050975000192,VICENTE PINZON,
24051502000100,CAJAZEIRAS,
24051670000103,BARROSO,
24053713000181,BOM JARDIM,
24054139000186,CONJUNTO CEARA,
24056266000114,EDSON QUEIROZ,
24056297000175,QUINTINO CUNHA,
24060588000137,SERRINHA,
24062757000178,PARANGABA,GIOVANNA DUARTE DE AZEVEDO
24063334000172,MANUEL DIAS BRANCO,
24071571000185,FLORESTA,
24074524000195,PICI,
24074906000119,NOVO MONDUBIM,
24076315000180,CENTRO,
24078337000180,CAIS DO PORTO,
24082880000150,EDSON QUEIROZ,
24089932000110,PARQUE GENIBAU,
24091703000130,JARDIM IRACEMA,
24095586000183,NOVO MONDUBIM,
24100012000156,EDSON QUEIROZ,
24101746000150,JOAQUIM TAVORA,
24112562000195,BOM JARDIM,
24114970000186,PEDRAS,
24137623000179,MONDUBIM,
24153113000195,BONSUCESSO,
24153441000191,MOURA BRASIL,
24156519000121,VILA VELHA,
24157098000153,SAPIRANGA,
24159339000101,BOM JARDIM,
24162169000106,PARQUE SANTA ROSA,
24164377000144,BARROSO,
24165549000102,BARRA DO CEARA,
24165601000112,BOM JARDIM,
24168869000108,COCO,
24171135000188,CENTRO,
24176170000190,PARQUE GENIBAU,
24179055000179,CONJUNTO CEARA,
24182084000190,MUCURIPE,
24182241000167,PARQUE DOIS IRMAOS,
24185854000158,PASSARE,
24188623000106,VICENTE PINZON,
24192224000100,CONJUNTO CEARA I,
24192337000106,CONJUNTO CEARA,
24195748000155,BOA VISTA,
24196569000132,VILA PERI,
24197456000151,ITAOCA,
24201390000126,CENTRO,
24202945000154,GRANJA PORTUGAL,
24203120000154,BARRA DO CEARA,
24215275000100,JOAQUIM TAVORA,
24217763000157,CENTRO,
24221035000119,PARQUE DOIS IRMAOS,
24221100000106,JARDIM DAS OLIVEIRAS,
24223001000163,ANTONIO DIOGO,
24231252000190,CENTRO,
24237112000129,SAO JOAO DO TAUAPE,
24241362000132,JARDIM AMERICA,
24242195000144,MONDUBIM,
24244794000105,PAPICU,
24249001000132,PICI,
24266219000103,SERRINHA,
24272194000142,VICENTE PINZON,
24275783000184,PASSARE,
24283567000180,MONDUBIM,
24289685000104,MESSEJANA,
24301944000167,MEIRELES,REGIANE MARTINS FIORENZA
24305943000190,HENRIQUE JORGE,
24308476000152,RODOLFO TEOFILO,
24308862000144,QUINTINO CUNHA,
24320674000131,CRISTO REDENTOR,
24321551000115,GRANJA PORTUGAL,
24333433000127,CAIS DO PORTO,
24333959000107,ALDEOTA,
24339888000150,LAGOA REDONDA,
24340914000160,SAO GERARDO,
24344501000153,CAIS DO PORTO,
24345869000136,VILA PERI,
24367233000195,AEROLANDIA,
24371946000122,CONJUNTO ESPERANCA,
24374150000123,QUINTINO CUNHA,
24375477000110,JARDIM GUANABARA,
24376192000101,QUINTINO CUNHA,
24376769000177,MONTE CASTELO,
24377661000107,ITAPERI,
24378430000100,VICENTE PINZON,
24387072000100,AEROLANDIA,
24391367000141,EDSON QUEIROZ,
24393827000170,PRAIA DE IRACEMA,
24396409000137,SAO GERARDO,
24403445000180,GRANJA LISBOA,
24406579000155,VARJOTA,ERICK FERREIRA MONTEIRO
24413966000119,GRANJA PORTUGAL,
24414850000102,AUTRAN NUNES,
24415562000164,MONTE CASTELO,
24423324000109,PARQUE DOIS IRMAOS,
24428753000160,CONJUNTO CEARA,
24429591000185,MONTESE,FRANCISCO JONAS SILVEIRA
24433149000122,CAMBEBA,
24438063000192,PICI,
24442070000168,ALVARO WEYNE,
24442125000130,ALVARO WEYNE,
24444190000102,VICENTE PINZON,
24444268000180,CIDADE DOS FUNCIONARIOS,CAMILA RODRIGUES VIEIRA GIRAO
24445339000160,CONJUNTO CEARA,
24452019000137,VILA UNIAO,
24453566000137,PARQUE SAO JOSE,
24460240000137,JOQUEI CLUBE,
24462214000148,EDSON QUEIROZ,
24465160000174,VILA VELHA,
24479514000130,JARDIM DAS OLIVEIRAS,
24482938000153,PREFEITO JOSE WALTER,
24507122000137,MEIRELES,
24511268000156,ITAPERI,
24513961000168,PARQUE IRACEMA,
24518948000100,BARROSO,
24520875000182,MONTE CASTELO,
24528508000125,ANTONIO BEZERRA,
24533397000145,DEMOCRITO ROCHA,
24534515000130,PRAIA DE IRACEMA,
24547368000132,PARREAO,
24550822000104,PASSARE,
24558373000140,JANGURUSSU,
24561778000138,PLANALTO AYRTON SENNA,
24561954000131,PRAIA DE IRACEMA,
24563946000124,PREFEITO JOSE WALTER,
24567809000168,PASSARE,
24570230000154,LAGOA REDONDA,
24574852000150,VICENTE PINZON,
24579882000150,PARQUE GENIBAU,
24590976000120,FARIAS BRITO,
24593652000145,MONTE CASTELO,
24598128000167,ANTONIO BEZERRA,
24598506000102,PAPICU,GIOVANNA LYRA BARREIRA CARNEIRO
24600097000131,MONDUBIM,
24603712000163,PLANALTO AYRTON SENNA,
24603886000126,PARQUELANDIA,
24618843000114,SAO JOAO DO TAUAPE,
24623895000189,PIRAMBU,
24629991000134,ALDEOTA,
24636366000110,JANGURUSSU,
24639768000178,ENGENHEIRO LUCIANO CAVALCANTE,
24652336000105,MEIRELES,
24659987000119,ALVARO WEYNE,
24662517000104,CONJUNTO CEARA,
24672993000106,CARLITO PAMPLONA,
24678008000170,GRANJA LISBOA,
24682182000196,CAIS DO PORTO,
24682497000133,PICI,
24693234000120,PARREAO,
24705556000141,BARRA DO CEARA,
24707845000180,GRANJA LISBOA,
24712601000195,GUARARAPES,
24712971000122,JACARECANGA,
24723760000195,PARQUE SANTA MARIA,
24727796000147,PASSARE,
24737137000191,PARANGABA,
24740070000144,MONDUBIM,
24740229000120,MARAPONGA,
24740849000160,MEIRELES,
24741393000152,LAGOA REDONDA,
24744697000173,JANGURUSSU,
24748412000172,PARQUELANDIA,
24750897000139,PAUPINA,
24752862000139,PARREAO,
24759242000121,JARDIM CEARENSE,MATHEUS MAIA BARRETO MACIEL
24761142000130,GRANJA LISBOA,
24764209000190,JARDIM GUANABARA,
24767970000185,PASSARE,
24777364000140,ANTONIO DIOGO,
24780938000130,CENTRO,
24789983000155,PREFEITO JOSE WALTER,
24791392000112,CONJUNTO CEARA,
24799970000167,BONSUCESSO,
24810463000187,FATIMA,
24811122000126,JOAO XXIII,
24814990000160,PREFEITO JOSE WALTER,
24825851000131,VILA VELHA,
24829964000105,VILA UNIAO,
24830667000180,BENFICA,
24833361000187,JARDIM DAS OLIVEIRAS,ANDREI MENEZES PEREIRA
24839066000138,BARRA DO CEARA,
24839864000160,JOAO XXIII,
24859695000120,VILA PERI,
24863542000156,ITAPERI,
24867965000144,DIAS MACEDO,
24877121000184,MEIRELES,
24880743000161,JARDIM DAS OLIVEIRAS,
24884071000162,JANGURUSSU,
24885817000152,MARAPONGA,
24886273000143,CONJUNTO PALMEIRAS,
24886324000137,SAPIRANGA,
24889999000130,MANUEL SATIRO,
24891394000183,ITAPERI,
24895557000104,DAMAS,
24896658000191,CENTRO,
24898641000173,BOM JARDIM,
24910907000156,JARDIM IRACEMA,
24918935000110,ALDEOTA,
24919293000173,ALVARO WEYNE,
24919360000150,BARRA DO CEARA,
24919910000130,JARDIM CEARENSE,
24932008000154,PLANALTO AYRTON SENNA,
24945114000172,SERRINHA,
24948860000110,BARROSO,
24950485000142,BOM JARDIM,
24953155000100,ALDEOTA,
24955302000181,PARQUE MANIBURA,
24957269000129,MONTE CASTELO,
24974468000145,MONDUBIM,
24977077000184,BARROSO,
24986519000159,CAMBEBA,
25000926000108,PARANGABA,
25001004000115,CIDADE DOS FUNCIONARIOS,
25007988000141,PARQUE PRESIDENTE VARGAS,
25010363000139,BARRA DO CEARA,
25010598000120,FATIMA,
25021191000107,MESSEJANA,
25034958000124,JOQUEI CLUBE,
25036747000120,CIDADE 2000,
25040925000197,AEROLANDIA,
25046733000198,CONJUNTO PALMEIRAS,
25052542000139,SIQUEIRA,
25057147000149,MONDUBIM,
25057196000181,COCO,CEDINELIO RODRIGUES SANTOS
25057376000163,HENRIQUE JORGE,
25064801000141,PLANALTO AYRTON SENNA,
25075376000196,CONJUNTO CEARA,
25084363000183,ALVARO WEYNE,
25085331000100,CRISTO REDENTOR,
25089014000154,VILA ELLERY,
25096408000130,LAGOA REDONDA,
25097455000106,FATIMA,NAGELA DOS SANTOS BESERRA
25097608000107,MEIRELES,
25097803000137,QUINTINO CUNHA,
25099421000142,JOSE BONIFACIO,
25101101000180,ITAPERI,
25104745000121,PREFEITO JOSE WALTER,
25105793000134,CAIS DO PORTO,
25109020000126,CAIS DO PORTO,
25109847000130,CONJUNTO ESPERANCA,JULIANA LEMOS PINHEIRO
25118312000125,ITAOCA,
25120861000134,GRANJA PORTUGAL,
25124842000186,BENFICA,
25125481000192,BOA VISTA,
25129752000188,BARROSO,
25135408000100,ALVARO WEYNE,
25146774000156,CANINDEZINHO,
25147618000100,GRANJA LISBOA,
25147707000156,PAUPINA,
25159504000180,AMADEU FURTADO,
25166183000140,MEIRELES,
25173244000105,BOA VISTA,
25178374000122,PAPICU,
25179867000187,BOM JARDIM,
25181730000167,CENTRO,
25184477000103,PARQUE SAO JOSE,
25186072000104,MUCURIPE,
25188414000117,BARRA DO CEARA,
25190837000171,CONJUNTO CEARA,
25198648000145,PASSARE,
25225182000120,PASSARE,
25229494000101,ENGENHEIRO LUCIANO CAVALCANTE,RENAN SIQUEIRA CYSNE VIEIRA DE SOUSA
25239908000183,JOAQUIM TAVORA,
25240277000112,VILA PERI,JOSE VALDENOR LISBOA MENDES FILHO
25243526000123,SAPIRANGA,
25243935000120,PARANGABA,
25247138000110,JARDIM DAS OLIVEIRAS,
25248011000116,CARLITO PAMPLONA,
25254652000183,PREFEITO JOSE WALTER,
25266095000110,JARDIM AMERICA,
25272464000188,JANGURUSSU,
25274377000160,EDSON QUEIROZ,
25290864000116,EDSON QUEIROZ,
25296340000132,PARQUE SANTA MARIA,FRANCISCO IGOR ALBUQUERQUE DE CASTRO
25298106000144,BONSUCESSO,
25307787000160,VICENTE PINZON,
25307803000114,ALVARO WEYNE,
25319531000172,PARANGABA,RAUL PINHEIRO DA COSTA
25322828000197,VICENTE PINZON,
25334237000130,MESSEJANA,
25343003000159,SAPIRANGA,
25345070000102,SAO GERARDO,
25345953000112,AMADEU FURTADO,ANTONIA ELIZABETE DA SILVA
25356316000141,PAUPINA,
25358723000198,GUARARAPES,
25361637000134,PRESIDENTE KENNEDY,
25376800000132,PICI,
25380869000130,ANTONIO BEZERRA,EDER SANTOS DO NASCIMENTO
25385590000149,PRESIDENTE KENNEDY,
25390415000140,ANTONIO BEZERRA,
25398625000184,COACU,
25407205000117,MONDUBIM,
25424626000156,MONDUBIM,
25434395000161,MONTESE,
25446620000180,JARDIM DAS OLIVEIRAS,
25453287000136,ITAOCA,
25488474000155,PARQUE SANTA ROSA,
25526242000144,CONJUNTO ESPERANCA,
25901868000193,SAPIRANGA,
25958279000141,ANTONIO BEZERRA,
25961047000142,PAUPINA,
25965545000163,DIONISIO TORRES,
25969333000154,NOVO MONDUBIM,
25969358000158,PARQUE SANTA MARIA,
25969904000150,HENRIQUE JORGE,
25978506000109,MARAPONGA,
25983300000169,ALDEOTA,
25985752000180,JANGURUSSU,
25987763000107,MEIRELES,
25988144000129,DEMOCRITO ROCHA,
26003497000195,CENTRO,
26005001000112,FATIMA,SULLIVAN AMARO CARVALHO
26005506000187,LAGOA REDONDA,
26008400000137,PARQUELANDIA,
26008605000112,CONJUNTO CEARA,
26010817000134,BARRA DO CEARA,
26010920000184,ALDEOTA,
26012519000183,MONTESE,
26018621000196,CIDADE 2000,
26045309000191,SAO BENTO,
26061913000101,MESSEJANA,
26062699000108,FATIMA,CAYQUE MAGALHAES BEZERRA
26066622000106,ANTONIO DIOGO,
26068608000141,PAUPINA,
26086812000195,JARDIM DAS OLIVEIRAS,
26093582000191,MUCURIPE,
26105110000101,ALDEOTA,
26113849000165,COCO,
26115186000118,BONSUCESSO,
26116979000151,MONTESE,
26118948000130,PARANGABA,ADAILSON DOS SANTOS
26123424000137,MONDUBIM,CLAUDIO ROBERTO DE SALES MACENA
26126551000190,ALDEOTA,CAMILA DE PAULA BARBOSA
26128806000153,ITAPERI,LAIS MONTEIRO CONRADO UCHOA
26130063000156,EDSON QUEIROZ,
26133070000101,DAMAS,
26133404000147,PREFEITO JOSE WALTER,
26142303000132,JOQUEI CLUBE,
26143157000160,MONDUBIM,
26146432000107,DAMAS,
26147779000166,DEMOCRITO ROCHA,
26156931000177,COACU,
26159885000160,BARROSO,
26164096000117,MONDUBIM,
26171907000107,CONJUNTO CEARA,
26176895000103,DOM LUSTOSA,
26183663000182,PRESIDENTE KENNEDY,FRANCISCO NAUGUSTO FREIRE SILVA
26191210000106,VARJOTA,
26191980000140,BONSUCESSO,
26192772000166,CONJUNTO ESPERANCA,
26199101000127,BOM JARDIM,
26201275000187,PASSARE,
26201404000137,SIQUEIRA,
26201785000154,PIRAMBU,
26202395000107,VILA PERI,
26205595000105,CAMBEBA,
26208243000103,SAO GERARDO,
26208325000158,CAIS DO PORTO,
26208419000127,CENTRO,
26208677000103,PASSARE,
26209137000144,GRANJA PORTUGAL,
26209842000141,JANGURUSSU,
26210439000132,ITAOCA,
26215163000185,EDSON QUEIROZ,
26215271000158,MANUEL SATIRO,
26215298000140,PASSARE,
26215325000185,CAMBEBA,
26217691000173,MESSEJANA,
26222303000142,PREFEITO JOSE WALTER,
26223635000141,HENRIQUE JORGE,
26225333000102,JANGURUSSU,
26229080000145,PARQUELANDIA,
26230358000102,PARQUELANDIA,
26232973000140,HENRIQUE JORGE,
26233739000137,ANTONIO DIOGO,
26238156000107,FATIMA,
26243902000142,ALVARO WEYNE,
26246528000139,PARQUE ARAXA,
26251750000120,PARQUE GENIBAU,
26252613000100,BARRA DO CEARA,
26255295000130,PRAIA DE IRACEMA,FRANCISCA ROSIANE MONTEIRO CHAVES
26258052000156,BARROSO,
26258393000121,PEDRAS,
26259239000174,ANCURI,
26266653000100,GRANJA PORTUGAL,
26267311000105,PASSARE,
26269045000150,CIDADE DOS FUNCIONARIOS,
26278433000105,PARQUE SAO JOSE,
26279094000173,CENTRO,
26279120000163,VILA UNIAO,
26280584000190,CONJUNTO PALMEIRAS,
26281213000122,VICENTE PINZON,
26281789000190,LAGOA REDONDA,
26285938000199,PARQUE DOIS IRMAOS,
26286883000131,VILA VELHA,
26288476000163,MEIRELES,
26288693000153,PASSARE,
26293408000192,SAO JOAO DO TAUAPE,
26338227000135,SIQUEIRA,
26340849000106,VILA VELHA,
26348935000157,GRANJA LISBOA,
26352464000150,GRANJA PORTUGAL,
26358781000184,PASSARE,
26362577000137,FATIMA,
26367106000111,BARRA DO CEARA,
26380286000171,VICENTE PINZON,
26385171000170,JOSE BONIFACIO,FRANCISCO BRUNO DE MAGALHAES ARAUJO
26389642000118,BOM JARDIM,
26392584000181,CAMBEBA,
26394768000180,JANGURUSSU,
26396345000108,JARDIM IRACEMA,SUELEN CRISTINA CAMILO DE SOUSA
26398662000155,DAMAS,
26402212000199,BOM JARDIM,
26421100000185,ANTONIO BEZERRA,
26431263000149,PASSARE,
26434350000150,PASSARE,
26439106000180,PEDRAS,
26443672000165,JOAQUIM TAVORA,
26447564000160,ITAPERI,
26447851000170,VILA VELHA,
26449311000126,PARANGABA,
26449719000106,CIDADE DOS FUNCIONARIOS,
26456710000114,CANINDEZINHO,
26466558000150,JANGURUSSU,
26466936000104,BONSUCESSO,
26467482000188,PASSARE,
26477721000180,VICENTE PINZON,
26479639000195,MEIRELES,
26483928000168,JARDIM AMERICA,
26487436000140,FLORESTA,
26492316000131,JARDIM CEARENSE,
26496507000171,BELA VISTA,
26501216000124,HENRIQUE JORGE,ALEXSANDRA OLIVEIRA DA PAZ
26503467000148,PRAIA DE IRACEMA,
26503879000188,CAJAZEIRAS,
26505037000165,PASSARE,
26505445000117,ANTONIO BEZERRA,
26506422000127,MARAPONGA,
26506614000133,MANUEL SATIRO,
26508025000194,PIRAMBU,
26510113000120,MEIRELES,DIMY MENDES FERREIRA
26512231000178,SIQUEIRA,
26513466000184,VICENTE PINZON,
26513558000164,EDSON QUEIROZ,
26513656000100,PRAIA DE IRACEMA,
26526849000197,PAN AMERICANO,
26527611000186,MONTESE,
26530943000110,EDSON QUEIROZ,
26532138000125,SIQUEIRA,
26532303000149,DOM LUSTOSA,
26532381000143,MARAPONGA,
26533616000111,PRAIA DE IRACEMA,
26536246000176,PASSARE,
26539252000187,PARANGABA,
26541622000110,JOSE DE ALENCAR,
26549663000153,AEROLANDIA,
26550089000153,CRISTO REDENTOR,
26563340000114,PASSARE,
26564711000182,MONTESE,
26565316000114,PREFEITO JOSE WALTER,
26565487000143,VICENTE PINZON,
26575018000105,ALDEOTA,
26577026000190,HENRIQUE JORGE,
26580007000113,JANGURUSSU,
26580347000144,VICENTE PINZON,
26582679000168,PLANALTO AYRTON SENNA,
26583140000123,JARDIM IRACEMA,
26599343000108,CAJAZEIRAS,
26599413000128,MESSEJANA,
26603419000121,JOAQUIM TAVORA,
26605672000114,DIAS MACEDO,FRANCISCA LIDIANE SILVA SANTOS
26612636000188,PARQUE SANTA MARIA,
26612650000181,PARQUE SANTA MARIA,
26618794000145,MONDUBIM,
26623053000152,VILA VELHA,
26631889000107,BONSUCESSO,
26633089000117,ALDEOTA,
26649060000123,MONTE CASTELO,FRANCISCO JOSE GOMES DA SILVA
26653148000119,HENRIQUE JORGE,
26655317000150,ALDEOTA,
26659249000105,PICI,
26666922000126,BARRA DO CEARA,
26675543000100,PARQUE GENIBAU,
26678062000140,PASSARE,
26679150000167,VILA VELHA,
26679634000106,PAN AMERICANO,
26681196000110,FARIAS BRITO,
26684363000187,PARANGABA,
26685523000102,ALDEOTA,
26688553000172,PASSARE,
26690713000118,PREFEITO JOSE WALTER,
26696506000170,JOAQUIM TAVORA,
26704562000100,SAO BENTO,
26706140000173,CONJUNTO PALMEIRAS,
26708833000103,MUCURIPE,
26714361000193,JARDIM AMERICA,
26729729000197,ALDEOTA,
26736576000105,SAPIRANGA-COITE,
26737388000100,ALVARO WEYNE,
26740901000103,MEIRELES,
26740996000165,MEIRELES,
26741114000186,MEIRELES,
26742209000114,JOSE BONIFACIO,BRUNO BRAGA LEKA
26743301000107,MEIRELES,
26745192000159,CONJUNTO CEARA,
26746109000166,PICI,
26748110000120,MEIRELES,
26760719000114,MEIRELES,CHRISTIANNE DA SILVA BEZERRA
26763051000169,VICENTE PINZON,
26763695000157,ALDEOTA,
26770796000155,PARANGABA,
26771470000142,ALDEOTA,ROBERTA COSTA FERREIRA
26778603000102,CAMBEBA,
26778767000130,PARANGABA,
26785855000169,FLORESTA,
26789675000155,EDSON QUEIROZ,
26792153000102,ITAOCA,
26792404000159,JACARECANGA,
26803892000152,JOSE DE ALENCAR,
26816909000106,MEIRELES,
26816995000157,SERRINHA,ANTONIA ANA KELI PINHEIRO SILVA
26817092000190,MONDUBIM,
26820025000125,BOM FUTURO,
26820099000161,HENRIQUE JORGE,
26823847000160,VICENTE PINZON,
26832620000180,PARQUE PRESIDENTE VARGAS,
26841702000191,BARRA DO CEARA,
26846225000157,MONDUBIM,
26847230000184,PARQUE SANTA ROSA,
26849236000190,MONDUBIM,
26851305000109,ITAPERI,
26854509000195,MEIRELES,
26860909000103,PARQUE ARAXA,
26865424000102,EDSON QUEIROZ,RODRIGO NOBREGA DA FONTE
26866854000149,CENTRO,
26869445000104,JANGURUSSU,
26869605000107,JARDIM IRACEMA,
26869851000169,MANUEL SATIRO,
26873167000150,DEMOCRITO ROCHA,
26873178000130,SIQUEIRA,
26873888000160,JOAQUIM TAVORA,
26874142000171,FATIMA,RAYMUNDO MARINHO DA SILVA NETO
26875629000179,MONDUBIM,
26877526000148,ALDEOTA,
26883450000163,FLORESTA,
26886400000130,PIRAMBU,
26890238000123,HENRIQUE JORGE,
26890360000108,SAO JOAO DO TAUAPE,
26901573000180,JARDIM CEARENSE,
26902046000190,MEIRELES,
26903066000185,ENGENHEIRO LUCIANO CAVALCANTE,
26903473000192,PLANALTO AYRTON SENNA,
26905674000129,CANINDEZINHO,
26911455000152,SAO JOAO DO TAUAPE,
26918286000182,GRANJA PORTUGAL,
26918297000162,PARQUE GENIBAU,
26919411000179,VILA ELLERY,
26920034000198,BARRA DO CEARA,
26921530000166,MONDUBIM,
26921966000155,MUCURIPE,
26923117000130,SAPIRANGA,
26930239000154,CONJUNTO ESPERANCA,
26931377000158,ALDEOTA,ROSANA BARROS DA CUNHA
26932155000150,FARIAS BRITO,LUCINEIA MARIA DA SILVA SANTOS
26932366000192,MESSEJANA,
26938009000131,PLANALTO AYRTON SENNA,
26938958000111,AEROLANDIA,
26943980000150,VARJOTA,
26944575000156,COUTO FERNANDES,
26947961000100,QUINTINO CUNHA,
26948666000160,ENGENHEIRO LUCIANO CAVALCANTE,
26953457000104,BOM JARDIM,
26955052000105,BONSUCESSO,
26956996000105,CAMBEBA,
26957949000178,ALDEOTA,BEATRIZ COSTA FERRAZ
26957949000259,PARQUE MANIBURA,BEATRIZ COSTA FERRAZ
26958179000188,ALDEOTA,LEONARDO CASTELO FREITAS
26966458000193,EDSON QUEIROZ,
26976815000102,SAPIRANGA,
26980164000116,MARAPONGA,YANKY BARBOSA MENDES
26981359000180,BARROSO,
26983404000136,BOM JARDIM,
26983971000192,JOAO XXIII,ANDRESA SILVESTRE DOS SANTOS
26988117000119,PARQUE ARAXA,
26989375000110,DIAS MACEDO,
26994961000152,JOQUEI CLUBE,
26996717000129,CIDADE DOS FUNCIONARIOS,
26996960000147,CURIO,
26998763000167,JANGURUSSU,
26999263000140,MONTESE,
27003005000124,RODOLFO TEOFILO,
27008266000137,MONTESE,
27009015000177,JARDIM GUANABARA,
27013582000105,ITAPERI,
27013653000161,MARAPONGA,
27016318000117,PREFEITO JOSE WALTER,
27018249000180,PARQUE GENIBAU,
27023780000141,FATIMA,
27024386000128,RACHEL DE QUEIROZ,
27027403000180,FATIMA,
27028116000195,CONJUNTO CEARA,
27028292000127,CONJUNTO CEARA,
27028383000162,PREFEITO JOSE WALTER,
27029649000191,CONJUNTO CEARA II,
27032345000183,SAO GERARDO,
27034697000178,CIDADE DOS FUNCIONARIOS,
27035049000136,FATIMA,
27035167000144,ANTONIO DIOGO,
27035436000172,LAGOA REDONDA,
27037473000110,MESSEJANA,
27039228000141,OLAVO OLIVEIRA,
27041460000114,DIONISIO TORRES,
27051603000179,CAIS DO PORTO,
27051798000157,GUARARAPES,GRAZIELA MARIA MARTINS SANT ANNA BARBOSA
27053251000190,JARDIM DAS OLIVEIRAS,
27053432000117,BARRA DO CEARA,
27053600000174,ALVARO WEYNE,
27053686000135,PRESIDENTE KENNEDY,
27053911000133,CAIS DO PORTO,
27054031000181,JARDIM AMERICA,
27056957000106,MUCURIPE,
27057044000104,NOVO MONDUBIM,
27057530000122,MUCURIPE,
27057740000110,CIDADE DOS FUNCIONARIOS,
27061320000108,MANUEL SATIRO,
27062598000108,PICI,
27070239000194,PAUPINA,
27074029000174,CAIS DO PORTO,
27081129000128,PRESIDENTE KENNEDY,
27083935000135,ANTONIO BEZERRA,
27084709000179,PASSARE,
27088023000156,BARRA DO CEARA,
27088945000163,VARJOTA,
27097545000114,PARQUE SANTA MARIA,
27097944000185,ALDEOTA,
27098347000175,BENFICA,
27098446000157,PICI,
27099392000144,PLANALTO AYRTON SENNA,
27104182000105,DIONISIO TORRES,
27104221000166,JANGURUSSU,
27104807000120,PAPICU,
27105534000139,PARANGABA,
27107659000106,MEIRELES,
27107989000193,ALTO DA BALANCA,
27108072000103,CAJAZEIRAS,
27109791000149,PICI,
27110317000137,CONJUNTO CEARA,
27118342000167,MONDUBIM,
27122583000180,ALDEOTA,
27123060000158,FARIAS BRITO,
27123771000122,MESSEJANA,
27124800000170,COCO,
27125553000127,VICENTE PINZON,
27125825000199,JOAO XXIII,
27126271000144,PLANALTO AYRTON SENNA,
27129476000183,PAUPINA,
27134714000149,OLAVO OLIVEIRA,
27134769000159,BOM JARDIM,
27137262000159,PAPICU,
27137810000140,CIDADE 2000,
27139049000186,BARRA DO CEARA,
27140366000112,JARDIM GUANABARA,
27140673000101,GRANJA LISBOA,
27141297000161,PLANALTO AYRTON SENNA,
27141337000175,PARANGABA,
27142410000123,CONJUNTO CEARA II,
27146118000189,DOM LUSTOSA,
27150868000124,MONTESE,
27156449000108,SAO JOAO DO TAUAPE,
27159259000136,HENRIQUE JORGE,
27162705000161,PLANALTO AYRTON SENNA,
27163843000165,JANGURUSSU,
27169915000181,PIRAMBU,
27173019000196,CENTRO,
27175521000136,DEMOCRITO ROCHA,
27175979000195,GRANJA LISBOA,
27191749000110,BARROSO,
27191977000190,JANGURUSSU,
27195240000145,SIQUEIRA,
27208323000121,ALTO DA BALANCA,
27209322000100,AEROLANDIA,
27211113000192,PARQUELANDIA,
27211292000168,DEMOCRITO ROCHA,
27221082000150,SAPIRANGA,
27225876000192,PARQUE DOIS IRMAOS,
27230330000120,JANGURUSSU,
27230511000156,EDSON QUEIROZ,
27234283000192,PICI,
27236118000170,PASSARE,
27236399000160,JOSE DE ALENCAR,
27238926000176,PREFEITO JOSE WALTER,
27239880000100,MEIRELES,
27240136000125,MEIRELES,
27240739000127,ALDEOTA,
27242795000109,MEIRELES,
27244396000179,MEIRELES,
27247534000173,VILA PERI,
27250183000150,CANINDEZINHO,
27251394000107,VICENTE PINZON,
27251614000100,VILA VELHA,
27257167000199,ANTONIO BEZERRA,
27257287000196,VICENTE PINZON,
27267580000134,CONJUNTO CEARA,
27272216000162,CAMBEBA,RITA ARTEMIA ARAUJO FERREIRA
27272449000165,JOAQUIM TAVORA,
27276962000124,ANCURI,
27281437000105,PARQUE SANTA MARIA,
27282878000113,ALDEOTA,MARCIA AVELINO MAGALHAES
27288816000119,SAPIRANGA,
27296256000144,VILA PERI,
27300925000104,PLANALTO AYRTON SENNA,
27301009000199,VICENTE PINZON,
27301103000148,DIAS MACEDO,
27301210000176,ALDEOTA,
27304189000162,CURIO,
27305245000183,JARDIM GUANABARA,MARIA AUDILEIA DE SALES APOLIANO BRAGA
27309919000118,CRISTO REDENTOR,
27316932000102,ANCURI,
27316997000140,PARQUE GENIBAU,
27317059000164,PARQUE SANTA MARIA,
27322869000109,CIDADE DOS FUNCIONARIOS,
27323233000181,CRISTO REDENTOR,
27325954000120,VARJOTA,
27326407000160,ALDEOTA,EDNONDAS MATTOS BURMANN
27332487000166,DIONISIO TORRES,
27333686000199,DIONISIO TORRES,
27341592000161,MONTE CASTELO,
27342949000126,PAUPINA,
27343709000146,SALINAS,
27347805000162,BARROSO,
27348828000191,SAPIRANGA,
27348956000135,DIONISIO TORRES,
27350437000101,ALDEOTA,
27353595000115,PASSARE,
27355485000192,CENTRO,
27357943000122,CIDADE 2000,
27364472000180,CENTRO,
27366535000137,MONDUBIM,
27370482000128,MONDUBIM,
27370503000105,MESSEJANA,
27370653000119,PARQUELANDIA,
27372775000144,CIDADE DOS FUNCIONARIOS,GRACIELE HENRIQUE DOS SANTOS
27383428000117,CONJUNTO CEARA II,MARCILIO MAGNO MAGALHAES DE CASTRO
27384315000136,CONJUNTO PALMEIRAS,
27394354000114,CIDADE DOS FUNCIONARIOS,
27396119000181,MEIRELES,
27401107000106,FATIMA,
27404153000150,PADRE ANDRADE,
27404788000158,PARANGABA,
27419103000147,PREFEITO JOSE WALTER,
27419201000184,BARRA DO CEARA,
27420634000150,VILA VELHA,
27421652000156,MANUEL SATIRO,
27424363000100,PRESIDENTE KENNEDY,
27432407000144,PARANGABA,
27435022000130,PRESIDENTE KENNEDY,
27440784000125,PARANGABA,
27441859000192,ALTO DA BALANCA,
27444800000158,JANGURUSSU,
27448697000114,PRAIA DO FUTURO I,
27452228000179,CAMBEBA,
27460532000168,ALDEOTA,LEONARDO CRUZ OLIVEIRA
27463551000148,EDSON QUEIROZ,
27464554000104,GENIBAU,
27465886000103,PASSARE,
27468662000147,MARAPONGA,
27468961000181,MONDUBIM,
27469597000174,BOA VISTA,
27470981000197,VILA VELHA,
27478473000155,PASSARE,
27478595000141,CENTRO,
27480415000166,PARQUE SANTA ROSA,
27481388000146,ELLERY,
27483158000116,MEIRELES,
27490221000141,DIONISIO TORRES,
27491983000162,FLORESTA,
27492133000189,ALVARO WEYNE,
27493743000105,VARJOTA,
27495063000112,EDSON QUEIROZ,
27497941000139,VILA VELHA,
27501639000107,PARQUE DOIS IRMAOS,
27502013000115,SIQUEIRA,
27503550000180,JOSE DE ALENCAR,
27503627000111,CONJUNTO ESPERANCA,
27504591000190,VILA UNIAO,
27506961000129,QUINTINO CUNHA,
27508982000183,PREFEITO JOSE WALTER,
27515476000111,PARQUE SAO JOSE,
27518743000104,DOM LUSTOSA,
27519733000193,ALTO DA BALANCA,
27519922000166,ENGENHEIRO LUCIANO CAVALCANTE,
27527843000105,PASSARE,
27528841000122,MONTE CASTELO,
27528997000103,QUINTINO CUNHA,
27529689000100,ANTONIO DIOGO,
27530454000120,JANGURUSSU,
27535714000150,AUTRAN NUNES,
27538590000167,CIDADE 2000,
27539603000112,CARLITO PAMPLONA,
27544316000109,PAPICU,
27552906000175,BARRA DO CEARA,
27563476000197,MONDUBIM,
27564899000121,SAO GERARDO,
27567656000147,ITAPERI,
27569147000153,BONSUCESSO,
27569419000115,GRANJA PORTUGAL,
27574245000189,SAO BENTO,
27579550000163,JARDIM DAS OLIVEIRAS,
27579972000139,ANTONIO DIOGO,
27581871000100,PAPICU,
27582208000112,GRANJA PORTUGAL,
27591859000179,QUINTINO CUNHA,
27593259000140,MESSEJANA,
27599035000145,PLANALTO AYRTON SENNA,
27599482000102,ALDEOTA,
27601198000115,NOVO MONDUBIM,
27604423000177,AEROPORTO,
27605778000180,MEIRELES,
27609870000119,ALDEOTA,
27611875000186,PASSARE,
27613135000189,CONJUNTO CEARA II,
27616787000177,VICENTE PINZON,
27617325000174,MUCURIPE,
27623087000100,PAUPINA,
27623565000181,BOM JARDIM,
27626474000108,PARQUE MANIBURA,
27628564000120,ALDEOTA,
27629723000100,SAPIRANGA,
27632276000149,MESSEJANA,
27637023000168,PARREAO,
27642217000151,PASSARE,
27643283000146,JOAQUIM TAVORA,
27643555000108,VICENTE PINZON,
27644184000189,CENTRO,
27646406000100,PARANGABA,
27647454000105,AEROLANDIA,
27652069000156,SERRINHA,
27654004000140,ALDEOTA,ARTUR FELIPE MAGALHAES
27654147000151,ALVARO WEYNE,
27655115000170,CANINDEZINHO,
27655231000190,ANCURI,
27655847000160,JARDIM CEARENSE,
27656429000198,PLANALTO AYRTON SENNA,
27656858000165,PARQUE SANTA MARIA,
27657922000122,BONSUCESSO,
27659110000116,JANGURUSSU,
27660296000123,JANGURUSSU,
27660698000128,CAMBEBA,
27660771000161,CONJUNTO ESPERANCA,
27661102000104,PICI,
27664375000102,CAJAZEIRAS,
27670797000190,CIDADE 2000,
27672456000154,ITAOCA,
27673010000144,PARANGABA,
27676223000120,PAPICU,
27682410000116,MONDUBIM,
27689866000108,MESSEJANA,
27691031000192,ANTONIO DIOGO,
27737296000184,JARDIM IRACEMA,
27743382000108,ALDEOTA,
27744954000165,PIRAMBU,
27747669000106,VILA VELHA,
27752433000150,GRANJA LISBOA,
27752795000140,MONDUBIM,
27759374000141,PEDRAS,
27764892000153,BONSUCESSO,
27765901000120,PICI,
27771228000131,CONJUNTO CEARA,
27771236000188,CONJUNTO CEARA,
27771647000173,PRAIA DO FUTURO II,
27773270000191,PARQUE SANTA MARIA,
27775875000111,QUINTINO CUNHA,
27784011000166,DIONISIO TORRES,
27784494000107,CONJUNTO PALMEIRAS,
27786970000110,SIQUEIRA,
27789356000102,MUCURIPE,
27791941000147,PAN AMERICANO,
27794434000167,FATIMA,
27794554000164,JOAO XXIII,
27795424000146,PLANALTO AYRTON SENNA,
27800447000100,PREFEITO JOSE WALTER,
27800533000104,JACARECANGA,
27805014000139,PREFEITO JOSE WALTER,
27810743000183,AEROLANDIA,
27812428000195,JANGURUSSU,
27814676000175,BARRA DO CEARA,
27816225000177,PREFEITO JOSE WALTER,
27819828000122,PARQUELANDIA,
27826144000158,JOSE BONIFACIO,
27828908000144,ALDEOTA,
27829703000183,DENDE,
27830517000164,JARDIM AMERICA,
27830764000160,JARDIM DAS OLIVEIRAS,
27831333000119,CAJAZEIRAS,
27831521000147,MONDUBIM,
27834425000152,SAPIRANGA,
27834794000145,PRAIA DE IRACEMA,
27835352000113,DAMAS,
27838158000191,JOAQUIM TAVORA,
27840416000174,SIQUEIRA,
27843360000101,ALDEOTA,
27848206000122,JARDIM DAS OLIVEIRAS,
27854260000180,ALDEOTA,
27856276000122,SERRINHA,
27858252000102,CONJUNTO PALMEIRAS,
27863384000122,MESSEJANA,
27866814000160,CENTRO,
27869549000173,PLANALTO AYRTON SENNA,
27870037000127,JANGURUSSU,
27872574000106,ITAPERI,
27875553000144,BARRA DO CEARA,
27880983000154,PARQUELANDIA,
27888149000105,LAGOA REDONDA,
27900508000100,MOURA BRASIL,
27900566000126,SAPIRANGA-COITE,
27900601000107,PREFEITO JOSE WALTER,
27900694000170,JOQUEI CLUBE,
27903713000111,CANINDEZINHO,
27906594000150,BOA VISTA,
27909941000107,CIDADE 2000,
27912224000126,CAIS DO PORTO,
27914425000162,CARLITO PAMPLONA,
27923828000178,GRANJA PORTUGAL,
27923878000155,ALDEOTA,
27924702000118,ALVARO WEYNE,
27924783000156,AEROPORTO,
27934185000168,ALDEOTA,
27934379000163,ALDEOTA,
27937257000120,ENGENHEIRO LUCIANO CAVALCANTE,
27939247000124,BARRA DO CEARA,
27957840000101,ALVARO WEYNE,
27959990000146,PAPICU,
27960463000151,CIDADE 2000,
27961690000100,GRANJA LISBOA,
27965746000196,JOAO XXIII,
27970642000170,ALTO DA BALANCA,
27972653000199,PARANGABA,
27972784000176,BOM FUTURO,
27975961000178,PARQUELANDIA,
27979003000175,SAPIRANGA,
27979734000110,MEIRELES,
27985595000138,PICI,
27989184000110,VILA ELLERY,
27996358000172,CAJAZEIRAS,
27996406000122,VICENTE PINZON,
27997664000123,VICENTE PINZON,
27999389000187,ALDEOTA,RAPHAEL SILVEIRA DE OLIVEIRA
28012041000117,COCO,
28012431000197,CENTRO,
28014867000115,GRANJA PORTUGAL,
28015099000114,MEIRELES,
28015768000158,PASSARE,
28017703000141,EDSON QUEIROZ,ALEXANDRE PECHI BARRIVIERA
28017885000150,ALDEOTA,MARCOS ANTONIO FREIRES
28032838000186,BARRA DO CEARA,
28034435000176,PARQUE MANIBURA,
28034868000121,ALVARO WEYNE,
28038780000188,SERRINHA,
28041896000176,PREFEITO JOSE WALTER,
28047703000194,RODOLFO TEOFILO,
28052524000145,AUTRAN NUNES,
28053625000130,MEIRELES,LUANNA SIMOES PEREIRA
28054968000110,MONTESE,
28058968000198,VILA VELHA,
28059044000106,MARAPONGA,
28066726000146,PARQUE DOIS IRMAOS,
28068332000127,PARQUE PRESIDENTE VARGAS,
28077180000129,CAMBEBA,
28086319000109,JACARECANGA,
28093536000118,CAIS DO PORTO,
28098057000194,CAMBEBA,
28100745000141,ALDEOTA,VICTOR OLIVEIRA MENDES MARTINS
28107674000109,ALDEOTA,
28111258000184,PLANALTO AYRTON SENNA,
28116665000184,VICENTE PINZON,ANTONIA REGIANE BERNARDINO CHAVES
28123954000100,MEIRELES,ARNOBIO GONCALVES LOBATO NETO
28125044000167,BARRA DO CEARA,
28126119000124,ALDEOTA,
28129359000182,JOSE DE ALENCAR,
28130909000183,MANUEL SATIRO,
28132585000112,SAPIRANGA,
28143092000188,ITAPERI,
28149265000175,PIRAMBU,
28160915000183,CONJUNTO CEARA,
28164015000104,DIONISIO TORRES,
28166431000222,CENTRO,JOSEMILTON RIBEIRO DA SILVA JUNIOR
28167224000101,ALVARO WEYNE,
28169246000100,PARQUE DOIS IRMAOS,
28169453000165,PARANGABA,
28170076000184,BARRA DO CEARA,
28170220000182,PARANGABA,
28170444000194,MESSEJANA,
28170962000108,CRISTO REDENTOR,
28174789000116,JANGURUSSU,
28178998000138,MEIRELES,
28180169000190,JACARECANGA,
28180852000127,GUAJIRU,
28182577000180,JOSE DE ALENCAR,
28182788000113,LAGOA REDONDA,
28183031000144,MONDUBIM,
28183342000103,FATIMA,
28187224000173,DIAS MACEDO,
28187547000167,PARANGABA,
28187701000109,CURIO,
28190143000122,MESSEJANA,
28192067000194,BARRA DO CEARA,
28195819000170,BARROSO,
28197858000107,DIONISIO TORRES,
28204408000102,JACARECANGA,
28208868000109,PARQUE ARAXA,
28210387000120,BARROSO,
28214600000171,PARQUE IRACEMA,
28218810000138,EDSON QUEIROZ,MARIA ALZENIR DE FREITAS SANTANA
28226545000130,HENRIQUE JORGE,
28227418000155,SERRINHA,
28230640000107,MESSEJANA,
28230775000172,DIAS MACEDO,
28231221000190,ENGENHEIRO LUCIANO CAVALCANTE,
28231592000171,BONSUCESSO,
28236524000103,MONTESE,
28236726000147,CAIS DO PORTO,
28236774000135,DEMOCRITO ROCHA,
28241080000196,SAO JOAO DO TAUAPE,
28246101000166,PLANALTO AYRTON SENNA,
28250107000107,CIDADE DOS FUNCIONARIOS,
28253092000130,MEIRELES,
28255500000193,BOA VISTA,
28265129000140,DEMOCRITO ROCHA,
28266271000102,CARLITO PAMPLONA,
28271075000126,MANUEL DIAS BRANCO,WLADIMIR MONTENEGRO DE OLIVEIRA
28277476000193,VICENTE PINZON,
28278119000140,BOM JARDIM,
28287079000100,VICENTE PINZON,
28289101000143,AEROLANDIA,
28292341000105,ALVARO WEYNE,
28294713000124,MARAPONGA,ROGERIA GARCIA ARAUJO
28308539000121,OLAVO OLIVEIRA,
28312400000151,EDSON QUEIROZ,
28312921000109,EDSON QUEIROZ,
28313200000113,BARROSO,
28313676000154,SAO JOAO DO TAUAPE,
28313779000114,VICENTE PINZON,
28320663000102,CAMBEBA,
28321681000109,DIONISIO TORRES,
28332231000111,QUINTINO CUNHA,
28336492000100,CENTRO,
28346168000172,CENTRO,
28353533000176,JANGURUSSU,
28365072000151,VILA VELHA,
28365720000170,MONTESE,
28366313000187,JOSE BONIFACIO,
28368826000127,BONSUCESSO,
28371222000130,PARQUE ARAXA,
28372448000155,BONSUCESSO,
28377336000197,ALDEOTA,
28383763000188,CONJUNTO CEARA,
28383786000192,DIONISIO TORRES,
28384110000113,VILA PERI,FRANCISCO DAS CHAGAS LIMA RODRIGUES
28398148000145,JOQUEI CLUBE,
28398892000140,ANTONIO DIOGO,
28404418000183,DIONISIO TORRES,
28405548000130,PARQUE MANIBURA,
28414391000100,VILA VELHA,
28417379000159,NOVO MONDUBIM,
28430641000103,JOAQUIM TAVORA,
28430983000115,PASSARE,
28431935000141,VILA UNIAO,
28441146000191,BARRA DO CEARA,
28444806000198,PLANALTO AYRTON SENNA,
28453263000175,DIONISIO TORRES,
28458135000114,JANGURUSSU,
28458197000126,MARAPONGA,
28474132000174,EDSON QUEIROZ,
28482884000187,AUTRAN NUNES,
28484675000172,JARDIM DAS OLIVEIRAS,
28487695000105,BARRA DO CEARA,
28490994000190,PIRAMBU,
28492526000155,QUINTINO CUNHA,
28500104000184,BOM JARDIM,
28500412000100,RODOLFO TEOFILO,
28502085000125,ANTONIO BEZERRA,
28509093000101,PASSARE,
28511133000141,ENGENHEIRO LUCIANO CAVALCANTE,
28516084000130,CIDADE 2000,
28522165000142,FATIMA,
28524041000104,NOVO MONDUBIM,
28529080000196,JOQUEI CLUBE,
28531112000198,HENRIQUE JORGE,
28531356000170,ALDEOTA,CRISTIANE PEREIRA DA SILVA
28532498000152,PICI,
28540004000181,FLORESTA,
28554096000159,JARDIM DAS OLIVEIRAS,
28554439000185,ALDEOTA,
28562711000179,VILA PERI,
28563174000181,JARDIM DAS OLIVEIRAS,
28563993000129,COACU,
28564467000183,DIAS MACEDO,
28580882000120,JARDIM AMERICA,
28581947000152,ANCURI,
28582529000180,DAMAS,
28583850000189,MONDUBIM,
28584216000160,RODOLFO TEOFILO,
28584338000157,PARREAO,ANA CELIA DA SILVA MOREIRA
28584338000238,PARREAO,ANA CELIA DA SILVA MOREIRA
28584956000105,VILA VELHA,
28589736000166,CENTRO,IVANIO SOARES MACHADO DE LIMA
28599403000118,JOSE BONIFACIO,
28599820000160,MONTESE,
28603147000195,JANGURUSSU,
28604177000116,EDSON QUEIROZ,
28604507000173,JOAO XXIII,
28626320000170,PASSARE,
28628757000143,DIAS MACEDO,
28629081000102,ITAPERI,
28630845000180,PADRE ANDRADE,
28631657000176,BARROSO,
28643213000150,VILA PERI,
28643517000118,BOA VISTA,
28644223000100,BOM JARDIM,
28644357000121,BARROSO,
28645415000131,JANGURUSSU,
28645806000156,MEIRELES,
28646059000170,DEMOCRITO ROCHA,
28646269000169,BOM JARDIM,
28646840000145,GRANJA LISBOA,
28649087000141,BOM JARDIM,
28650334000120,VICENTE PINZON,
28656887000190,EDSON QUEIROZ,
28658070000150,PARQUE MANIBURA,
28661761000103,PASSARE,
28665077000108,PREFEITO JOSE WALTER,
28674145000197,PICI,
28675688000129,VILA PERI,
28679852000176,PREFEITO JOSE WALTER,
28683755000157,BOA VISTA / CASTELAO,ALICE GUIMARAES DA SILVA
28684360000179,PARQUE MANIBURA,
28687583000190,JANGURUSSU,
28688045000110,CONJUNTO CEARA,
28691735000128,PRAIA DO FUTURO I,
28693590000102,ITAPERI,
28696413000171,MEIRELES,WILLIAM QUEIROZ DE OLIVEIRA
28696537000157,JOSE BONIFACIO,
28696835000147,MUCURIPE,
28697788000156,MESSEJANA,
28699465000100,CIDADE 2000,
28704582000106,BOM FUTURO,
28705121000158,QUINTINO CUNHA,
28712175000140,MESSEJANA,
28726502000113,MONTESE,
28735063000105,CENTRO,
28739000000127,ITAPERI,
28739838000110,CAJAZEIRAS,
28741738000129,BARROSO,
28741777000126,CONJUNTO PALMEIRAS,
28742933000173,LAGOA REDONDA,
28747151000127,PARQUELANDIA,
28763031000113,PARQUE GENIBAU,
28765111000108,BARROSO,
28774801000123,JARDIM CEARENSE,ANTHONY PAIXAO OLIVEIRA CASTRO
28781453000111,MANUEL SATIRO,
28783575000147,SERRINHA,
28786800000107,BONSUCESSO,
28788916000177,ALDEOTA,
28789984000150,HENRIQUE JORGE,
28794757000113,SERRINHA,
28796889000184,PARANGABA,NAYARA LIMA BIZERRA REGO
28801117000193,COUTO FERNANDES,
28802315000171,PASSARE,
28806322000141,MANOEL DIAS BRANCO,
28812549000108,CANINDEZINHO,
28812947000116,BOM JARDIM,
28819414000166,PARQUE GENIBAU,
28829359000195,PIRAMBU,
28829383000124,JARDIM DAS OLIVEIRAS,
28829690000105,DIAS MACEDO,
28838343000149,CAMBEBA,
28838844000125,BARRA DO CEARA,
28843402000177,PARANGABA,
28845719000142,ALVARO WEYNE,
28847811000141,BELA VISTA,
28853759000136,CANINDEZINHO,
28854155000104,CENTRO,
28869265000140,JARDIM DAS OLIVEIRAS,
28870212000149,MEIRELES,
28873764000100,PARQUE SANTA MARIA,
28878358000130,FATIMA,SAMYA MARIA FERREIRA DE LIMA
28878574000186,CAIS DO PORTO,
28879434000122,JARDIM DAS OLIVEIRAS,
28880580000178,MEIRELES,
28884407000148,BARRA DO CEARA,
28885637000121,PARQUE GENIBAU,
28890884000116,CRISTO REDENTOR,
28891322000197,ALTO DA BALANCA,
28895470000180,VICENTE PINZON,
28895870000195,CRISTO REDENTOR,
28901399000109,SERRINHA,
28904612000128,EDSON QUEIROZ,
28904643000189,JARDIM DAS OLIVEIRAS,
28911228000152,PARQUE DOIS IRMAOS,
28913280000148,JANGURUSSU,
28919880000113,JOAQUIM TAVORA,
28923534000109,VICENTE PINZON,
28934778000197,CENTRO,
28935320000152,JOAQUIM TAVORA,
28936217000127,PARQUE PRESIDENTE VARGAS,
28936271000172,BARRA DO CEARA,
28937740000178,PEDRAS,
28944964000107,JOSE DE ALENCAR,
28950588000163,PARQUE PRESIDENTE VARGAS,
28951332000170,CARLITO PAMPLONA,
28951426000140,ALDEOTA,
28951786000141,GRANJA LISBOA,
28955403000103,VICENTE PINZON,
28958559000148,CAIS DO PORTO,
28960675000100,JANGURUSSU,
28966996000103,PARQUE DOIS IRMAOS,
28972665000186,ALTO DA BALANCA,
28974576000179,QUINTINO CUNHA,
28983675000117,ALVARO WEYNE,
28983961000182,ALVARO WEYNE,
28987823000171,FATIMA,LEANDRO RODRIGUES DE ARAUJO
28998669000133,JARDIM DAS OLIVEIRAS,
29001592000148,CONJUNTO ESPERANCA,
29004153000199,MEIRELES,
29018459000102,JARDIM DAS OLIVEIRAS,
29019244000106,SIQUEIRA,
29024871000127,AMADEU FURTADO,
29028019000128,EDSON QUEIROZ,
29031086000100,BARRA DO CEARA,
29034285000163,ALDEOTA,
29039528000156,PLANALTO AYRTON SENNA,
29041949000111,CONJUNTO ESPERANCA,
29049900000105,PARQUE DOIS IRMAOS,
29053791000108,BONSUCESSO,
29061433000139,DIAS MACEDO,
29068946000171,CARLITO PAMPLONA,
29079234000158,MEIRELES,HAMMADI BELAHBIB
29080808000108,SIQUEIRA,
29082891000154,JOQUEI CLUBE,
29083320000134,ALVARO WEYNE,
29083696000149,COACU,
29091285000103,ANCURI,
29100770000198,PAUPINA,
29101357000148,PAPICU,
29104689000186,HENRIQUE JORGE,
29105864000150,DIONISIO TORRES,
29110428000179,GRANJA PORTUGAL,
29112753000170,PASSARE,
29115608000143,PAPICU,
29120202000159,FLORESTA,
29125347000142,PARQUE DOIS IRMAOS,
29126107000162,JARDIM AMERICA,
29127458000198,GRANJA LISBOA,
29129570000168,BARROSO,
29143981000108,PAUPINA,
29145401000111,MARAPONGA,
29154988000125,JARDIM AMERICA,
29159461000193,MONTE CASTELO,
29163156000175,MONTESE,
29164432000110,ALDEOTA,
29179705000108,BARRA DO CEARA,
29181431000183,PRAIA DE IRACEMA,
29182182000140,ITAPERI,
29194424000116,ENGENHEIRO LUCIANO CAVALCANTE,
29211462000130,PARQUE SANTA MARIA,
29213016000164,CANINDEZINHO,
29213497000108,PARQUE SANTA ROSA,
29213895000124,MONDUBIM,
29226001000130,MUCURIPE,
29235118000180,JOAQUIM TAVORA,
29250596000160,PASSARE,REIDENY DOS SANTOS RODRIGUES
29253958000176,PARQUE DOIS IRMAOS,
29265053000116,CENTRO,
29269817000141,PREFEITO JOSE WALTER,
29273033000197,GUAJIRU,
29273136000157,MUCURIPE,
29273352000100,MEIRELES,
29276393000142,BARRA DO CEARA,
29278137000194,GRANJA PORTUGAL,
29278460000168,SAPIRANGA,
29282483000146,CARLITO PAMPLONA,
29288572000108,EDSON QUEIROZ,
29290108000148,PASSARE,
29291438000158,PASSARE,
29293716000106,VARJOTA,FILIPE TAYNO FERREIRA GOMES
29297059000175,BONSUCESSO,
29297620000116,MESSEJANA,
29298856000177,BARRA DO CEARA,
29301978000175,DEMOCRITO ROCHA,
29307898000127,DIAS MACEDO,
29308860000179,JANGURUSSU,
29314040000190,ANTONIO BEZERRA,
29317895000174,SIQUEIRA,
29337803000118,QUINTINO CUNHA,
29340492000146,PARQUE SANTA ROSA,
29349151000131,ALDEOTA,
29351609000197,CENTRO,MARIA ELISANGELA SILVA
29357072000172,JOSE DE ALENCAR,
29364135000118,CONJUNTO CEARA II,
29376839000100,CAJAZEIRAS,
29383508000106,VICENTE PINZON,
29385197000106,JARDIM AMERICA,
29392775000131,OLAVO OLIVEIRA,
29393969000151,MEIRELES,
29411404000150,CARLITO PAMPLONA,
29411645000107,JOSE BONIFACIO,
29412154000172,VILA UNIAO,
29415090000163,PARQUE DOIS IRMAOS,
29415975000162,PAN AMERICANO,
29416956000150,CAIS DO PORTO,
29417437000107,JARDIM DAS OLIVEIRAS,
29418709000193,JOSE DE ALENCAR,
29427221000122,JARDIM CEARENSE,
29427336000117,GRANJA LISBOA,
29429093000156,PAPICU,
29429664000152,BARRA DO CEARA,
29439287000132,PAPICU,
29442401000183,BONSUCESSO,
29442911000150,JOSE BONIFACIO,CLEYTON RODRIGUES PEDROSA
29443367000161,ALVARO WEYNE,
29445849000150,MEIRELES,
29447628000111,PRAIA DO FUTURO II,
29456666000130,BOA VISTA,
29460694000121,JANGURUSSU,
29463550000129,MEIRELES,
29464008000190,SERRINHA,
29467739000190,JARDIM DAS OLIVEIRAS,
29467809000100,HENRIQUE JORGE,
29467903000169,CAIS DO PORTO,
29472425000185,GUARARAPES,
29472708000127,CONJUNTO CEARA II,
29482017000104,BOM JARDIM,
29485953000179,QUINTINO CUNHA,
29487504000160,CAIS DO PORTO,
29487534000176,LAGOA REDONDA,
29491098000109,ALDEOTA,
29491972000108,CIDADE 2000,
29494498000178,AEROPORTO,
29497891000115,ALDEOTA,
29498445000125,MONDUBIM,
29499566000191,BENFICA,LUZIENE HONORIO DE ABREU
29504995000100,CIDADE DOS FUNCIONARIOS,
29507564000105,DAMAS,
29507785000175,EDSON QUEIROZ,
29508230000148,BONSUCESSO,
29511526000118,CONJUNTO ESPERANCA,
29514115000186,CURIO,
29516831000100,CARLITO PAMPLONA,
29516859000130,PIRAMBU,
29518205000145,PARQUE GENIBAU,
29519205000160,PASSARE,
29521480000118,FARIAS BRITO,
29522313000191,PREFEITO JOSE WALTER,
29524252000100,JOQUEI CLUBE,
29526047000175,EDSON QUEIROZ,
29527048000134,MONTESE,
29527482000114,OLAVO OLIVEIRA,
29528667000143,JARDIM GUANABARA,
29529649000186,CIDADE DOS FUNCIONARIOS,
29529742000190,NOVO MONDUBIM,
29530796000176,LAGOA REDONDA,
29532346000112,DIONISIO TORRES,
29533043000114,OLAVO OLIVEIRA,
29534360000155,PASSARE,
29534535000124,EDSON QUEIROZ,
29545411000144,JANGURUSSU,
29549462000144,PRESIDENTE KENNEDY,
29553855000121,PRAIA DO FUTURO II,
29560681000124,CAIS DO PORTO,
29564270000107,JOAQUIM TAVORA,
29565406000101,FLORESTA,
29567596000198,CAJAZEIRAS,
29571186000110,CENTRO,
29580433000145,MESSEJANA,
29587836000116,MANUEL SATIRO,
29588280000182,SAO JOAO DO TAUAPE,
29588808000113,PARQUE GENIBAU,
29591984000104,JARDIM DAS OLIVEIRAS,
29592472000162,DIONISIO TORRES,ANTONIO DE PADUA RIBEIRO CAVALCANTI
29592643000153,PASSARE,
29593302000100,PARQUE SANTA MARIA,
29597997000190,JARDIM DAS OLIVEIRAS,
29598371000107,BONSUCESSO,
29599944000109,DIAS MACEDO,
29602792000156,MUCURIPE,
29608665000164,DIAS MACEDO,
29609342000195,BARRA DO CEARA,
29610926000180,PEDRAS,ALEX FERNANDO SANTOS ALEXANDRE
29611174000172,VILA UNIAO,
29624342000164,CONJUNTO CEARA II,
29628929000141,ANTONIO BEZERRA,
29632266000139,PARANGABA,
29633496000112,PASSARE,
29635432000150,MEIRELES,
29644435000150,ALDEOTA,
29644729000182,EDSON QUEIROZ,DIOGENES CRUZ ROLIM ESMERALDO
29644729000263,EDSON QUEIROZ,DIOGENES CRUZ ROLIM ESMERALDO
29644729000344,ALDEOTA,DIOGENES CRUZ ROLIM ESMERALDO
29644729000425,EDSON QUEIROZ,DIOGENES CRUZ ROLIM ESMERALDO
29649481000142,TAUAPE,
29653041000169,BOM FUTURO,
29655468000104,BOM FUTURO,
29656858000190,PASSARE,
29657900000198,CONJUNTO PALMEIRAS,
29666416000125,BARROSO,
29666812000152,JANGURUSSU,
29668535000117,ANCURI,
29668567000112,PARQUE SANTA MARIA,
29668602000101,CAIS DO PORTO,
29668832000162,PASSARE,
29669268000100,JOAQUIM TAVORA,
29674989000109,CAMBEBA,
29680374000187,PASSARE,
29684738000105,CONJUNTO CEARA II,
29694756000160,PARQUE SANTA ROSA,
29699366000182,JANGURUSSU,
29700306000132,PARANGABA,
29704266000105,NOVO MONDUBIM,
29704740000190,SAPIRANGA,
29710411000152,PRESIDENTE KENNEDY,
29715153000105,BARRA DO CEARA,
29721597000145,PRESIDENTE KENNEDY,AUGUSTO SAVIO DE SANTIAGO FREIRE
29728648000160,MESSEJANA,
29734110000169,BONSUCESSO,
29737538000165,AEROLANDIA,
29739843000196,PASSARE,
29741177000120,SAO BENTO,
29742620000188,VICENTE PINZON,
29743064000164,GRANJA LISBOA,
29744007000108,SALINAS,
29753362000135,DAMAS,
29757057000111,PARQUE SAO JOSE,
29759364000131,PREFEITO JOSE WALTER,
29769537000100,JACARECANGA,
29772722000146,ALVARO WEYNE,
29775800000166,VICENTE PINZON,
29778439000121,EDSON QUEIROZ,
29780484000110,PREFEITO JOSE WALTER,
29783517000186,PASSARE,
29787590000126,AEROPORTO,
29794157000118,JOAQUIM TAVORA,
29801208000191,GRANJA LISBOA,
29801801000138,JOAQUIM TAVORA,IZAIAS PEREIRA
29803347000154,GRANJA LISBOA,
29805902000187,EDSON QUEIROZ,
29811876000108,MONTE CASTELO,
29816039000163,CAIS DO PORTO,
29816438000124,SERRINHA,
29819457000104,QUINTINO CUNHA,
29819613000137,MONTESE,
29820082000100,EDSON QUEIROZ,
29823717000115,CENTRO,
29824822000179,PRAIA DO FUTURO II,
29824921000150,COCO,
29830133000177,SERRINHA,
29833208000173,JANGURUSSU,
29838413000121,DENDE,
29838878000182,ITAPERI,
29842874000178,DIONISIO TORRES,
29849071000145,VILA PERI,
29849420000129,JANGURUSSU,
29850082000145,LAGOA REDONDA,
29850644000150,LAGOA REDONDA,
29857188000170,NOVO MONDUBIM,
29877380000129,CIDADE DOS FUNCIONARIOS,
29883874000116,CENTRO,
29889108000169,PAPICU,MANUELA CAMPELO BORGES FEITOSA FREITAS
29892380000106,VILA PERI,
29893877000130,CONJUNTO CEARA I,
29894931000162,CIDADE DOS FUNCIONARIOS,
29916044000148,MONDUBIM,
29916893000100,BONSUCESSO,
29917245000160,CONJUNTO PALMEIRAS,
29921615000132,VILA UNIAO,
29929812000106,CENTRO,
29930942000150,DIAS MACEDO,
29939125000163,PARANGABA,
29940500000195,CIDADE 2000,
29940621000137,ALDEOTA,
29941303000190,PREFEITO JOSE WALTER,
29942839000120,ANTONIO BEZERRA,
29946500000100,DIONISIO TORRES,
29949667000117,MONDUBIM,
29950663000159,FATIMA,
29950898000140,VILA UNIAO,KELVIANNE DE QUEIROZ PASSOS
29951510000126,CAMBEBA,
29952114000113,GRANJA PORTUGAL,
29959405000133,CAMBEBA,
29961775000105,BARRA DO CEARA,
29964114000133,CIDADE DOS FUNCIONARIOS,
29965933000103,PREFEITO JOSE WALTER,
29983439000163,COCO,
29984571000190,ALVARO WEYNE,
29984759000138,MESSEJANA,
29985054000135,PAUPINA,
29985648000146,PADRE ANDRADE,
29985773000156,CONJUNTO CEARA I,
29988020000102,BARRA DO CEARA,
29993063000178,MEIRELES,
29996133000141,MONDUBIM,
29999168000134,JACARECANGA,
29999475000115,MONTESE,
30000201000150,CENTRO,
30010295000148,FATIMA,
30013724000130,LAGOA REDONDA,
30015905000104,PARQUE GENIBAU,
30016412000180,PARANGABA,
30028390000179,ALVARO WEYNE,
30035876000134,CAIS DO PORTO,
30040827000190,PRESIDENTE KENNEDY,
30043605000120,SIQUEIRA,
30070566000150,VILA VELHA,
30081539000183,MONDUBIM,
30087718000128,EDSON QUEIROZ,
30089834000186,PLANALTO AYRTON SENNA,
30094604000105,JANGURUSSU,
30095011000163,PRAIA DE IRACEMA,
30098488000100,PASSARE,
30100680000186,JOAQUIM TAVORA,
30105701000156,ALDEOTA,
30112017000100,PASSARE,
30115742000123,ALDEOTA,ALISSON RIOS DE LIMA
30117516000181,HENRIQUE JORGE,
30117895000100,PASSARE,
30120378000190,PEDRAS,
30122438000103,COCO,
30123013000119,PRAIA DE IRACEMA,
30133187000162,CIDADE DOS FUNCIONARIOS,
30136255000147,CIDADE 2000,
30138605000104,DIAS MACEDO,
30138631000132,QUINTINO CUNHA,
30151216000119,MUCURIPE,
30152247000194,JOAQUIM TAVORA,
30156631000165,PARQUE MANIBURA,
30156727000123,MESSEJANA,
30157182000170,PASSARE,
30159136000100,BARRA DO CEARA,
30163515000173,LAGOA REDONDA,
30167013000110,JANGURUSSU,
30167129000150,PLANALTO AYRTON SENNA,
30167218000104,PLANALTO AYRTON SENNA,
30168532000101,PAPICU,
30174526000159,BENFICA,
30175712000102,BARRA DO CEARA,
30177519000100,FATIMA,
30182192000165,AUTRAN NUNES,
30182769000139,DEMOCRITO ROCHA,
30183991000156,MONDUBIM,
30186341000164,ALVARO WEYNE,
30187606000149,DEMOCRITO ROCHA,
30191339000183,BARRA DO CEARA,
30192899000152,MANOEL DIAS BRANCO,
30193986000124,VILA VELHA,
30194334000104,SAO BENTO,
30202321000130,PAPICU,
30204597000157,BARROSO,
30204720000130,FARIAS BRITO,
30208222000165,BOM JARDIM,
30209625000129,FLORESTA,
30223842000173,SAPIRANGA,
30233752000163,JACARECANGA,
30234156000106,SAO BENTO,
30234353000117,ITAOCA,
30235073000123,PARQUE SANTA MARIA,
30235138000130,LAGOA REDONDA,
30242518000100,SERRINHA,
30244831000170,BARRA DO CEARA,
30249289000148,CENTRO,
30250234000158,DOM LUSTOSA,
30252529000163,COCO,
30254315000126,JOSE DE ALENCAR,
30255283000183,JOSE BONIFACIO,
30256807000150,CONJUNTO CEARA II,
30262027000113,GRANJA PORTUGAL,
30267018000115,JOAQUIM TAVORA,FELIPE DA COSTA BAIA
30275618000125,PARQUE DOIS IRMAOS,
30279201000130,JARDIM DAS OLIVEIRAS,
30279232000191,BELA VISTA,
30283878000142,PAPICU,
30286054000126,MEIRELES,
30289260000190,NOVO MONDUBIM,
30290544000104,PARQUE SANTA ROSA,
30290685000119,CAJAZEIRAS,
30290693000165,ALDEOTA,
30297939000120,MONDUBIM,
30299262000160,PARREAO,
30300319000101,CONJUNTO CEARA I,
30300718000164,LAGOA REDONDA,
30305575000183,SAO JOAO DO TAUAPE,
30309797000174,CENTRO,
30310203000145,MONTE CASTELO,
30314196000150,PICI,
30315099000181,PLANALTO AYRTON SENNA,
30316928000140,CRISTO REDENTOR,
30319106000113,DIAS MACEDO,
30319532000157,ALDEOTA,
30324873000110,CANINDEZINHO,
30325929000151,JANGURUSSU,
30335872000171,VILA PERI,
30345244000177,SERRINHA,
30345592000144,PARQUE DOIS IRMAOS,
30350451000110,PAUPINA,
30351034000191,EDSON QUEIROZ,
30351716000102,ENGENHEIRO LUCIANO CAVALCANTE,
30356542000162,GUAJERU,
30357186000100,PARQUE MANIBURA,
30368919000101,CAIS DO PORTO,
30371076000194,JOAQUIM TAVORA,
30383578000135,EDSON QUEIROZ,
30388806000160,MONDUBIM,
30403592000153,JANGURUSSU,
30403947000104,BARRA DO CEARA,
30404182000127,SIQUEIRA,
30414716000104,MEIRELES,
30415243000151,AEROLANDIA,
30418273000111,MONDUBIM,
30418306000123,CAIS DO PORTO,
30418902000103,PARQUE SAO JOSE,
30418912000149,VILA VELHA,
30431901000107,JOAQUIM TAVORA,
30433629000196,JANGURUSSU,
30436089000102,QUINTINO CUNHA,
30436436000199,BARROSO,
30448726000152,JARDIM CEARENSE,
30449041000120,PARQUE GENIBAU,
30456691000101,MARAPONGA,
30459462000132,NOVO MONDUBIM,
30460909000193,PASSARE,
30462396000150,ALDEOTA,
30464100000130,PAPICU,
30467081000103,DIAS MACEDO,
30468737000102,ANTONIO BEZERRA,
30471014000154,PASSARE,
30472739000167,PARANGABA,
30473572000159,MONDUBIM,
30478189000193,CIDADE 2000,
30480501000183,EDSON QUEIROZ,
30483123000191,CANINDEZINHO,
30484002000164,EDSON QUEIROZ,
30486406000197,PARQUE PRESIDENTE VARGAS,
30486686000133,EDSON QUEIROZ,
30488013000112,CONJUNTO CEARA I,
30497437000143,PASSARE,
30507763000194,VILA VELHA,
30510050000180,PIRAMBU,
30513555000106,BARRA DO CEARA,
30514412000100,PLANALTO AYRTON SENNA,
30514499000116,MANUEL SATIRO,
30514589000107,JOQUEI CLUBE,
30523917000131,SAPIRANGA,
30525214000142,ELLERY,
30525453000100,CONJUNTO CEARA I,
30531000000189,VILA VELHA,
30531599000150,MONDUBIM,
30532859000102,CRISTO REDENTOR,
30535731000100,ITAPERI,
30538392000108,CIDADE 2000,
30544147000103,CIDADE DOS FUNCIONARIOS,
30550524000117,MONTE CASTELO,ISADORA DOS SANTOS RIBEIRO
30557394000144,JOAQUIM TAVORA,
30558424000137,CIDADE 2000,
30563336000123,VICENTE PINZON,
30564509000128,VARJOTA,
30565313000158,BARRA DO CEARA,
30565556000196,VICENTE PINZON,
30567769000157,BONSUCESSO,
30568482000141,CIDADE DOS FUNCIONARIOS,
30572025000120,MONDUBIM,
30574088000116,SIQUEIRA,
30577322000169,BONSUCESSO,SANDRA MARIA FONSECA LOURENCO
30578614000116,PAUPINA,
30582905000188,SAO GERARDO,
30588515000115,MESSEJANA,
30593083000130,HENRIQUE JORGE,
30594381000145,VILA UNIAO,
30595388000181,JARDIM IRACEMA,
30600947000102,SERRINHA,
30608573000163,JARDIM DAS OLIVEIRAS,
30613858000192,BOM JARDIM,
30618163000101,MEIRELES,
30619629000185,MESSEJANA,
30623039000126,PICI,
30623058000152,SAPIRANGA,
30625357000126,ALDEOTA,
30628693000122,HENRIQUE JORGE,
30634928000199,AUTRAN NUNES,
30635028000166,MANUEL SATIRO,
30635492000152,PICI,
30637186000155,JOAQUIM TAVORA,
30637463000120,CAIS DO PORTO,
30637618000128,MEIRELES,
30640911000144,SAO GERARDO,
30642695000176,CONJUNTO CEARA I,
30647474000190,PARQUE DOIS IRMAOS,
30649992000143,JARDIM CEARENSE,
30650203000194,CENTRO,
30650286000111,VICENTE PINZON,
30650534000124,ALVARO WEYNE,
30652784000101,ITAPERI,
30658004000122,PARREAO,
30659057000168,MESSEJANA,
30661026000141,ALDEOTA,
30666417000159,PARQUE ARAXA,
30668120000122,ANTONIO BEZERRA,
30670391000112,JANGURUSSU,
30676320000127,BARRA DO CEARA,
30681228000155,PREFEITO JOSE WALTER,
30683559000124,BOA VISTA,
30687476000103,EDSON QUEIROZ,
30690355000110,PLANALTO AYRTON SENNA,
30691637000132,LAGOA REDONDA,
30692821000105,CIDADE 2000,
30695500000156,GRANJA PORTUGAL,
30700227000100,PARQUE SAO JOSE,
30704158000103,MEIRELES,
30723012000105,SAPIRANGA-COITE,
30723231000194,SABIAGUABA,
30726612000127,ANTONIO BEZERRA,
30733213000193,VILA PERI,
30734280000122,PARQUE DOIS IRMAOS,
30735208000110,CENTRO,
30737188000116,PREFEITO JOSE WALTER,
30738783000176,MONTESE,
30741089000108,PICI,WESLEY DE SOUSA MENDONCA
30742943000150,FATIMA,
30745774000102,MEIRELES,
30747538000125,VARJOTA,
30750217000180,CENTRO,
30751215000105,BOA VISTA,
30756778000196,MEIRELES,
30758427000114,SERRINHA,
30760228000140,PASSARE,
30763948000160,ALVARO WEYNE,
30764375000199,PARQUE GENIBAU,
30766099000106,EDSON QUEIROZ,
30775581000102,ENGENHEIRO LUCIANO CAVALCANTE,
30778860000111,FATIMA,
30782606000197,SAPIRANGA,
30785910000198,JANGURUSSU,
30786888000109,CAMBEBA,
30787318000125,GRANJA PORTUGAL,
30787504000164,JOAO XXIII,
30787723000143,JANGURUSSU,
30787787000144,BENFICA,
30787862000177,MEIRELES,
30791245000145,BELA VISTA,
30804174000178,BELA VISTA,
30810146000163,CAMBEBA,
30820803000153,VILA VELHA,
30829475000156,VICENTE PINZON,
30829997000158,PARANGABA,
30831665000108,JOSE DE ALENCAR,
30832774000140,LAGOA REDONDA,
30835031000123,VILA UNIAO,
30839014000164,CONJUNTO CEARA II,
30841474000127,DIAS MACEDO,
30846889000193,FLORESTA,
30849195000100,ALDEOTA,LUANA SOUTO KERR DOS SANTOS
30855578000190,PARQUE SANTA ROSA,
30861719000188,JARDIM DAS OLIVEIRAS,
30867688000172,SAO BENTO,
30874357000160,CENTRO,
30875055000106,CURIO,
30876622000149,PREFEITO JOSE WALTER,
30881646000196,PARQUE SANTA ROSA,
30881979000115,JACARECANGA,
30886992000167,JOSE BONIFACIO,
30889606000190,PAUPINA,
30897062000109,CANINDEZINHO,
30898103000181,PARQUE SANTA ROSA,
30901694000107,SIQUEIRA,
30902212000125,PLANALTO AYRTON SENNA,
30904552000195,BOM JARDIM,
30905401000151,AUTRAN NUNES,
30907458000190,MANOEL DIAS BRANCO,
30907535000101,PARREAO,SELENE SANTOS CAVALCANTE
30908181000110,JOQUEI CLUBE,ALANIS FACANHA AMORIM
30912452000100,MONTESE,
30917658000123,PARQUELANDIA,
30925829000166,MONTESE,
30943424000150,PLANALTO AYRTON SENNA,
30945144000181,PRESIDENTE KENNEDY,
30945699000123,BOA VISTA,
30947947000175,DENDE,
30953797000102,JARDIM DAS OLIVEIRAS,
30954581000161,SAPIRANGA,
30955792000119,GRANJA LISBOA,
30957983000110,SAO JOAO DO TAUAPE,
30961484000104,PARANGABA,
30962183000197,CANINDEZINHO,
30963472000100,MONDUBIM,DAVI EMANUEL AIRES BENEVIDES
30965509000130,GRANJA PORTUGAL,
30966258000108,JARDIM AMERICA,
30970846000115,GRANJA PORTUGAL,
30973115000123,ARACAPE,
30973718000125,CONJUNTO ESPERANCA,FRANCISCO FLAVIO NOGUEIRA ANDRADE
30975857000198,JACARECANGA,
30977120000104,MESSEJANA,
30985875000150,GUAJIRU,
30991016000174,AEROLANDIA,
30995319000165,CONJUNTO ESPERANCA,
31001540000113,PAPICU,
31007363000182,MONTE CASTELO,
31013906000174,OLAVO OLIVEIRA,
31014213000104,PARANGABA,
31014946000130,AEROLANDIA,
31015691000120,VICENTE PINZON,JOSE DIEGO MENEZES PARENTE
31016145000104,CIDADE DOS FUNCIONARIOS,
31020015000145,LAGOA REDONDA,
31020814000111,CRISTO REDENTOR,
31021271000157,OLAVO OLIVEIRA,
31021275000135,ALDEOTA,FRANCISCO FLAVIO ARAUJO
31021537000161,MEIRELES,ALEF STEDILE BRANDAO
31024728000187,FATIMA,MARIA ALINE DE SOUSA CAMURCA
31025940000169,GRANJA LISBOA,
31030830000195,SABIAGUABA,
31057335000170,CONJUNTO CEARA II,
31057868000151,CONJUNTO CEARA I,
31063109000100,SAPIRANGA-COITE,
31066110000180,PAUPINA,
31069983000146,FARIAS BRITO,MOISES ALVES DE LIMA
31072321000125,PADRE ANDRADE,
31076915000104,PARQUE SANTA MARIA,
31088323000102,AMADEU FURTADO,
31089726000176,PREFEITO JOSE WALTER,
31091206000106,EDSON QUEIROZ,
31092345000146,MESSEJANA,
31092373000163,PREFEITO JOSE WALTER,
31097234000122,CARLITO PAMPLONA,
31102629000176,BOM FUTURO,
31103816000174,MONTE CASTELO,
31115575000183,PAUPINA,
31115882000164,HENRIQUE JORGE,
31115980000100,PIRAMBU,
31118104000129,CONJUNTO PALMEIRAS,
31119155000175,PARQUE DOIS IRMAOS,
31124169000187,PAUPINA,
31129872000188,PARQUE SANTA MARIA,
31133365000118,ARACAPE,
31140638000151,JOAQUIM TAVORA,
31143250000104,PEDRAS,
31149063000138,PLANALTO AYRTON SENNA,
31149623000154,JOQUEI CLUBE,
31150479000176,GRANJA PORTUGAL,
31151792000129,PARQUE SANTA MARIA,
31154348000167,GRANJA PORTUGAL,
31155862000117,PREFEITO JOSE WALTER,
31158614000120,BOM JARDIM,
31160821000119,PASSARE,
31161222000110,MONDUBIM,
31162335000130,MEIRELES,
31184397000142,BARRA DO CEARA,
31189212000192,VILA VELHA,
31190871000149,SIQUEIRA,
31191250000180,MANUEL DIAS BRANCO,RODRIGO COSTA GOMES
31191556000136,PAUPINA,FRANCISCA MICHELLE DOS SANTOS SILVA
31200760000176,PLANALTO AYRTON SENNA,
31201640000193,ITAPERI,
31202410000149,BARRA DO CEARA,
31211202000106,SAO JOAO DO TAUAPE,
31215929000161,PASSARE,
31233339000161,PASSARE,
31244468000155,CONJUNTO CEARA II,
31244560000115,VARJOTA,
31247634000177,PRAIA DE IRACEMA,
31252776000122,PARQUE SANTA MARIA,SUELEN FERREIRA DE SIQUEIRA
31255592000116,MANOEL DIAS BRANCO,
31256112000131,VILA UNIAO,
31257554000100,VICENTE PINZON,
31260504000174,EDSON QUEIROZ,
31272843000170,BOM FUTURO,
31275741000109,ITAPERI,
31277846000105,PREFEITO JOSE WALTER,
31283078000194,ALDEOTA,
31287910000120,CONJUNTO PALMEIRAS,
31296268000146,BARROSO,
31315116000143,PARREAO,
31330480000182,MONTE CASTELO,
31337388000144,MESSEJANA,
31340741000145,PASSARE,
31345109000194,ENGENHEIRO LUCIANO CAVALCANTE,
31345539000106,CONJUNTO PALMEIRAS,
31348127000120,CAMBEBA,
31348520000113,AMADEU FURTADO,
31348890000150,ALVARO WEYNE,
31351668000107,NOVO MONDUBIM,
31357602000124,PARANGABA,
31359317000142,AEROLANDIA,
31361250000180,BOM JARDIM,
31361492000174,JANGURUSSU,
31361691000182,CONJUNTO ESPERANCA,
31371937000105,SIQUEIRA,
31376732000104,ALTO DA BALANCA,
31378095000105,JANGURUSSU,
31382689000190,JANGURUSSU,
31386051000127,GRANJA LISBOA,
31388128000106,CENTRO,
31389581000129,CARLITO PAMPLONA,
31394443000138,GRANJA LISBOA,
31395033000101,CENTRO,
31398268000157,PARQUE GENIBAU,
31404749000128,CANINDEZINHO,
31412482000110,ALVARO WEYNE,
31425058000100,ALTO DA BALANCA,
31427624000113,ALDEOTA,
31428404000104,GUARARAPES,
31429969000106,JARDIM GUANABARA,
31431249000185,PRAIA DO FUTURO I,
31437124000162,PARQUE SANTA ROSA,
31437461000150,JARDIM CEARENSE,
31439940000105,ALDEOTA,
31441613000198,CONJUNTO PALMEIRAS,
31442269000151,PRESIDENTE KENNEDY,
31443446000114,JOSE DE ALENCAR,
31444390000112,PREFEITO JOSE WALTER,
31445580000154,JOSE DE ALENCAR,
31447044000198,AEROLANDIA,
31451066000121,JOSE BONIFACIO,
31451111000148,JOSE DE ALENCAR,
31451548000181,PATRIOLINO RIBEIRO,
31458700000158,JANGURUSSU,
31460031000159,VILA VELHA,
31461693000143,VICENTE PINZON,
31462886000119,MARAPONGA,
31463933000149,JACARECANGA,
31465344000108,RODOLFO TEOFILO,
31469169000119,CARLITO PAMPLONA,
31478061000192,DENDE,
31497749000110,SAO BENTO,
31499496000113,JOQUEI CLUBE,
31499894000130,BARRA DO CEARA,
31502421000144,MONDUBIM,
31502638000154,MONTE CASTELO,
31503205000113,BONSUCESSO,
31505957000113,MUCURIPE,
31514618000101,CAMBEBA,
31514660000114,CIDADE DOS FUNCIONARIOS,
31515244000130,BARROSO,
31519164000153,ALVARO WEYNE,
31522400000190,MONDUBIM,
31524688000132,DAMAS,FRANCISCO RAMON RAMOS DE OLIVEIRA
31525614000110,VARJOTA,
31526470000117,CONJUNTO CEARA II,
31531738000109,PARREAO,
31533531000173,CRISTO REDENTOR,
31540718000102,JACARECANGA,
31542165000119,CIDADE 2000,
31546824000195,MUCURIPE,
31550026000137,CAJAZEIRAS,
31550596000127,ITAPERI,
31555046000109,GRANJA LISBOA,
31562996000152,ITAPERI,
31565379000100,AUTRAN NUNES,
31570061000118,ANTONIO BEZERRA,
31570109000198,PIRAMBU,
31577068000161,SAO JOAO DO TAUAPE,
31578985000160,ALDEOTA,
31579336000184,JOAO XXIII,
31581054000111,PASSARE,
31583323000189,BARROSO,
31583989000137,PREFEITO JOSE WALTER,
31590378000116,DIAS MACEDO,
31593752000137,VICENTE PINZON,
31599341000159,MONTESE,
31605427000147,JANGURUSSU,
31617158000139,PARQUE SANTA MARIA,
31622310000171,MONTESE,
31622493000125,SAO GERARDO,
31624592000146,MUCURIPE,
31625105000160,PASSARE,
31633962000101,PARQUE GENIBAU,
31634179000162,FATIMA,
31634268000109,MONTE CASTELO,
31635119000164,JARDIM DAS OLIVEIRAS,
31644298000104,FATIMA,ANDREIA DE ALMEIDA MACHADO
31646090000116,DIONISIO TORRES,
31650643000104,FARIAS BRITO,
31658451000144,MONDUBIM,WEBERSON GOMES DA SILVA
31667308000119,CURIO,
31667855000102,JARDIM DAS OLIVEIRAS,
31669061000170,BOM JARDIM,
31673017000133,MONDUBIM,
31678673000129,CANINDEZINHO,
31679880000106,SAO JOAO DO TAUAPE,
31681959000163,PARANGABA,
31687454000106,HENRIQUE JORGE,
31697332000109,BOA VISTA,
31697613000153,FARIAS BRITO,
31708911000100,FATIMA,
31716030000122,VICENTE PINZON,
31716867000171,EDSON QUEIROZ,
31717962000190,CONJUNTO PALMEIRAS,
31721831000186,CIDADE 2000,
31725037000100,PARQUE PRESIDENTE VARGAS,
31727475000108,JARDIM DAS OLIVEIRAS,
31729899000101,PICI,
31731378000199,CURIO,
31732211000142,BOM JARDIM,
31735270000174,MEIRELES,BEATRIZ COSTA FERRAZ
31735270000255,COCO,BEATRIZ COSTA FERRAZ
31736688000104,MESSEJANA,
31737268000134,SAPIRANGA,
31738658000129,MEIRELES,
31743089000100,COCO,
31744583000199,SAO BENTO,
31754860000144,MESSEJANA,
31755988000122,PASSARE,
31764515000191,FATIMA,
31765856000181,JARDIM DAS OLIVEIRAS,
31771302000197,MONTE CASTELO,
31775911000114,MESSEJANA,
31779753000170,MESSEJANA,
31779920000183,CIDADE 2000,
31779979000171,CIDADE 2000,
31784618000113,ALDEOTA,
31792058000149,CENTRO,
31795658000160,VILA VELHA,
31797072000135,JOQUEI CLUBE,
31815672000189,PARANGABA,
31822806000199,SAPIRANGA,
31822881000150,BENFICA,
31825504000174,GUAJIRU,
31827271000149,CENTRO,
31840313000181,VILA ELLERY,
31841046000167,MOURA BRASIL,
31842441000164,PRAIA DE IRACEMA,
31845284000140,PARANGABA,
31847702000139,VILA VELHA,
31851251000103,SERRINHA,ANA LIVIA CORDEIRO BEZERRA
31854895000155,HENRIQUE JORGE,
31855450000190,PAPICU,
31860452000177,FLORESTA,
31871070000149,PREFEITO JOSE WALTER,
31877882000100,EDSON QUEIROZ,
31880662000127,JANGURUSSU,
31888556000190,PARANGABA,
31891040000102,PASSARE,
31895530000179,TAUAPE,
31896484000122,CENTRO,
31901405000124,PAUPINA,
31901559000116,MOURA BRASIL,
31904367000163,PARREAO,JOHNNY CHARLES MOREIRA FREIRES
31905492000198,MESSEJANA,
31908091000191,JARDIM CEARENSE,
31911064000178,CAJAZEIRAS,
31915356000189,DEMOCRITO ROCHA,
31919940000102,JARDIM DAS OLIVEIRAS,
31922030000189,BONSUCESSO,
31922805000116,PARQUE MANIBURA,
31926193000130,PIRAMBU,
31927803000110,BENFICA,
31928378000183,LAGOA REDONDA,
31930284000149,PARQUE DOIS IRMAOS,
31949562000100,ALTO DA BALANCA,
31951555000142,CENTRO,DANTON RIBEIRO JUNIOR
31952855000146,BOM FUTURO,
31954276000132,CANINDEZINHO,
31954556000140,DIAS MACEDO,
31955591000184,BELA VISTA,
31956135000159,BELA VISTA,
31961651000171,PIRAMBU,
31963272000110,FATIMA,
31965797000195,CONJUNTO PALMEIRAS,
31966411000160,VILA VELHA,
31966522000176,JANGURUSSU,
31967017000146,MANOEL DIAS BRANCO,
31968207000188,GRANJA PORTUGAL,
31978376000107,MARAPONGA,
31982584000171,PADRE ANDRADE,
31983780000160,PAPICU,
31984335000115,PRAIA DO FUTURO II,
31984554000102,PIRAMBU,
31984692000183,VICENTE PINZON,
31984953000165,PAPICU,
31989756000139,CONJUNTO PALMEIRAS,
32003552000140,VARJOTA,
32004123000197,CENTRO,
32007241000159,PARQUE MANIBURA,
32008407000151,VICENTE PINZON,
32009314000141,VARJOTA,
32009583000108,MESSEJANA,
32014950000161,VICENTE PINZON,
32015628000157,JARDIM DAS OLIVEIRAS,
32015764000147,FATIMA,
32020201000147,PREFEITO JOSE WALTER,JESSICA VIEIRA MARTINS MORAIS
32020575000162,PIRAMBU,
32021794000166,QUINTINO CUNHA,
32026235000149,CRISTO REDENTOR,
32027095000123,CIDADE 2000,
32032016000172,ALDEOTA,
32036101000109,VILA PERI,
32036654000161,JARDIM GUANABARA,
32042341000116,SERRINHA,
32052108000114,PARANGABA,
32056091000173,MARAPONGA,PEDRO ALBERTO DANTAS DA SILVA
32056416000118,COCO,
32056960000160,GRANJA LISBOA,
32058258000135,VILA VELHA,
32060321000178,ALTO DA BALANCA,
32060795000110,LAGOA REDONDA,
32064870000110,PAPICU,
32068133000196,PRAIA DO FUTURO II,
32079762000111,PASSARE,
32082948000120,BARRA DO CEARA,
32086822000123,DIAS MACEDO,
32088398000156,JANGURUSSU,
32091524000121,VICENTE PINZON,
32093770000112,MONDUBIM,
32094382000156,MONDUBIM,
32099231000190,JARDIM DAS OLIVEIRAS,
32099340000108,CAMBEBA,
32100077000120,VILA VELHA,
32101102000190,EDSON QUEIROZ,ERIKA KAROLINE DE AZEVEDO ARAGAO
32101384000125,SAPIRANGA,
32106855000198,PASSARE,
32108036000180,CAMBEBA,
32112643000113,BOM JARDIM,
32115296000182,MESSEJANA,
32116560000100,SERRINHA,
32117613000108,PREFEITO JOSE WALTER,
32133943000189,PARQUE DOIS IRMAOS,
32136455000125,VICENTE PINZON,
32141512000164,SAPIRANGA,RENAN PEREIRA DO NASCIMENTO
32148472000182,HENRIQUE JORGE,
32153417000180,BOM JARDIM,
32160547000140,ALDEOTA,
32170528000103,FATIMA,ANTONIO DEUZIMAR ALVES DE ARAUJO
32171219000140,MEIRELES,
32178446000105,CANINDEZINHO,
32184687000159,BOM FUTURO,
32186737000137,PADRE ANDRADE,
32187138000138,VILA VELHA,EDILBERTO SALGUEIRO DA SILVA
32188355000142,PLANALTO AYRTON SENNA,
32193818000164,PASSARE,
32198800000155,BOA VISTA,
32199355000148,BOM JARDIM,
32212918000190,GRANJA LISBOA,
32214894000109,PAUPINA,
32214912000152,ENGENHEIRO LUCIANO CAVALCANTE,
32216880000124,DIAS MACEDO,
32227612000108,JARDIM DAS OLIVEIRAS,
32230486000140,PARQUE MANIBURA,
32236666000130,CIDADE DOS FUNCIONARIOS,
32237114000146,CENTRO,
32240005000188,ALDEOTA,
32242344000101,BARRA DO CEARA,
32243005000131,BELA VISTA,
32245400000153,JARDIM IRACEMA,
32251111000167,DIAS MACEDO,
32252452000157,JOAO XXIII,
32256111000150,MANUEL SATIRO,
32265160000159,EDSON QUEIROZ,
32268447000132,PARQUE SAO JOSE,
32270791000166,SAO GERARDO,
32271174000185,COACU,
32271867000178,VILA PERI,
32272456000105,SAPIRANGA,
32281124000189,FATIMA,
32283310000157,DIONISIO TORRES,PAULO CESAR DA COSTA SINCERO
32283466000138,BOM JARDIM,
32287824000180,EDSON QUEIROZ,
32288802000135,CAIS DO PORTO,
32288943000158,PICI,
32298087000111,JOSE BONIFACIO,
32304006000149,CONJUNTO ESPERANCA,
32304626000188,GRANJA LISBOA,
32304778000180,PLANALTO AYRTON SENNA,
32309166000180,FATIMA,
32315375000137,PARQUE DOIS IRMAOS,
32328394000106,BARRA DO CEARA,
32329691000168,CIDADE DOS FUNCIONARIOS,
32339844000158,BONSUCESSO,
32344594000144,CENTRO,
32345334000193,GENIBAU,
32345424000184,DIONISIO TORRES,JOSE DE SOUZA FILHO
32355419000152,PRAIA DO FUTURO I,
32357343000102,CRISTO REDENTOR,
32358381000171,MESSEJANA,
32367317000157,CENTRO,
32367751000137,MARAPONGA,
32370723000179,MONDUBIM,
32370992000135,BOM FUTURO,
32374840000100,BOM JARDIM,
32383316000104,PARANGABA,
32386462000185,ANTONIO BEZERRA,
32386935000144,RODOLFO TEOFILO,
32392062000182,MONDUBIM,
32406576000140,BARRA DO CEARA,
32406714000190,ENGENHEIRO LUCIANO CAVALCANTE,
32417681000184,PARQUELANDIA,AURECI ALVES DIAS
32418787000100,DIAS MACEDO,
32421336000114,PARQUE DOIS IRMAOS,
32423986000107,PADRE ANDRADE,DIEGO PINHO LEITE
32427271000114,SAPIRANGA-COITE,
32427356000100,PLANALTO AYRTON SENNA,
32440493000177,PARQUELANDIA,
32443891000147,VILA VELHA,
32449496000171,MEIRELES,
32450670000104,PARQUE GENIBAU,
32453038000106,MESSEJANA,
32461680000137,GRANJA LISBOA,
32462626000106,MESSEJANA,
32465434000153,PARQUE IRACEMA,ALLAN DE MAGALHAES SALES
32468762000103,SAO JOAO DO TAUAPE,
32472506000190,ITAPERI,
32477893000157,PANAMERICANO,
32478259000139,PARQUE GENIBAU,
32478569000153,PARQUE GENIBAU,
32478891000182,JANGURUSSU,
32480924000129,DIONISIO TORRES,
32481458000104,DIONISIO TORRES,
32481963000140,PARANGABA,
32482217000171,DIONISIO TORRES,
32483796000177,PRESIDENTE KENNEDY,
32490099000143,MEIRELES,
32490896000120,JARDIM DAS OLIVEIRAS,
32498520000162,PASSARE,
32499456000134,GRANJA PORTUGAL,
32503539000150,PRAIA DO FUTURO II,
32506401000104,SAPIRANGA,
32514761000158,MARAPONGA,
32519147000189,MONTESE,
32520035000148,SAPIRANGA,
32521786000189,JARDIM DAS OLIVEIRAS,
32522589000184,VILA PERI,
32524333000106,PAUPINA,
32524976000150,BOM JARDIM,
32525162000130,PASSARE,
32538512000100,CARLITO PAMPLONA,
32539328000177,VILA UNIAO,
32541015000153,DIONISIO TORRES,DJIANE SUCOSKI RAUPP
32541033000135,BONSUCESSO,
32541244000178,JOSE BONIFACIO,
32543276000102,ALDEOTA,
32543337000131,MONTE CASTELO,
32544947000150,CONJUNTO CEARA II,
32549183000195,PARQUE DOIS IRMAOS,
32549900000189,JARDIM DAS OLIVEIRAS,
32554119000100,VILA UNIAO,
32556290000140,PICI,
32557620000112,VICENTE PINZON,
32558188000184,VICENTE PINZON,FELIPE GABRIEL DA SILVA
32562851000114,SAO GERARDO,
32570514000179,CENTRO,
32570710000143,CENTRO,
32582167000102,JANGURUSSU,
32584638000103,FLORESTA,
32586154000101,VICENTE PINZON,JESSICA DA SILVA NOGUEIRA
32587715000189,PARQUE PRESIDENTE VARGAS,
32590287000143,AEROPORTO,
32593068000118,HENRIQUE JORGE,
32598752000192,PICI,
32599660000127,MOURA BRASIL,
32609013000159,DEMOCRITO ROCHA,
32609123000110,PARQUE IRACEMA,
32613285000122,CIDADE DOS FUNCIONARIOS,
32613557000194,MONDUBIM,
32613701000192,VICENTE PINZON,
32613801000119,PADRE ANDRADE,
32614363000103,CAIS DO PORTO,
32616840000170,JARDIM AMERICA,
32620618000140,GENIBAU,
32620952000102,MONTESE,
32626110000150,EDSON QUEIROZ,
32636042000100,SIQUEIRA,
32636622000105,JARDIM GUANABARA,
32643020000177,CONJUNTO PALMEIRAS,
32643206000126,PARANGABA,
32643522000106,JARDIM IRACEMA,
32644209000184,BOA VISTA-CASTELAO,
32647244000157,COCO,
32647371000156,LAGOA REDONDA,
32653536000100,SAO JOAO DO TAUAPE,
32657184000153,CAJAZEIRAS,
32659100000110,PLANALTO AYRTON SENNA,
32663784000124,FARIAS BRITO,
32673828000105,VARJOTA,
32684754000102,DENDE,
32686053000102,PREFEITO JOSE WALTER,
32692460000114,PARQUE DOIS IRMAOS,
32694054000190,BARRA DO CEARA,
32706783000110,ALDEOTA,
32709478000181,JANGURUSSU,
32712938000120,EDSON QUEIROZ,
32716825000101,JARDIM CEARENSE,
32718031000179,PASSARE,
32721539000126,BARRA DO CEARA,
32724398000103,LAGOA REDONDA,
32724526000100,PASSARE,
32724810000187,JOQUEI CLUBE,
32727351000195,MEIRELES,
32728414000128,MANUEL SATIRO,
32729371000103,VICENTE PINZON,
32731520000160,PARQUE DOIS IRMAOS,
32732720000138,CONJUNTO PALMEIRAS,
32736304000108,FATIMA,JEANE CRISTIANE MARTINS FIORENZA
32739803000159,LAGOA REDONDA,
32741839000177,PRESIDENTE KENNEDY,
32744180000102,VILA PERI,
32753806000147,CIDADE DOS FUNCIONARIOS,
32759143000178,DIAS MACEDO,
32759349000106,PARQUE DOIS IRMAOS,
32761576000168,LAGOA REDONDA,
32762423000135,PREFEITO JOSE WALTER,
32767391000160,PLANALTO AYRTON SENNA,
32768882000126,ALDEOTA,
32769180000167,GUARARAPES,FRANCISCA FRANKLINA DA SILVA VIANA
32778223000170,BOM JARDIM,
32782031000138,ALDEOTA,FRANCISCA SILVANA MONTEIRO DO NASCIMENTO
32782220000100,DAMAS,
32791650000199,CONJUNTO ESPERANCA,
32791729000110,MESSEJANA,
32792347000100,JARDIM AMERICA,
32794973000136,CIDADE DOS FUNCIONARIOS,
32794981000182,CANINDEZINHO,
32796215000157,MONTE CASTELO,
32800354000107,JOQUEI CLUBE,
32801675000126,PICI,
32804584000144,PASSARE,
32806977000197,FLORESTA,
32809164000150,PLANALTO AYRTON SENNA,
32820188000100,ARACAPE,
32822274000152,JANGURUSSU,
32827211000199,ENGENHEIRO LUCIANO CAVALCANTE,
32827569000111,VICENTE PINZON,
32827872000114,DIAS MACEDO,
32829213000117,BONSUCESSO,
32833185000101,PANAMERICANO,
32833925000100,PARQUE SANTA MARIA,
32835188000184,VILA PERI,
32840715000149,GRANJA PORTUGAL,
32843627000109,MONDUBIM,
32850733000101,JACARECANGA,
32853211000163,PLANALTO AYRTON SENNA,
32860568000179,JOSE DE ALENCAR,
32860764000143,JANGURUSSU,
32865244000123,CONJUNTO PALMEIRAS,
32866788000100,BARRA DO CEARA,
32867859000199,PASSARE,
32887084000113,GRANJA PORTUGAL,
32896347000150,PASSARE,
32898582000161,BARRA DO CEARA,
32900525000170,DIONISIO TORRES,
32902569000139,JARDIM IRACEMA,
32902709000179,JANGURUSSU,
32902711000148,CENTRO,
32915218000162,JACARECANGA,
32922135000109,HENRIQUE JORGE,
32953241000141,CENTRO,
32977270000143,PICI,
32979556000168,FARIAS BRITO,
32984423000180,PARANGABA,
32984782000137,CAJAZEIRAS,
32987432000124,LAGOA REDONDA,
32988383000144,ALVARO WEYNE,
32989827000166,JANGURUSSU,
32991915000100,PARQUE IRACEMA,
32998199000185,ALDEOTA,
33006532000195,DEMOCRITO ROCHA,
33007273000117,MEIRELES,
33007455000198,MEIRELES,
33007524000163,MEIRELES,
33007565000150,MEIRELES,
33007635000170,MEIRELES,
33010335000140,CIDADE DOS FUNCIONARIOS,
33015797000150,JOAQUIM TAVORA,
33016301000162,MONDUBIM,
33017128000117,CANINDEZINHO,
33021052000101,CANINDEZINHO,
33021757000110,CIDADE DOS FUNCIONARIOS,
33024102000104,JARDIM CEARENSE,
33024999000168,PASSARE,
33027074000170,CAMBEBA,
33029209000137,GRANJA LISBOA,
33032226000123,PIRAMBU,
33032829000125,VARJOTA,JOSE ELCIMAR DE SOUSA UCHOA
33038705000157,OLAVO OLIVEIRA,
33039430000176,PARQUE DOIS IRMAOS,
33039537000114,VICENTE PINZON,
33041012000113,CIDADE 2000,
33044687000116,JARDIM IRACEMA,
33044907000101,BARRA DO CEARA,
33049777000108,JANGURUSSU,
33050158000125,CAIS DO PORTO,
33057226000188,PAPICU,
33059736000194,CONJUNTO CEARA II,
33084654000108,VICENTE PINZON,
33086681000101,AMADEU FURTADO,
33087402000124,PREFEITO JOSE WALTER,
33089892000106,PARANGABA,
33094329000118,JOAO XXIII,
33096856000161,BOA VISTA-CASTELAO,
33099158000110,MESSEJANA,
33100725000100,LAGOA REDONDA,
33106031000180,ALDEOTA,ANA CAROLINA ESTEVES FONTENELE
33110147000193,BOM JARDIM,
33111305000120,CAJAZEIRAS,
33113015000115,JACARECANGA,
33122592000173,ARACAPE,
33123874000195,MESSEJANA,
33136389000156,DENDE,
33136906000197,VICENTE PINZON,
33138668000159,PARQUE DOIS IRMAOS,
33143607000180,MUCURIPE,
33145857000159,VICENTE PINZON,
33146504000173,PARQUE SANTA ROSA,
33148243000120,VICENTE PINZON,
33149332000191,MEIRELES,
33150737000140,MONDUBIM,
33160090000137,EDSON QUEIROZ,
33164737000107,JACARECANGA,
33164995000185,PREFEITO JOSE WALTER,
33166500000157,PRAIA DE IRACEMA,
33168088000104,MEIRELES,
33170398000163,SIQUEIRA,
33177958000101,OLAVO OLIVEIRA,
33181761000146,BONSUCESSO,
33189099000170,CENTRO,
33192662000160,QUINTINO CUNHA,
33195495000100,CIDADE DOS FUNCIONARIOS,
33195854000120,MONTESE,
33198859000106,MESSEJANA,
33200527000119,JANGURUSSU,
33203771000135,BONSUCESSO,
33212690000100,VILA UNIAO,
33213121000170,DENDE,
33220044000186,PEDRAS,
33220733000190,BARRA DO CEARA,
33232484000153,CONJUNTO ESPERANCA,
33235012000154,PARQUELANDIA,
33235447000107,VILA UNIAO,
33236955000100,CONJUNTO ESPERANCA,
33238326000100,ITAPERI,
33242282000192,SAO JOAO DO TAUAPE,
33244219000195,MEIRELES,
33245652000145,JANGURUSSU,
33249184000187,MESSEJANA,
33250049000151,MANOEL DIAS BRANCO,
33258019000191,CIDADE DOS FUNCIONARIOS,RENATA PEREIRA ANDRADE
33261978000166,MANUEL SATIRO,
33263446000168,CARLITO PAMPLONA,
33280137000104,PARQUE GENIBAU,
33285363000170,ALDEOTA,HUDSON BALDUINO SOARES
33304605000125,PICI,
33308575000125,JOAQUIM TAVORA,
33313775000176,MONTESE,
33326159000150,FARIAS BRITO,
33328504000194,PARQUE GENIBAU,
33348403000185,JARDIM DAS OLIVEIRAS,
33348725000124,DIONISIO TORRES,
33350552000189,PRAIA DO FUTURO II,
33352433000165,PREFEITO JOSE WALTER,
33362885000128,PARQUE IRACEMA,
33362885000209,PARQUE IRACEMA,
33368840000160,PASSARE,
33371872000115,VILA VELHA,
33374130000143,GRANJA LISBOA,
33375545000131,BENFICA,
33377161000158,MONTE CASTELO,
33377678000147,ITAPERI,
33382222000175,FARIAS BRITO,
33382812000106,MONDUBIM,
33383593000171,VILA VELHA,
33383789000166,PREFEITO JOSE WALTER,
33390727000181,SAO JOAO DO TAUAPE,
33393332000132,GRANJA LISBOA,
33407773000146,CIDADE 2000,
33409109000136,CONJUNTO CEARA I,
33413438000150,MONDUBIM,
33414102000102,PIRAMBU,
33418028000100,PICI,
33421622000142,JOSE DE ALENCAR,
33422926000124,JANGURUSSU,
33425480000191,ALDEOTA,
33428908000150,VICENTE PINZON,
33429344000170,JOSE BONIFACIO,
33437194000146,ELLERY,ALEFF ARAUJO OLIVEIRA
33437341000188,PEDRAS,
33439499000197,AEROLANDIA,
33444355000129,SAO BENTO,
33444802000140,SAPIRANGA,
33445713000118,BOM JARDIM,
33447326000110,PLANALTO AYRTON SENNA,
33467898000161,ITAOCA,
33469905000164,ANCURI,
33472827000157,DEMOCRITO ROCHA,
33478043000136,PICI,
33478886000132,CONJUNTO PALMEIRAS,
33480730000196,CONJUNTO PALMEIRAS,
33481942000198,PARQUE DOIS IRMAOS,
33494479000119,CRISTO REDENTOR,
33495291000195,PASSARE,
33499076000162,PREFEITO JOSE WALTER,
33500328000126,CENTRO,
33502391000100,CONJUNTO CEARA II,MAGNO DOS SANTOS DIAS
33516740000134,BELA VISTA,
33517072000160,BONSUCESSO,
33518503000102,SAO GERARDO,
33527120000109,VILA VELHA,
33527218000158,JOAO XXIII,
33527429000190,VILA VELHA,
33528314000110,ARACAPE,
33530683000148,ALDEOTA,
33532203000188,BARRA DO CEARA,
33533879000196,VILA UNIAO,
33535756000194,CANINDEZINHO,
33539709000119,VILA UNIAO,
33539837000162,ALDEOTA,JOAO PAULO BARBOSA FELIPE
33547995000164,ALDEOTA,
33549142000161,SAPIRANGA,
33552140000121,BARROSO,
33566136000112,MEIRELES,IBRAHIM AIUB MACIEL SAID
33567316000119,CURIO,
33569235000158,BOM JARDIM,
33569556000152,ALVARO WEYNE,
33569863000133,BOA VISTA,
33572968000141,ITAPERI,
33573610000133,PASSARE,
33580832000183,SAPIRANGA,
33584341000100,PARQUE IRACEMA,
33590497000102,PREFEITO JOSE WALTER,
33592300000166,GRANJA PORTUGAL,
33594506000125,MANUEL SATIRO,
33606159000103,CENTRO,
33610358000195,JARDIM IRACEMA,
33615362000146,CONJUNTO PALMEIRAS,
33617836000199,VILA PERI,
33621735000191,CONJUNTO CEARA II,
33631611000197,ITAPERI,
33641322000179,SERRINHA,
33642081000182,PRAIA DO FUTURO I,
33644166000108,EDSON QUEIROZ,
33645477000183,MARAPONGA,
33652420000101,MARAPONGA,
33653139000193,CONJUNTO CEARA I,
33656545000100,CRISTO REDENTOR,
33658544000102,PRESIDENTE KENNEDY,
33664500000187,PATRIOLINO RIBEIRO,
33666994000139,BOM JARDIM,
33693361000110,MESSEJANA,
33700323000147,AMADEU FURTADO,
33704157000157,SERRINHA,
33710469000173,CRISTO REDENTOR,
33718564000113,PLANALTO AYRTON SENNA,
33721405000178,PREFEITO JOSE WALTER,
33723291000103,CAIS DO PORTO,
33723301000100,VILA UNIAO,
33723632000132,BARRA DO CEARA,
33730719000137,JACARECANGA,
33745870000149,JANGURUSSU,
33748778000132,SALINAS,
33752041000193,MEIRELES,
33756100000100,COCO,
33756353000175,MONDUBIM,
33759141000141,AMADEU FURTADO,
33759237000100,PLANALTO AYRTON SENNA,
33760980000180,JOSE DE ALENCAR,
33766425000165,VICENTE PINZON,
33766564000199,MANOEL SATIRO,
33768257000147,VILA UNIAO,
33768486000161,ALDEOTA,
33770812000175,BELA VISTA,
33771884000137,PLANALTO AYRTON SENNA,
33774474000140,CAIS DO PORTO,
33778410000117,JARDIM DAS OLIVEIRAS,
33781562000179,LAGOA REDONDA,
33786055000128,PAPICU,
33789588000163,CENTRO,
33795354000129,CONJUNTO PALMEIRAS,
33799541000180,QUINTINO CUNHA,
33802952000188,JOAQUIM TAVORA,
33807608000181,SAO JOAO DO TAUAPE,
33812903000126,AMADEU FURTADO,
33813915000175,ENGENHEIRO LUCIANO CAVALCANTE,ANDRE LUIZ CASTRO ARAUJO
33815096000103,BARRA DO CEARA,
33823236000187,DIONISIO TORRES,
33824440000112,ELLERY,
33825748000182,CENTRO,
33826390000102,JARDIM CEARENSE,
33828338000195,MARAPONGA,
33839936000160,PARANGABA,
33843238000138,MONTESE,
33844041000113,GRANJA PORTUGAL,
33845288000154,MONDUBIM,
33846074000100,MANUEL SATIRO,
33848593000108,CAMBEBA,
33852191000179,ALDEOTA,
33864499000134,VILA VELHA,
33868264000110,PLANALTO AYRTON SENNA,
33869026000120,JOSE BONIFACIO,
33870061000169,BARROSO,
33870730000100,PATRIOLINO RIBEIRO,
33880718000179,ARACAPE,
33881547000100,MEIRELES,MARIA LUCIDIA SILVA BARRETO
33883196000169,LAGOA REDONDA,
33888269000105,SIQUEIRA,
33891015000146,JANGURUSSU,
33891305000190,PAPICU,
33893240000111,PREFEITO JOSE WALTER,
33895761000108,CENTRO,
33903911000188,PARANGABA,
33906901000104,CIDADE DOS FUNCIONARIOS,
33911720000168,PARANGABA,
33916991000106,ANTONIO BEZERRA,
33922201000103,HENRIQUE JORGE,
33924537000105,FATIMA,
33926857000196,JANGURUSSU,
33931756000103,COUTO FERNANDES,
33933019000140,MESSEJANA,
33939187000142,JARDIM IRACEMA,
33944188000185,JARDIM GUANABARA,
33945475000100,SAO JOAO DO TAUAPE,
33949501000178,CIDADE 2000,
33954651000170,VICENTE PINZON,
33955984000113,EDSON QUEIROZ,
33956427000117,FATIMA,
33957072000180,CARLITO PAMPLONA,
33963142000103,PARQUE SANTA ROSA,
33968411000124,PARQUE GENIBAU,
33972371000194,CAJAZEIRAS,
33975361000102,MONTESE,
33979039000151,QUINTINO CUNHA,
33980585000102,HENRIQUE JORGE,
33982496000103,SERRINHA,
33986856000137,CIDADE DOS FUNCIONARIOS,DENISE FATIMA SOUZA BRASIL GARCIA
33991089000154,PAPICU,
33991946000116,PARQUE DOIS IRMAOS,
33992339000170,PARQUE SANTA ROSA,
33992815000153,JACARECANGA,
33996665000156,DEMOCRITO ROCHA,
33996768000116,BENFICA,
33997647000199,ALDEOTA,
33998637000178,VILA UNIAO,
34006777000185,DAMAS,
34008071000152,BOA VISTA,
34015829000180,JARDIM CEARENSE,
34020886000157,JOAQUIM TAVORA,
34022704000187,CENTRO,
34023712000148,PARANGABA,
34028264000175,PASSARE,
34029263000145,BOM JARDIM,
34037194000111,MESSEJANA,
34042438000154,GRANJA PORTUGAL,
34043677000129,GRANJA PORTUGAL,
34045261000140,MONTE CASTELO,
34060584000102,PARQUE IRACEMA,
34066999000193,BARRA DO CEARA,
34069984000189,PASSARE,
34070787000180,ALDEOTA,MARCELO DE SOUSA COSTA
34073398000108,CARLITO PAMPLONA,
34100789000174,PARQUE GENIBAU,
34102231000128,PICI,
34102862000147,DIAS MACEDO,
34111662000150,JACARECANGA,
34117422000163,JANGURUSSU,
34132322000106,AEROPORTO,
34136491000114,SAO BENTO,
34138738000131,BOM JARDIM,
34142585000104,MONDUBIM,
34143322000101,CAJAZEIRAS,
34148164000182,PAPICU,
34150869000134,VILA VELHA,
34151097000155,MARAPONGA,
34154577000170,PARQUE PRESIDENTE VARGAS,
34156008000163,SAPIRANGA,
34157568000132,DIONISIO TORRES,
34159203000147,COCO,
34161916000145,JOAQUIM TAVORA,
34164993000159,SIQUEIRA,
34165303000186,SIQUEIRA,
34167183000156,MOURA BRASIL,
34169537000100,CIDADE 2000,
34170116000190,PAPICU,
34171980000107,PIRAMBU,
34174478000150,JARDIM IRACEMA,
34175201000141,JOQUEI CLUBE,
34180576000108,JARDIM DAS OLIVEIRAS,
34182934000103,VICENTE PINZON,
34183771000183,EDSON QUEIROZ,
34189234000140,CONJUNTO ESPERANCA,
34196016000133,PADRE ANDRADE,
34199013000153,BARRA DO CEARA,
34201739000183,PARQUE PRESIDENTE VARGAS,
34203713000174,BONSUCESSO,
34203876000157,JOAO XXIII,
34204711000108,BARRA DO CEARA,
34207269000165,MEIRELES,
34210128000100,JANGURUSSU,
34211886000134,PREFEITO JOSE WALTER,
34232186000126,ALDEOTA,
34233530000100,PRAIA DO FUTURO II,
34233877000144,ELLERY,
34239446000195,GRANJA PORTUGAL,
34240540000164,VILA UNIAO,
34247824000182,MUCURIPE,
34249389000125,MEIRELES,
34250923000113,PARQUE SAO JOSE,
34255196000187,SAO GERARDO,
34255363000190,COCO,FATIMA MARTINS FIORENZA
34256886000150,BARRA DO CEARA,
34265881000194,CIDADE 2000,
34267687000148,JARDIM DAS OLIVEIRAS,
34270347000176,COCO,
34275268000158,CENTRO,
34276906000155,ANTONIO BEZERRA,
34279930000148,GRANJA LISBOA,
34283217000178,ARACAPE,
34291412000140,NOVO MONDUBIM,
34293093000101,SAPIRANGA,
34294783000185,DIONISIO TORRES,
34300480000128,AMADEU FURTADO,
34305253000195,QUINTINO CUNHA,
34309130000122,ENGENHEIRO LUCIANO CAVALCANTE,FRANCIENE ALMEIDA DA SILVA
34315383000109,CANINDEZINHO,
34316947000128,PARQUE DOIS IRMAOS,
34323689000107,CAJAZEIRAS,
34323886000126,PREFEITO JOSE WALTER,
34326262000162,PASSARE,
34331152000199,SAPIRANGA,
34346026000108,COUTO FERNANDES,
34349295000128,JACARECANGA,
34352050000150,MONDUBIM,
34352457000187,PIRAMBU,
34357115000150,BOM JARDIM,
34359989000146,GRANJA LISBOA,
34364484000170,JACARECANGA,
34365362000106,PADRE ANDRADE,
34365475000101,EDSON QUEIROZ,
34365604000153,PAUPINA,
34371407000147,CENTRO,
34388011000102,MONDUBIM,
34390681000163,CIDADE 2000,
34390804000166,VILA PERI,
34395064000150,CONJUNTO PALMEIRAS,
34401876000161,PASSARE,
34402176000191,LAGOA REDONDA,
34408345000109,JARDIM GUANABARA,
34408358000170,PAPICU,
34408551000100,CIDADE 2000,
34412479000195,CARLITO PAMPLONA,
34416626000103,MONTE CASTELO,
34421518000110,MONDUBIM,
34423709000111,ALTO DA BALANCA,
34423782000193,OLAVO OLIVEIRA,
34424190000196,SALINAS,
34425312000169,PICI,
34428960000179,GRANJA LISBOA,
34431481000101,PREFEITO JOSE WALTER,
34438265000198,JARDIM AMERICA,
34445055000127,JOSE BONIFACIO,
34446158000101,MEIRELES,
34449152000198,VICENTE PINZON,
34449787000195,COCO,
34450097000156,PARQUE DOIS IRMAOS,
34451941000163,JOSE BONIFACIO,
34453189000190,CAIS DO PORTO,
34454474000125,PLANALTO AYRTON SENNA,
34456143000124,SIQUEIRA,
34457363000172,NOVO MONDUBIM,
34460332000170,JOAQUIM TAVORA,
34462180000145,JOAQUIM TAVORA,
34463373000110,CENTRO,
34465333000108,LAGOA REDONDA,
34486152000168,MONTE CASTELO,
34489754000179,AEROLANDIA,
34493571000127,EDSON QUEIROZ,
34496156000127,CONJUNTO CEARA II,
34497223000128,PLANALTO AYRTON SENNA,
34501096000193,AMADEU FURTADO,
34511366000147,SERRINHA,
34525207000100,CENTRO,
34525627000188,BOM JARDIM,
34535168000113,CONJUNTO CEARA II,
34539966000113,BELA VISTA,
34547652000162,PARQUE GENIBAU,
34555625000131,CURIO,
34561082000165,PARQUE SANTA MARIA,
34565517000140,SERRINHA,
34566759000158,PLANALTO AYRTON SENNA,
34573101000173,BOA VISTA,
34580443000110,GRANJA LISBOA,
34582127000188,BARRA DO CEARA,
34583246000155,ALDEOTA,
34583629000123,JANGURUSSU,
34583635000180,PARQUE SANTA ROSA,
34584642000105,PICI,
34592977000167,DIONISIO TORRES,
34596968000144,JOSE DE ALENCAR,
34603002000197,PRESIDENTE KENNEDY,
34604273000167,JARDIM CEARENSE,
34605518000170,BOM JARDIM,
34606080000145,MONDUBIM,
34606417000114,PASSARE,
34607905000146,AEROPORTO,
34609434000105,SIQUEIRA,
34617020000128,PASSARE,
34623749000107,ALDEOTA,
34625978000160,HENRIQUE JORGE,
34627397000168,BARROSO,
34630810000143,PLANALTO AYRTON SENNA,
34632718000112,GRANJA LISBOA,
34634408000137,CANINDEZINHO,
34648012000149,BOA VISTA,
34648270000125,PAUPINA,
34650722000103,SAO GERARDO,
34652828000146,PREFEITO JOSE WALTER,
34653292000183,PARQUELANDIA,
34663581000163,PADRE ANDRADE,
34666620000186,PARQUE SAO JOSE,
34677913000169,MARAPONGA,
34684533000151,JOAQUIM TAVORA,
34695953000133,SAO BENTO,
34700262000180,PIRAMBU,
34704789000183,SIQUEIRA,
34704963000198,CAMBEBA,DAYANE ROCHA DE OLIVEIRA
34705282000144,BOM FUTURO,
34710894000125,PARQUE SANTA MARIA,
34712508000134,JANGURUSSU,
34717361000175,HENRIQUE JORGE,
34718484000120,JANGURUSSU,
34721030000109,PAUPINA,
34721580000128,MESSEJANA,
34722191000117,PARQUE GENIBAU,
34724446000180,JARDIM DAS OLIVEIRAS,
34727830000137,CONJUNTO CEARA I,
34741285000133,CONJUNTO PALMEIRAS,
34744927000158,JACARECANGA,
34745568000153,PASSARE,
34746534000183,JARDIM DAS OLIVEIRAS,
34749000000100,CIDADE DOS FUNCIONARIOS,
34752851000102,VICENTE PINZON,
34753060000105,JOAQUIM TAVORA,
34755259000164,ALDEOTA,
34757952000176,MEIRELES,
34762308000196,VICENTE PINZON,
34772453000158,GUARARAPES,
34773639000121,MEIRELES,
34774532000106,GUARARAPES,
34774717000102,CENTRO,
34780714000181,PARQUE DOIS IRMAOS,
34783327000107,VARJOTA,
34788107000168,SIQUEIRA,
34792188000170,PARQUELANDIA,
34792249000107,GRANJA LISBOA,
34794351000133,GUARARAPES,
34794392000120,GUARARAPES,
34794764000118,JOAQUIM TAVORA,
34794960000192,BOA VISTA,
34797108000179,BOM JARDIM,
34798155000137,NOVO MONDUBIM,
34801335000120,ELLERY,
34802152000120,PICI,
34806259000146,PAUPINA,
34807442000166,NOVO MONDUBIM,
34807736000198,PARQUE ARAXA,
34826061000124,CAIS DO PORTO,
34829579000111,JANGURUSSU,
34834340000130,GUARARAPES,
34835100000150,ALDEOTA,
34844180000100,MESSEJANA,
34847357000121,CIDADE 2000,
34848686000197,PARQUE DOIS IRMAOS,
34854998000103,MONDUBIM,
34855141000108,PAN AMERICANO,
34858452000120,NOVO MONDUBIM,
34859258000160,PARREAO,
34882614000166,SIQUEIRA,
34883590000160,PIRAMBU,
34892589000100,JACARECANGA,
34895767000148,SAPIRANGA,
34897338000100,JARDIM GUANABARA,
34902112000150,PREFEITO JOSE WALTER,
34905761000104,JANGURUSSU,
34906286000190,VARJOTA,
34910723000140,JANGURUSSU,
34911488000120,PARQUE IRACEMA,
34911695000185,JARDIM CEARENSE,
34917976000145,MANUEL SATIRO,
34922697000170,CIDADE 2000,
34924089000102,MONTESE,
34927538000168,MONTESE,
34927943000186,JOQUEI CLUBE,
34931606000162,VILA VELHA,
34933626000172,CONJUNTO CEARA II,FERNANDO RODRIGUES MENDONCA JUNIOR
34938947000160,CAMBEBA,
34940790000107,CENTRO,
34942752000193,BARRA DO CEARA,
34957846000136,VARJOTA,MARIA APARECIDA SOARES DA SILVA
34957902000132,ITAOCA,
34959458000194,ALDEOTA,
34964372000150,JANGURUSSU,
34974622000132,PARQUE GENIBAU,
34994307000177,MONTE CASTELO,
34997589000166,CONJUNTO CEARA I,
35008229000157,BARRA DO CEARA,
35012781000119,CIDADE DOS FUNCIONARIOS,
35014106000129,VILA PERI,
35015318000120,ANCURI,
35020795000184,PARQUELANDIA,
35023077000161,BARRA DO CEARA,
35024040000158,GRANJA PORTUGAL,
35027080000153,ALVARO WEYNE,
35027205000145,PAUPINA,
35028725000172,PREFEITO JOSE WALTER,
35029002000198,ENGENHEIRO LUCIANO CAVALCANTE,
35035328000128,DIONISIO TORRES,
35036327000106,JOAO XXIII,
35041949000114,CENTRO,
35042793000196,NOVO MONDUBIM,
35049731000106,PARANGABA,
35051001000140,PASSARE,
35051759000188,PARQUE GENIBAU,
35058045000100,MONDUBIM,
35060118000190,RODOLFO TEOFILO,
35060836000166,VILA VELHA,
35061308000121,ALDEOTA,
35062859000100,PASSARE,
35063479000190,ANCURI,
35069214000107,SAO JOAO DO TAUAPE,
35069337000130,EDSON QUEIROZ,
35069809000154,ARACAPE,
35071263000176,FATIMA,
35073813000196,PREFEITO JOSE WALTER,
35076718000146,PIRAMBU,
35084648000178,CENTRO,
35084761000153,FATIMA,
35086867000196,CIDADE DOS FUNCIONARIOS,
35087386000103,CIDADE  FUNCIONARIOS,JESSIKA DE CARVALHO MACHADO
35090864000126,CANINDEZINHO,
35092251000128,CIDADE 2000,
35093005000190,PAUPINA,
35093856000133,MONTESE,
35094028000110,SAO GERARDO,
35096898000128,GRANJA PORTUGAL,
35102929000106,MONDUBIM,
35112720000123,CONJUNTO CEARA II,
35116503000101,MARAPONGA,
35120156000190,PAUPINA,
35123039000180,PARQUELANDIA,CRISTINA PATRICIA PAIVA
35128889000171,JANGURUSSU,
35131893000199,VICENTE PINZON,
35141523000132,JANGURUSSU,
35148650000163,AMADEU FURTADO,
35151357000155,VILA ELLERY,
35151777000131,FATIMA,
35152277000114,EDSON QUEIROZ,
35153893000190,PREFEITO JOSE WALTER,
35154044000150,JANGURUSSU,
35154972000115,MONDUBIM,
35159091000197,JOSE BONIFACIO,
35162174000135,JOQUEI CLUBE,
35170897000186,ALDEOTA,
35171219000138,ALDEOTA,
35172412000193,PAPICU,
35174740000129,PLANALTO AYRTON SENNA,GLAUCIVANIA DE AGUIAR FREITAS
35175247000123,AEROLANDIA,
35175925000158,PARQUE SAO JOSE,
35185476000129,BOA VISTA,
35186269000199,ARACAPE,
35189268000106,PASSARE,FRANCISCO ALRIBERTO DA SILVA RABELO
35201684000174,PEDRAS,
35207936000172,PLANALTO AYRTON SENNA,
35208104000170,SAPIRANGA,
35214108000161,VICENTE PINZON,
35215527000118,BARRA DO CEARA,
35217551000196,JOQUEI CLUBE,
35223230000102,DOM LUSTOSA,
35224718000146,CANINDEZINHO,
35225697000183,CENTRO,
35227526000193,JOAQUIM TAVORA,
35230132000194,CENTRO,
35237069000118,GRANJA PORTUGAL,
35240488000109,PRESIDENTE KENNEDY,
35240826000102,PARQUE DOIS IRMAOS,
35240986000151,DIONISIO TORRES,
35243114000147,PLANALTO AYRTON SENNA,
35243840000160,PARQUE SANTA MARIA,
35243920000115,PARQUE SANTA ROSA,
35244336000184,BARRA DO CEARA,
35246913000177,PICI,
35256808000119,ITAPERI,
35258047000134,VILA VELHA,
35260053000126,DIONISIO TORRES,
35260923000167,CENTRO,
35263595000152,VICENTE PINZON,
35265948000153,MONDUBIM,
35266207000197,CIDADE DOS FUNCIONARIOS,
35267961000141,CAIS DO PORTO,
35273619000154,CENTRO,
35273722000102,MONDUBIM,
35275634000131,MONTESE,
35275950000103,HENRIQUE JORGE,
35287006000176,OLAVO OLIVEIRA,
35289357000116,LAGOA REDONDA,
35289618000106,MESSEJANA,
35294783000148,CENTRO,
35295502000171,CENTRO,
35299016000121,GRANJA LISBOA,
35299850000117,VILA VELHA,
35302708000181,BONSUCESSO,
35303657000102,VICENTE PINZON,
35309193000141,ALDEOTA,CELIA MARIA DE BRITO
35309512000119,FLORESTA,
35310970000178,PARANGABA,
35317828000152,VILA ELLERY,
35318544000180,PASSARE,
35320123000194,DOM LUSTOSA,
35323780000195,BELA VISTA,
35333898000102,VICENTE PINZON,
35334724000156,PARQUELANDIA,
35349768000150,SERRINHA,
35352093000106,SERRINHA,
35352557000176,JACARECANGA,
35356314000106,LAGOA REDONDA,
35356669000103,MESSEJANA,
35358836000147,SAO JOAO DO TAUAPE,
35363295000145,PARQUE DOIS IRMAOS,
35364358000188,PARQUE SAO JOSE,
35366177000190,MEIRELES,CLAUDIO VASCONCELOS FROTA
35366497000140,JARDIM IRACEMA,
35367451000146,CANINDEZINHO,
35376208000194,CIDADE DOS FUNCIONARIOS,
35377111000104,PLANALTO AYRTON SENNA,
35378096000100,CONJUNTO PALMEIRAS,
35378367000128,JOSE BONIFACIO,
35379138000128,PARQUE DOIS IRMAOS,
35385829000134,PREFEITO JOSE WALTER,
35386225000102,BARRA DO CEARA,
35386492000180,VILA VELHA,
35387437000104,CONJUNTO CEARA I,
35387997000169,GRANJA PORTUGAL,
35392522000160,RODOLFO TEOFILO,
35394755000100,CONJUNTO PALMEIRAS,
35395345000176,LAGOA REDONDA,
35395638000153,CAJAZEIRAS,
35396728000169,PADRE ANDRADE,
35403121000169,LAGOA REDONDA,
35407083000112,BOM JARDIM,
35427110000119,PADRE ANDRADE,
35428103000131,VILA VELHA,
35429803000140,FARIAS BRITO,
35431963000124,JOSE DE ALENCAR,
35433230000129,DIONISIO TORRES,SAMIR BANDEIRA GONDIM BORGES
35433422000135,JOAQUIM TAVORA,
35453859000130,SAO GERARDO,
35454434000146,MEIRELES,
35458890000164,ALDEOTA,WILKA PESSOA DA SILVA FERREIRA
35460069000182,ALDEOTA,
35461558000159,ENGENHEIRO LUCIANO CAVALCANTE,
35461790000197,CARLITO PAMPLONA,
35462053000109,CIDADE DOS FUNCIONARIOS,
35462277000110,PLANALTO AYRTON SENNA,
35463509000155,VARJOTA,
35466078000180,CONJUNTO CEAR? I,
35473267000180,PREFEITO JOSE WALTER,
35480015000189,DAMAS,
35480597000101,PARQUE DOIS IRMAOS,
35480801000186,GRANJA LISBOA,
35483665000188,JANGURUSSU,
35493274000144,PAPICU,
35504864000125,CENTRO,
35512109000192,VICENTE PINZON,
35521242000105,BOM JARDIM,
35522007000158,ALDEOTA,
35523980000191,PARQUE IRACEMA,
35524325000158,PARQUELANDIA,
35524452000157,MONTESE,
35531810000159,CARLITO PAMPLONA,
35533152000134,CONJUNTO PALMEIRAS,
35534227000100,MEIRELES,HELITA BRUNA FERREIRA GARCEZ
35539308000194,PARQUE PRESIDENTE VARGAS,
35542591000103,CAJAZEIRAS,
35543493000190,GRANJA PORTUGAL,
35549745000199,JANGURUSSU,
35556710000187,BOM JARDIM,
35557139000115,SERRINHA,
35561501000121,PARANGABA,
35562924000166,FLORESTA,
35564695000119,ENGENHEIRO LUCIANO CAVALCANTE,
35565424000188,BARRA DO CEARA,
35573085000181,DIAS MACEDO,
35574875000181,SERRINHA,
35578451000195,ALDEOTA,
35583636000198,JARDIM GUANABARA,
35583696000100,NOVO MONDUBIM,
35585638000116,JOAQUIM TAVORA,
35593434000127,PREFEITO JOSE WALTER,
35601786000187,JARDIM DAS OLIVEIRAS,
35602083000173,SALINAS,
35605923000151,ALDEOTA,IRANILDO LINHARES CORDEIRO
35605956000100,BOA VISTA,
35612947000138,CAIS DO PORTO,
35613167000102,CONJUNTO CEARA II,
35614481000100,PEDRAS,
35620783000190,PARQUELANDIA,
35621554000190,VICENTE PINZON,
35621704000166,ALTO DA BALANCA,
35632347000131,ALDEOTA,
35632452000170,CENTRO,
35639325000101,SERRINHA,
35643000000194,JACARECANGA,
35645066000113,DEMOCRITO ROCHA,
35646862000170,ITAPERI,
35648359000154,PARQUE SAO JOSE,
35652843000157,QUINTINO CUNHA,
35666237000190,CONJUNTO ESPERANCA,
35666826000179,MONDUBIM,
35673105000196,PARQUE DOIS IRMAOS,
35674672000167,PASSARE,
35674857000171,EDSON QUEIROZ,
35675387000160,PLANALTO AYRTON SENNA,
35678656000142,MEIRELES,FATIMA MARTINS FIORENZA
35688069000134,BARRA DO CEARA,
35688469000140,BARRA DO CEARA,
35688707000117,ALVARO WEYNE,
35691376000174,GRANJA PORTUGAL,
35692733000119,VILA VELHA,
35694323000107,DIONISIO TORRES,
35696620000191,SALINAS,
35702826000187,CONJUNTO ESPERANCA,
35703675000181,SERRINHA,
35716132000107,CONJUNTO CEARA II,
35716271000122,GRANJA LISBOA,
35717246000163,ALDEOTA,
35719405000169,BOA VISTA,
35724732000109,ARACAPE,
35727035000101,EDSON QUEIROZ,
35727450000165,CONJUNTO CEARA II,
35737069000187,PRESIDENTE KENNEDY,
35738016000180,BONSUCESSO,
35740029000194,PREFEITO JOSE WALTER,
35751404000100,CENTRO,
35754679000199,DAMAS,
35757631000134,PASSARE,
35758116000179,PARQUE DOIS IRMAOS,
35765236000101,MONDUBIM,
35766132000103,GUARARAPES,
35767547000100,VILA VELHA,
35769176000197,BARRA DO CEARA,
35770417000118,CANINDEZINHO,
35776358000195,JARDIM IRACEMA,
35786658000155,VILA ELLERY,
35787927000106,MONDUBIM,
35791853000173,PARQUE SANTA ROSA,
35808001000141,ALDEOTA,RAQUELL FARIAS CAMILO DE OLIVEIRA
35809670000138,SAO JOAO DO TAUAPE,
35823330000161,MOURA BRASIL,
35824098000186,PAPICU,
35824881000140,SAO JOAO DO TAUAPE,
35825599000187,VICENTE PINZON,
35827259000195,ALDEOTA,CRISTIANE GOMES DA SILVA
35837498000126,ALDEOTA,
35837600000193,ALDEOTA,
35838998000182,JARDIM CEARENSE,
35839797000108,PRESIDENTE KENNEDY,
35846166000108,ALDEOTA,
35851037000108,SIQUEIRA,
35860817000114,BARRA DO CEARA,MARINA D OLIVEIRA BATISTA DE MIRANDA COUTINHO
35861224000172,RODOLFO TEOFILO,
35861649000181,NOVO MONDUBIM,
35870771000114,ARACAPE,
35871617000167,VILA VELHA,
35889557000100,HENRIQUE JORGE,
35891362000102,PEDRAS,
35891752000174,DIONISIO TORRES,
35894811000168,JARDIM DAS OLIVEIRAS,
35897764000106,BOM JARDIM,
35900160000171,BELA VISTA,
35902821000106,PICI,
35908196000100,BELA VISTA,
35914633000190,GRANJA PORTUGAL,
35915723000103,JANGURUSSU,LUENY FREITAS DA SILVA
35925896000102,EDSON QUEIROZ,
35926720000167,JARDIM DAS OLIVEIRAS,
35949111000123,PARQUE DOIS IRMAOS,
35949816000140,PARQUE GENIBAU,
35953672000104,MONDUBIM,
35955220000153,QUINTINO CUNHA,
35955358000152,JARDIM IRACEMA,
35959334000171,PIRAMBU,
35962389000130,SABIAGUABA,
35962662000127,PARQUE GENIBAU,
35967250000180,MEIRELES,
35971094000120,BOM JARDIM,
35976709000101,CAMBEBA,GILBERTA NAYARA BEZERRA DA SILVA
35984598000185,PARQUE SANTA ROSA,
35985124000158,OLAVO OLIVEIRA,
35986460000115,SAO JOAO DO TAUAPE,
36007529000184,ITAPERI,
36007897000122,BARROSO,
36010967000100,FLORESTA,
36012855000180,PARQUE GENIBAU,
36014614000170,ALDEOTA,FABIEL DOS SANTOS CASTRO
36016385000122,VILA ELLERY,
36017146000197,PARQUE GENIBAU,
36019686000100,MANUEL SATIRO,
36020297000102,CANINDEZINHO,
36020306000157,CONJUNTO CEARA II,
36020492000124,PIRAMBU,
36029003000103,MESSEJANA,
36039484000120,SIQUEIRA,
36050567000110,PEDRAS,
36058364000170,SIQUEIRA,
36061249000154,JARDIM DAS OLIVEIRAS,
36062894000191,GRANJA LISBOA,
36064110000164,MONTESE,
36074574000151,CONJUNTO PALMEIRAS,
36075914000169,MEIRELES,MARIA SELMA CAVALCANTE PEIXOTO
36084090000193,PARQUE SANTA ROSA,
36084108000157,ALVARO WEYNE,
36086421000124,GRANJA PORTUGAL,
36090288000180,CONJUNTO CEARA II,
36091058000135,AEROLANDIA,
36091442000138,ENGENHEIRO LUCIANO CAVALCANTE,
36092227000151,CENTRO,
36101912000105,PLANALTO AYRTON SENNA,
36101981000100,PASSARE,
36103842000116,ITAPERI,
36112550000140,GRANJA PORTUGAL,
36112877000111,PREFEITO JOSE WALTER,
36112962000180,PAPICU,
36118486000104,ITAOCA,
36123675000175,MONDUBIM,
36133773000193,GRANJA LISBOA,
36134748000124,MONDUBIM,
36136229000103,BARRA DO CEARA,
36142836000178,MANOEL SATIRO,JESSICA LORRANY DE SOUSA ARRUDA OLIVEIRA
36150132000147,NOVO MONDUBIM,
36154872000151,MESSEJANA,
36155970000103,JOSE BONIFACIO,
36157830000174,PARQUE PRESIDENTE VARGAS,
36157842000107,SIQUEIRA,
36158544000123,SIQUEIRA,
36165234000136,CENTRO,
36178435000178,PAPICU,
36182366000176,MUCURIPE,
36182507000150,LAGOA REDONDA,
36184988000133,SAPIRANGA-COITE,
36185685000135,SAPIRANGA-COITE,
36199611000158,CENTRO,
36206814000124,FATIMA,
36209913000160,JOQUEI CLUBE,
36210138000162,SIQUEIRA,
36214934000173,SAPIRANGA,
36222849000157,CRISTO REDENTOR,
36237537000117,BONSUCESSO,
36239433000141,SAO GERARDO,
36241893000104,ARACAPE,
36249135000132,JACARECANGA,
36251525000147,VILA PERI,
36255166000104,JANGURUSSU,
36255547000185,VILA PERI,
36261762000199,JARDIM IRACEMA,
36264270000157,BONSUCESSO,
36265518000102,RODOLFO TEOFILO,
36267814000134,PARQUE SANTA MARIA,
36275702000125,ENGENHEIRO LUCIANO CAVALCANTE,
36295908000117,ALVARO WEYNE,
36304789000111,JOQUEI CLUBE,
36308431000167,ENGENHEIRO LUCIANO CAVALCANTE,BARBARA KREUSBURG HATSCHA LIMA
36308984000110,VILA UNIAO,
36313131000176,ANCURI,
36316294000102,CRISTO REDENTOR,
36318349000113,JOAQUIM TAVORA,
36320243000154,VILA VELHA,
36323387000164,JANGURUSSU,
36327346000146,PLANALTO AYRTON SENNA,
36327359000115,CIDADE DOS FUNCIONARIOS,
36339756000107,BOM JARDIM,
36341461000175,MESSEJANA,
36342414000146,GRANJA LISBOA,
36347099000140,BONSUCESSO,
36348495000191,MUCURIPE,
36352381000115,GRANJA PORTUGAL,
36354799000161,JOSE DE ALENCAR,
36355401000101,BELA VISTA,
36363325000186,BOM JARDIM,
36382529000164,SAO BENTO,
36385576000161,CAJAZEIRAS,
36388646000135,PARQUELANDIA,
36393764000131,SAPIRANGA-COITE,
36395287000143,MESSEJANA,
36396670000116,PARQUELANDIA,EXPEDITO MARQUES PONTES JUNIOR
36398673000199,CIDADE DOS FUNCIONARIOS,
36398761000190,PRESIDENTE KENNEDY,
36399120000150,JANGURUSSU,
36401814000185,PAPICU,
36404161000198,CURIO,
36405797000154,NOVO MONDUBIM,
36411077000100,FATIMA,
36419939000132,PIRAMBU,
36420498000199,BARRA DO CEARA,
36423720000107,JARDIM DAS OLIVEIRAS,
36425875000182,PARQUE SAO JOSE,
36429417000111,PREFEITO JOSE WALTER,
36438526000103,MONTE CASTELO,
36453047000158,QUINTINO CUNHA,
36453901000186,PICI,
36457528000131,PLANALTO AYRTON SENNA,
36461141000159,NOVO MONDUBIM,
36462255000113,MESSEJANA,
36469742000108,PAPICU,JAMILA BEZERRA ARAUJO
36471268000159,ALDEOTA,DARIO ANTONIO DUARTE DA SILVA
36471500000159,CIDADE 2000,
36480337000190,ALDEOTA,JAMIELE LOPES DE MARIA
36485586000179,JANGURUSSU,
36489085000160,ITAPERI,
36489784000100,ENGENHEIRO LUCIANO CAVALCANTE,
36492383000100,FATIMA,
36493356000151,VICENTE PINZON,
36494459000136,BARRA DO CEARA,
36494775000108,BARROSO,
36495128000110,HENRIQUE JORGE,
36496027000164,CIDADE 2000,
36503078000176,VILA UNIAO,
36506031000166,CIDADE 2000,
36506067000140,DENDE,
36508673000102,QUINTINO CUNHA,
36509534000195,PRAIA DO FUTURO II,
36510296000138,MEIRELES,
36520572000149,MESSEJANA,
36526753000182,PARQUE SANTA MARIA,
36535456000101,ALVARO WEYNE,
36537960000132,PASSARE,
36546787000139,VILA VELHA,
36550423000122,PARANGABA,
36551577000139,PADRE ANDRADE,
36552717000193,COUTO FERNANDES,
36553937000131,CANINDEZINHO,
36555658000107,ALDEOTA,
36560610000197,DENDE,
36594872000172,CANINDEZINHO,
36595753000134,MONDUBIM,
36598863000150,ALDEOTA,
36600527000102,VICENTE PINZON,
36608646000101,MESSEJANA,
36609059000129,JANGURUSSU,
36636602000187,ALDEOTA,
36641021000133,PARQUE GENIBAU,
36641640000128,NOVO MONDUBIM,
36643505000111,BARRA DO CEARA,
36645536000101,PRAIA DE IRACEMA,
36646017000168,JARDIM IRACEMA,
36646301000134,JOQUEI CLUBE,
36647784000191,CARLITO PAMPLONA,
36652007000135,VARJOTA,
36659831000117,SAPIRANGA,
36662801000160,PIRAMBU,
36662982000124,CONJUNTO PALMEIRAS,
36684743000175,LAGOA REDONDA,
36687431000115,CONJUNTO PALMEIRAS,
36688201000170,JOQUEI CLUBE,
36688268000105,BOM JARDIM,
36689699000196,DIONISIO TORRES,
36694523000122,CONJUNTO CEARA I,
36700303000164,MESSEJANA,
36715807000158,EDSON QUEIROZ,EDIVALDO OLIVEIRA MOTA
36730520000105,FARIAS BRITO,
36742144000160,DIAS MACEDO,
36755140000117,VILA UNIAO,
36755706000100,PICI,
36757306000134,ALDEOTA,
36761058000103,MONTESE,
36764068000194,GRANJA LISBOA,
36776404000119,DEMOCRITO ROCHA,
36777221000118,QUINTINO CUNHA,
36777549000134,MONTE CASTELO,
36782775000103,SERRINHA,
36782999000115,JOAO XXIII,
36783134000173,EDSON QUEIROZ,
36785958000182,VILA VELHA,
36788047000109,VILA ELLERY,
36788547000140,DIAS MACEDO,KARLA SUYANE EVANGELISTA RODRIGUES
36790513000190,PARQUE DOIS IRMAOS,
36793573000167,BOM FUTURO,
36795851000115,GRANJA PORTUGAL,
36796222000100,BELA VISTA,
36798207000109,PARANGABA,
36804108000184,PASSARE,
36805565000193,SERRINHA,
36808205000145,LAGOA REDONDA,
36810247000110,JARDIM IRACEMA,
36813799000182,SERRINHA,
36815567000163,MONDUBIM,
36824466000159,PREFEITO JOSE WALTER,
36824573000187,CAJAZEIRAS,
36830193000155,CARLITO PAMPLONA,
36835919000142,MONTESE,
36838322000151,PRAIA DE IRACEMA,
36838832000129,SERRINHA,
36838938000122,SIQUEIRA,
36840118000175,MONDUBIM,
36844163000106,MONDUBIM,
36844600000183,VILA UNIAO,
36848593000198,VILA ELLERY,
36852801000122,NOVO MONDUBIM,
36854360000106,PARANGABA,
36859732000189,PRAIA DE IRACEMA,
36860638000140,PRAIA DE IRACEMA,
36861733000168,PAUPINA,
36866803000170,JARDIM DAS OLIVEIRAS,
36867479000105,BARROSO,
36869247000196,VICENTE PINZON,
36882780000198,PASSARE,JOAO PAULO DE SOUSA FURTADO
36888665000120,CENTRO,
36888921000180,COCO,
36898264000151,SIQUEIRA,
36909565000133,CONJUNTO CEARA I,
36912156000196,PRESIDENTE KENNEDY,
36928834000109,VILA VELHA,
36937124000145,ENGENHEIRO LUCIANO CAVALCANTE,
36940775000194,BENFICA,
36943087000188,SIQUEIRA,
36951497000170,VILA UNIAO,
36952113000134,BENFICA,
36966541000116,SIQUEIRA,
36969678000124,MONDUBIM,
36971228000176,PARREAO,
36983206000126,PASSARE,
37002974000114,PREFEITO JOSE WALTER,
37004730000170,PRESIDENTE KENNEDY,
37026305000182,CONJUNTO CEARA II,
37048138000170,ELLERY,WANBER ALESSANDRO MAIA ALCOFORADO
37067786000174,CONJUNTO CEARA I,
37077595000193,BOM JARDIM,
37079087000144,JOAO XXIII,JOAO PEDRO DE ANDRADE GOMES
37097693000192,ALDEOTA,
37115241000196,PARQUE SANTA ROSA,
37159348000136,GRANJA LISBOA,
37175475000129,ANTONIO BEZERRA,
37175865000107,PLANALTO AYRTON SENNA,
37204265000111,SAPIRANGA-COITE,
37213591000195,CENTRO,
37234433000111,JARDIM IRACEMA,
37249474000181,BONSUCESSO,
37251096000170,ALDEOTA,
37264332000193,ITAOCA,
37267658000174,COACU,
37268876000123,CENTRO,
37271890000186,BELA VISTA,
37275438000192,BOM FUTURO,
37283418000163,BARROSO,
37295125000104,PASSARE,
37297690000100,ALDEOTA,
37311238000148,GRANJA LISBOA,
37318801000100,JARDIM DAS OLIVEIRAS,
37329490000184,BOA VISTA,
37340104000155,SABIAGUABA,
37347194000106,PICI,
37352190000116,MONTE CASTELO,
37354019000146,AEROPORTO,
37364757000174,CRISTO REDENTOR,
37367106000138,SERRINHA,
37381689000151,DEMOCRITO ROCHA,FRANCISCO CLEUDEMBERG DAMASCENO SILVA
37385492000190,VICENTE PINZON,
37401523000150,PARQUE ARAXA,LUIS DEOCLECIANO GADELHA GUERRA DA SILVA
37401915000119,GUAJIRU,
37402365000152,CENTRO,
37404237000148,MESSEJANA,
37405516000126,BARRA DO CEARA,
37407344000120,MONDUBIM,
37416219000186,ALTO DA BALANCA,
37417036000185,JACARECANGA,
37423824000184,CENTRO,
37428615000123,PARQUELANDIA,
37429661000147,JOAQUIM TAVORA,
37430241000180,AEROLANDIA,
37443947000187,LAGOA REDONDA,
37446559000150,COACU,JOHN MARLON ALMEIDA DE ARAUJO
37447658000156,CANINDEZINHO,
37448862000191,CENTRO,
37451872000186,COACU,
37455677000124,PAUPINA,
37455883000134,SAPIRANGA,
37458248000100,BARROSO,
37469266000198,PARQUE DOIS IRMAOS,
37475337000165,MONDUBIM,
37475681000154,PICI,
37479135000191,ALDEOTA,ISABELLA PINHEIRO GRANGEIRO MAIA ROCHA
37479135000272,ALDEOTA,ISABELLA PINHEIRO GRANGEIRO MAIA ROCHA
37497787000159,ALDEOTA,JOAO VICTOR COSTA MONTEIRO DE SOUZA
37498849000147,CAMBEBA,
37500705000188,VILA UNIAO,JARLON SILVA BRITO
37509154000113,BARRA DO CEARA,
37510266000194,GUAJIRU,
37515283000114,DIONISIO TORRES,PEDRO VICTOR FIGUEIREDO PINHEIRO
37535164000123,SERRINHA,
37547488000181,PAN AMERICANO,
37548428000183,SIQUEIRA,
37553472000181,MONDUBIM,
37557012000121,VILA VELHA,
37568285000171,JARDIM IRACEMA,
37579138000105,ITAOCA,
37585408000182,MESSEJANA,
37585636000152,JARDIM CEARENSE,
37593044000182,PICI,
37595463000153,MONTESE,
37596594000155,BOM FUTURO,
37603632000150,PICI,
37605835000185,ALDEOTA,ANTONIO MARTINS DOS SANTOS FILHO
37614862000114,PRAIA DO FUTURO II,
37623146000101,PASSARE,
37623180000178,MONDUBIM,
37624917000177,ALDEOTA,
37628639000126,PARANGABA,
37629588000157,JOAQUIM TAVORA,
37643363000155,CENTRO,
37652893000160,MARAPONGA,
37656065000108,CIDADE DOS FUNCIONARIOS,JACIRA MARIA LIMA SILVA
37663551000145,BARRA DO CEARA,
37664339000100,JARDIM CEARENSE,PATRICIA MENDES SANTOS
37672392000145,ALDEOTA,
37676032000111,PLANALTO AYRTON SENNA,
37681035000143,PREFEITO JOSE WALTER,
37686905000177,PIRAMBU,
37689034000145,BENFICA,
37692995000109,CONJUNTO PALMEIRAS,
37693482000112,MARAPONGA,
37694385000144,BOM JARDIM,
37706814000156,PARANGABA,
37716665000106,JARDIM AMERICA,
37717078000131,VICENTE PINZON,
37719679000183,PREFEITO JOSE WALTER,
37725855000190,CONJUNTO CEARA II,
37726006000150,PARQUE SAO JOSE,
37728344000121,MONDUBIM,
37728395000153,FATIMA,
37728881000171,RODOLFO TEOFILO,
37729356000170,PARANGABA,VALERIO PEREIRA NOBRE
37736397000194,COCO,LUA DA SILVA FROTA
37741095000104,JANGURUSSU,
37741677000190,SIQUEIRA,
37741952000176,DEMOCRITO ROCHA,
37750140000197,FLORESTA,
37750622000147,CENTRO,
37763150000167,CIDADE DOS FUNCIONARIOS,
37766792000110,LAGOA REDONDA,
37767924000128,JARDIM IRACEMA,
37772362000100,PRAIA DE IRACEMA,
37779521000107,BELA VISTA,
37779605000132,ALVARO WEYNE,
37785378000158,MESSEJANA,
37806431000150,JOSE BONIFACIO,
37815445000130,VILA VELHA,
37823571000136,SIQUEIRA,
37834837000146,GRANJA LISBOA,
37845155000139,CENTRO,
37852392000127,JOQUEI CLUBE,
37855322000122,JOQUEI CLUBE,
37859037000180,PARQUE DOIS IRMAOS,
37864688000168,CENTRO,
37866773000165,SAO JOAO DO TAUAPE,
37879365000148,DEMOCRITO ROCHA,
37880096000130,VICENTE PINZON,
37884990000188,JARDIM DAS OLIVEIRAS,
37885781000159,GRANJA LISBOA,
37894751000109,JANGURUSSU,
37909316000100,VICENTE PINZON,
37914920000125,ALVARO WEYNE,
37921510000101,JANGURUSSU,
37928586000169,BENFICA,
37937894000150,SIQUEIRA,
37938151000103,PARANGABA,
37939986000170,CENTRO,
37947060000126,FARIAS BRITO,
37950341000138,HENRIQUE JORGE,
37976635000139,ALTO DA BALANCA,
37982529000168,ALDEOTA,
37999134000178,CENTRO,
38000622000192,CIDADE DOS FUNCIONARIOS,FRANCISCA DANIELLE MARQUES DO NASCIMENTO
38002140000171,JANGURUSSU,
38015900000185,ALDEOTA,
38017571000101,GENIBAU,
38018617000107,MESSEJANA,
38025764000104,DE LOURDES,KENNYA ROCHA PINHEIRO
38029795000133,BARRA DO CEARA,
38032717000198,JARDIM CEARENSE,FRANCISCA VIEIRA BESSA
38034099000115,BOA VISTA-CASTELAO,
38053258000129,AEROLANDIA,
38057187000132,JANGURUSSU,
38063281000102,MONTESE,
38063286000127,FATIMA,
38073265000192,PARQUELANDIA,ALINE ALVES ARAGAO
38077193000151,JARDIM DAS OLIVEIRAS,
38090248000163,ARACAPE,
38091879000105,JOSE BONIFACIO,
38096771000105,DAMAS,
38105648000103,BARRA DO CEARA,
38107238000193,PREFEITO JOSE WALTER,
38123365000186,VICENTE PINZON,
38125239000160,CONJUNTO PALMEIRAS,FRANCISCO HERIH BRENO MOURA BRASIL
38134140000125,CIDADE DOS FUNCIONARIOS,
38134594000104,PARQUE DOIS IRMAOS,
38138361000171,PREFEITO JOSE WALTER,
38139031000109,SAPIRANGA,
38141424000149,PARQUE GENIBAU,
38142537000169,ALDEOTA,VINICIUS RUIZ DE SOUZA
38153986000102,ANTONIO BEZERRA,
38155124000119,EDSON QUEIROZ,
38155911000160,PEDRAS,
38157556000169,CONJUNTO PALMEIRAS,
38159552000110,MONDUBIM,
38163844000126,ENGENHEIRO LUCIANO CAVALCANTE,
38163948000130,CONJUNTO PALMEIRAS,
38166520000141,CANINDEZINHO,
38169088000223,PRESIDENTE KENNEDY,LUIZ SERGIO TEIXEIRA COSTA
38171934000169,SAPIRANGA,
38178841000166,JARDIM CEARENSE,
38190496000186,ENGENHEIRO LUCIANO CAVALCANTE,
38200954000110,PARANGABA,
38211281000102,MUCURIPE,
38217603000112,JANGURUSSU,
38218769000153,SERRINHA,
38228004000102,JARDIM AMERICA,
38237835000132,PARQUELANDIA,
38238736000175,CENTRO,
38238901000199,MONTE CASTELO,
38241072000101,PRAIA DO FUTURO I,
38251965000120,JOAQUIM TAVORA,
38253301000108,CONJUNTO CEARA II,
38260986000101,BONSUCESSO,
38271483000131,GUAJIRU,
38273921000109,PARQUE GENIBAU,
38274489000162,GRANJA PORTUGAL,
38279363000180,PRESIDENTE KENNEDY,
38292662000155,CONJUNTO CEARA II,PAULO FIRMINO DE ASSUNCAO
38304850000156,FARIAS BRITO,
38308349000168,LAGOA REDONDA,
38309172000114,JOQUEI CLUBE,
38311107000123,CAIS DO PORTO,
38323913000111,ALVARO WEYNE,
38333263000195,JARDIM CEARENSE,
38347558000110,MONDUBIM,
38348569000115,AEROLANDIA,
38354926000158,PARQUE SANTA ROSA,
38357086000187,PAN AMERICANO,
38360562000119,ALTO DA BALANCA,
38363318000100,ANTONIO BEZERRA,
38363598000156,JANGURUSSU,
38373030000116,MESSEJANA,
38375806000137,VICENTE PINZON,
38376032000169,ALDEOTA,
38377579000189,CONJUNTO PALMEIRAS,
38377686000107,PEDRAS,
38377794000180,CRISTO REDENTOR,
38379761000179,CENTRO,
38385616000109,MONTE CASTELO,
38385917000124,ALVARO WEYNE,
38390060000130,CENTRO,
38390501000102,PAPICU,ROMULO DE SOUSA ALVES OLIVEIRA
38402506000108,PRAIA DE IRACEMA,VALESCA GALDINO DA SILVA NUNES
38402701000120,MARAPONGA,
38403806000101,MEIRELES,
38410522000134,MARAPONGA,
38411592000107,PARQUE SANTA ROSA,
38412985000135,VICENTE PINZON,
38415806000113,MONTE CASTELO,
38424078000106,JARDIM IRACEMA,
38432587000180,ALDEOTA,
38434332000157,AUTRAN NUNES,
38439653000144,CONJUNTO CEARA II,
38445999000155,JOAQUIM TAVORA,
38447529000120,LAGOA REDONDA,
38450443000157,AEROLANDIA,
38463487000111,ANTONIO BEZERRA,
38475440000178,CONJUNTO PALMEIRAS,
38491956000106,GUAJIRU,
38505246000198,ANTONIO BEZERRA,
38534056000107,BOM JARDIM,
38541863000149,JARDIM IRACEMA,
38542419000148,PRESIDENTE KENNEDY,
38561947000144,AEROLANDIA,
38592354000145,PASSARE,
38614668000100,JARDIM DAS OLIVEIRAS,
38625369000162,JARDIM DAS OLIVEIRAS,
38649759000172,SIQUEIRA,
38654518000111,MEIRELES,LUANNA SIMOES PEREIRA
38778402000194,BARRA DO CEARA,
38824201000186,JARDIM DAS OLIVEIRAS,
38827305000144,MEIRELES,
38905874000160,MONTESE,
38986770000128,PARQUE SAO JOSE,
39145848000144,ITAPERI,
39146663000154,GRANJA LISBOA,
39147349000196,JANGURUSSU,
39148926000164,PARANGABA,
39154804000180,PARQUELANDIA,
39227151000112,SAO BENTO,
39236707000137,ANTONIO BEZERRA,
39239059000172,ARACAPE,
39279464000114,ANTONIO BEZERRA,
39286952000159,MARAPONGA,
39292561000147,PLANALTO AYRTON SENNA,
39302441000183,PREFEITO JOSE WALTER,
39302746000195,AEROLANDIA,
39302802000191,PREFEITO JOSE WALTER,
39303320000156,JOQUEI CLUBE,
39306786000105,VILA VELHA,
39307959000100,JARDIM DAS OLIVEIRAS,
39319139000138,JACARECANGA,
39319960000154,MEIRELES,
39326612000104,CRISTO REDENTOR,
39333365000173,PRAIA DO FUTURO II,
39335082000160,MANUEL SATIRO,
39340422000141,PARQUE MANIBURA,
39340937000141,BARRA DO CEARA,
39346213000105,GUAJIRU,
39351067000106,CAMBEBA,ANTONIO GLEIO ARAUJO DE SOUSA
39353902000147,HENRIQUE JORGE,
39358884000196,JOAO XXIII,
39360756000187,CAMBEBA,
39363271000147,PARANGABA,
39365335000149,CARLITO PAMPLONA,
39366584000159,EDSON QUEIROZ,DAYSE SOUSA DA SILVA DE VASCONCELOS
39370772000150,JARDIM GUANABARA,
39375602000169,PAPICU,
39386177000103,PASSARE,
39389866000171,PARQUE PRESIDENTE VARGAS,
39397000000102,BARRA DO CEARA,
39398666000185,GRANJA PORTUGAL,
39399106000145,AEROLANDIA,
39399772000183,CARLITO PAMPLONA,
39401938000159,LAGOA REDONDA,
39402081000191,QUINTINO CUNHA,
39409687000159,PARQUE SAO JOSE,
39410490000130,FATIMA,ROSELI BRAZ LIMA
39419310000180,ENGENHEIRO LUCIANO CAVALCANTE,
39430191000167,VICENTE PINZON,EDILARDO GOES GOMES
39435415000123,SAPIRANGA-COITE,
39436671000135,PRESIDENTE KENNEDY,
39440790000161,MUCURIPE,
39443741000182,PARQUE SANTA ROSA,
39444925000167,PIRAMBU,
39468429000143,PRESIDENTE KENNEDY,
39473184000142,JOAO XXIII,
39474538000173,VARJOTA,
39479363000197,CIDADE DOS FUNCIONARIOS,
39488777000182,MESSEJANA,
39489969000103,BOM JARDIM,
39491712000196,JARDIM GUANABARA,
39498535000170,MONTESE,
39502365000150,JANGURUSSU,
39503196000172,PASSARE,
39503454000110,SERRINHA,
39503467000190,GUARARAPES,
39504588000156,VICENTE PINZON,
39505389000162,CIDADE DOS FUNCIONARIOS,
39506495000160,ITAOCA,
39508134000153,PAPICU,
39516134000103,PASSARE,
39525083000178,PARQUE PRESIDENTE VARGAS,
39533221000160,SIQUEIRA,
39534523000153,DIAS MACEDO,
39541089000139,BARROSO,
39549544000142,BARRA DO CEARA,
39552816000163,VICENTE PINZON,
39559650000107,DAMAS,
39565383000180,SERRINHA,THYAGO CRISTOPHE SOUSA DA CUNHA
39566606000124,QUINTINO CUNHA,
39569019000199,MONDUBIM,
39578488000255,JARDIM IRACEMA,KELLY AGUIAR MONTEIRO CONRADO
39580041000130,AEROLANDIA,
39585936000167,VILA VELHA,
39600282000101,MESSEJANA,
39607554000197,PRAIA DO FUTURO II,
39609001000173,CONJUNTO CEARA I,
39609921000191,PARQUE IRACEMA,DANIELA ALEXANDRE BRAGA
39613076000128,BOA VISTA,
39615843000138,CONJUNTO CEARA I,
39625359000190,EDSON QUEIROZ,MANUELA CAMPELO BORGES FEITOSA FREITAS
39627142000119,ITAPERI,RAFAEL ANGELO PINHEIRO
39629062000100,JANGURUSSU,
39639980000102,SAPIRANGA,
39646733000133,CANINDEZINHO,
39655649000186,JANGURUSSU,
39658776000139,JOSE DE ALENCAR,
39660101000124,MONTESE,EVERTON SOUSA XAVIER
39661218000122,PREFEITO JOSE WALTER,
39661791000136,VILA ELLERY,
39665961000150,CIDADE DOS FUNCIONARIOS,DIEGO DA SILVA DIAS
39679770000148,GRANJA LISBOA,
39687170000121,SIQUEIRA,
39690198000118,EDSON QUEIROZ,
39699282000100,BONSUCESSO,
39713281000165,PARQUELANDIA,
39714295000101,CONJUNTO PALMEIRAS,
39715604000150,PASSARE,
39728458000105,BOM JARDIM,
39729403000101,PRESIDENTE KENNEDY,
39739046000162,PICI,
39739931000141,BOM FUTURO,
39746285000140,VILA VELHA,
39751690000156,ALDEOTA,MARIA VITORIA ARAUJO DE CASTRO
39752384000134,JOAO XXIII,
39758281000181,ALDEOTA,JOZILANGE PEREIRA SAMPAIO
39759148000140,PARQUE GENIBAU,
39759900000152,NOVO MONDUBIM,
39759966000142,MESSEJANA,
39764732000193,ALDEOTA,
39764946000160,PASSARE,
39766251000117,ALDEOTA,
39768573000103,PRAIA DE IRACEMA,PRISCILA FRAZAO OLIVEIRA
39769342000106,ALDEOTA,
39773503000135,CRISTO REDENTOR,
39775221000177,VILA PERI,
39780110000159,EDSON QUEIROZ,
39784545000171,MESSEJANA,KARINE KELLY BEZERRA DE MENDONCA NOBRE
39788365000168,PARQUE GENIBAU,
39794194000180,GRANJA LISBOA,
39794937000111,SIQUEIRA,
39797164000127,CAIS DO PORTO,
39802396000126,PREFEITO JOSE WALTER,
39804005000102,JANGURUSSU,
39807587000180,ALDEOTA,
39808155000194,SIQUEIRA,
39813820000138,JOAQUIM TAVORA,
39821051000110,ENGENHEIRO LUCIANO CAVALCANTE,
39821253000161,PARQUE DOIS IRMAOS,
39823072000174,BARROSO,
39826010000116,CANINDEZINHO,
39828573000143,SERRINHA,
39846172000116,PREFEITO JOSE WALTER,
39847210000155,VILA UNIAO,
39849436000195,PRESIDENTE KENNEDY,
39853552000188,VILA VELHA,
39858496000174,GRANJA PORTUGAL,
39861029000101,VILA UNIAO,
39864704000148,VILA UNIAO,
39865090000119,ANTONIO BEZERRA,
39869840000120,VILA ELLERY,
39890556000136,VICENTE PINZON,
39894600000186,CENTRO,
39896325000130,BELA VISTA,
39901408000170,CONJUNTO PALMEIRAS,
39903502000168,PARANGABA,
39908664000199,MARAPONGA,
39912903000184,BARROSO,
39915025000150,VILA VELHA,
39915211000190,VILA PERI,
39915347000108,PARREAO,
39919015000193,MESSEJANA,
39920042000186,LAGOA REDONDA,
39928112000142,PRAIA DE IRACEMA,JOAO VITOR CARVALHO DE SOUZA
39928803000146,PRAIA DE IRACEMA,
39929629000156,MONTE CASTELO,
39931643000194,ENGENHEIRO LUCIANO CAVALCANTE,
39941483000164,JARDIM IRACEMA,
39950888000169,CENTRO,
39955051000102,PAPICU,
39955528000150,FATIMA,
39962700000100,MUCURIPE,
39968374000130,JARDIM DAS OLIVEIRAS,
39992751000177,QUINTINO CUNHA,
39995879000194,DIONISIO TORRES,
39999524000173,CENTRO,
40006191000113,CIDADE DOS FUNCIONARIOS,
40006730000114,JOSE DE ALENCAR,
40008313000100,ITAOCA,
40017407000146,BOM JARDIM,
40021121000134,PICI,
40025807000101,SIQUEIRA,
40035028000189,SAO JOAO DO TAUAPE,
40040322000189,SAO JOAO DO TAUAPE,
40041666000102,BELA VISTA,
40041738000111,VILA UNIAO,
40042626000185,DIONISIO TORRES,JORGE LUIS GOMES DE OLIVEIRA
40042700000163,JARDIM CEARENSE,MARIA ZULENE MARCOLINO DE SOUSA
40043421000114,MESSEJANA,
40045776000142,ITAPERI,
40059683000177,PAPICU,
40060926000197,MONDUBIM,
40063210000143,MESSEJANA,
40067410000174,HENRIQUE JORGE,
40079532000180,PLANALTO AYRTON SENNA,
40081215000107,CONJUNTO CEARA I,
40084008000106,SAO JOAO DO TAUAPE,
40086748000173,ALTO DA BALANCA,
40094788000167,PARANGABA,
40094800000133,PARQUE PRESIDENTE VARGAS,
40095099000177,SIQUEIRA,
40096366000120,PASSARE,
40099328000121,PARANGABA,
40103777000104,GRANJA LISBOA,
40104194000190,CENTRO,
40109195000127,MANUEL SATIRO,
40115467000100,ITAOCA,
40117577000100,CANINDEZINHO,
40122192000123,MANOEL DIAS BRANCO,
40125736000100,PAPICU,
40128791000154,NOVO MONDUBIM,
40130039000148,BONSUCESSO,
40132021000185,PASSARE,
40132332000144,CIDADE 2000,
40135785000124,VARJOTA,
40144044000100,CIDADE DOS FUNCIONARIOS,
40146267000106,JARDIM AMERICA,
40154549000155,MONDUBIM,
40155085000100,MANOEL DIAS BRANCO,
40157498000115,JANGURUSSU,
40157993000124,VICENTE PINZON,
40158692000115,CENTRO,
40159086000114,CAMBEBA,
40166455000104,BARRA DO CEARA,
40177004000164,CAIS DO PORTO,
40192293000170,CIDADE DOS FUNCIONARIOS,MARIA MARCIA BEZERRA DA COSTA
40192535000126,FARIAS BRITO,
40192656000178,GRANJA LISBOA,
40197870000117,CONJUNTO PALMEIRAS,
40198109000108,MONDUBIM,
40201199000130,JOQUEI CLUBE,
40202010000124,JANGURUSSU,
40208674000109,FARIAS BRITO,
40209939000185,LAGOA REDONDA,
40212400000185,ENGENHEIRO LUCIANO CAVALCANTE,
40214542000181,AMADEU FURTADO,
40216740000184,ALDEOTA,VERGINIA FATIMA SANCHEZ MUNIZ
40225847000199,DIONISIO TORRES,
40229723000181,SIQUEIRA,
40234662000140,ANCURI,
40243143000149,CARLITO PAMPLONA,
40245234000113,BOA VISTA,
40254862000165,SERRINHA,
40262585000132,ALDEOTA,
40263331000139,JOAO XXIII,
40270756000175,MONDUBIM,
40275153000166,ALDEOTA,
40287520000141,BONSUCESSO,
40288655000121,SIQUEIRA,
40290644000186,BONSUCESSO,
40296104000100,NOVO MONDUBIM,
40301346000144,BARROSO,
40302140000139,CAJAZEIRAS,
40303659000131,CAMBEBA,
40315648000171,BARROSO,
40317958000125,CRISTO REDENTOR,
40319374000199,JARDIM GUANABARA,
40320998000126,CURIO,
40321927000148,QUINTINO CUNHA,
40325705000101,MONTESE,
40327071000118,JARDIM CEARENSE,
40334719000183,ENGENHEIRO LUCIANO CAVALCANTE,
40338560000175,JANGURUSSU,
40343302000187,PARQUE DOIS IRMAOS,
40343833000170,RODOLFO TEOFILO,
40345445000128,ALDEOTA,
40347347000120,ARACAPE,
40350673000196,SAPIRANGA,
40356318000124,BOM JARDIM,
40358704000155,BARRA DO CEARA,
40362319000181,SAPIRANGA,
40363745000130,PAPICU,
40366112000185,BARRA DO CEARA,
40366671000195,RODOLFO TEOFILO,
40403118000185,PICI,
40406871000124,SERRINHA,
40410050000161,VILA VELHA,
40411877000190,CONJUNTO CEARA I,
40424625000103,PREFEITO JOSE WALTER,
40428354000156,BOA VISTA,
40428780000190,PASSARE,
40428863000189,MONDUBIM,
40431768000134,LAGOA REDONDA,
40431993000170,ENGENHEIRO LUCIANO CAVALCANTE,
40436661000189,BOM JARDIM,
40443447000150,MONDUBIM,
40450217000118,JARDIM IRACEMA,
40450483000140,VICENTE PINZON,
40451839000160,PREFEITO JOSE WALTER,
40460004000177,COACU,
40462653000107,COACU,PEDRO VICTOR NOGUEIRA DA COSTA
40464834000172,AEROLANDIA,
40481872000133,JANGURUSSU,
40483667000107,BARRA DO CEARA,
40486068000147,PRAIA DO FUTURO II,
40490208000150,MEIRELES,
40501259000130,FLORESTA,
40503431000195,MANOEL DIAS BRANCO,
40506005000105,CANINDEZINHO,
40513736000188,PARANGABA,
40515528000118,PIRAMBU,
40532818000170,JARDIM CEARENSE,
40536589000161,BOM FUTURO,
40540127000118,NOVO MONDUBIM,
40541787000113,GRANJA LISBOA,
40556848000116,BARRA DO CEARA,
40561709000180,BARRA DO CEARA,
40562496000101,OLAVO OLIVEIRA,
40563255000187,PRAIA DO FUTURO II,
40566827000181,CONJUNTO ESPERANCA,
40568031000168,JARDIM DAS OLIVEIRAS,
40569908000135,CIDADE DOS FUNCIONARIOS,
40581785000158,MONTESE,
40596765000150,BOA VISTA,
40599501000150,MONTESE,
40600799000171,PASSARE,
40601911000199,ANTONIO BEZERRA,
40610274000117,PARQUE MANIBURA,
40612518000109,JARDIM DAS OLIVEIRAS,
40622054000103,BONSUCESSO,
40637734000109,GRANJA LISBOA,
40643077000102,PICI,
40646254000104,FATIMA,
40657290000165,ARACAPE,
40657896000109,FLORESTA,
40660253000106,PARQUELANDIA,
40660393000184,JANGURUSSU,
40661216000112,PAPICU,
40662971000111,PARQUE SAO JOSE,
40665987000188,PASSARE,
40672356000196,PRESIDENTE KENNEDY,
40673291000101,COCO,MARIA PATRICIA SILVA SANTOS
40678440000117,JARDIM CEARENSE,
40680927000134,JOSE BONIFACIO,PRISCILLA VALERIA CASSIANO MEDEIROS JORGE
40684192000117,ARACAPE,
40686550000120,CIDADE DOS FUNCIONARIOS,
40688588000132,JOAO XXIII,
40689108000158,MARAPONGA,JAMES CABRAL DE OLIVEIRA
40690248000146,FLORESTA,
40692707000120,GUARARAPES,MARIA ROSELY RODRIGUES DE ARAGAO
40700752000180,DENDE,
40704352000142,PICI,
40706832000142,MONDUBIM,
40709415000153,GRANJA LISBOA,
40717699000120,PARQUE DOIS IRMAOS,
40723130000177,JANGURUSSU,
40736653000158,CENTRO,
40738505000172,JOSE BONIFACIO,
40743170000180,CONJUNTO ESPERANCA,
40743594000145,AMADEU FURTADO,
40749383000110,CURIO,
40750532000160,ALDEOTA,
40757976000128,GUAJIRU,
40758937000145,PARQUE SANTA MARIA,
40770644000183,PICI,
40771723000109,NOVO MONDUBIM,
40775787000188,PARANGABA,
40778535000102,HENRIQUE JORGE,
40788470000186,PARQUE DOIS IRMAOS,
40793410000151,GRANJA LISBOA,
40801464000111,VILA VELHA,
40801546000166,MONTESE,
40803680000104,JOAO XXIII,
40803880000159,NOVO MONDUBIM,
40806939000162,CENTRO,
40807546000173,MESSEJANA,
40809128000115,PRESIDENTE KENNEDY,
40824858000195,ALDEOTA,
40825038000118,GENIBAU,
40825246000117,VILA UNIAO,
40826202000101,PARQUE SAO JOSE,
40835139000170,BOA VISTA-CASTELAO,
40850768000179,CAIS DO PORTO,
40852991000155,CANINDEZINHO,
40854560000128,MONTESE,
40860046000103,GRANJA PORTUGAL,
40860275000110,PADRE ANDRADE,
40869060000160,BENFICA,BRENDA MAGALHAES DE SOUSA
40875696000114,BONSUCESSO,
40878574000181,VARJOTA,
40880413000122,CENTRO,MAILZA DE OLIVEIRA FERREIRA
40894614000189,CENTRO,
40894615000123,JANGURUSSU,
40907711000169,JARDIM DAS OLIVEIRAS,
40910458000100,MESSEJANA,
40912679000100,BOM JARDIM,
40913684000137,PARQUE ARAXA,
40919456000174,JOQUEI CLUBE,
40921334000112,PASSARE,
40927088000106,CONJUNTO CEARA I,
40929574000163,PASSARE,
40934245000100,PASSARE,
40938046000170,BENFICA,
40939580000100,CENTRO,
40941711000185,MONTESE,
40948902000179,PRESIDENTE KENNEDY,
40951481000135,MESSEJANA,
40952071000109,CAMBEBA,
40968789000193,VILA PERI,
40973114000132,MESSEJANA,
40979647000121,CENTRO,
40982947000160,CENTRO,
40983263000182,CIDADE 2000,
40985255000175,PREFEITO JOSE WALTER,
40992804000139,ITAOCA,
40992987000192,CAMBEBA,
41012504000109,ANCURI,
41014032000123,GRANJA PORTUGAL,
41016095000119,PIRAMBU,
41016356000109,MUCURIPE,
41020758000179,LAGOA REDONDA,
41023427000192,CAJAZEIRAS,
41023695000104,JARDIM DAS OLIVEIRAS,
41033646000152,BOM JARDIM,
41034639000175,BONSUCESSO,
41041541000145,PRESIDENTE KENNEDY,
41049587000100,PLANALTO AYRTON SENNA,
41056189000111,BARROSO,
41066227000117,CONJUNTO PALMEIRAS,
41108686000116,MONTE CASTELO,
41114005000122,PIRAMBU,
41127843000130,SIQUEIRA,
41161341000126,PARANGABA,MARIA DO CARMO RODRIGUES PINHEIRO
41163547000195,ALDEOTA,LISLEIDE ALVES DE OLIVEIRA
41182229000171,GENIBAU,
41199578000104,VICENTE PINZON,
41204564000123,CANINDEZINHO,
41214584000185,PRAIA DO FUTURO I,
41215006000163,GRANJA PORTUGAL,
41228766000105,BARRA DO CEARA,
41263276000140,MONDUBIM,
41271135000179,VICENTE PINZON,
41275841000199,SABIAGUABA,
41288267000103,ALDEOTA,
41303313000104,PICI,
41304385000168,DENDE,
41305191000187,DIAS MACEDO,
41318175000129,MONDUBIM,
41318366000190,PARANGABA,
41327568000107,CAMBEBA,
41328786000158,PREFEITO JOSE WALTER,EVERALDO DE AQUINO LUCAS
41344173000104,BARRA DO CEARA,
41346076000150,ALDEOTA,
41367650000157,MEIRELES,
41368686000155,CONJUNTO CEARA II,
41375555000103,GENIBAU,
41382968000107,PAPICU,
41389257000164,CAIS DO PORTO,
41392742000197,PICI,
41398533000150,MEIRELES,
41406800000194,MONDUBIM,
41426352000190,DIAS MACEDO,
41430192000153,MESSEJANA,
41452424000174,PRESIDENTE KENNEDY,
41456217000198,PAPICU,
41460508000150,PARQUE DOIS IRMAOS,
41472534000106,JOSE DE ALENCAR,
41484710000111,BENFICA,
41489830000101,SAPIRANGA-COITE,
41490628000108,PICI,
41512543000175,PAPICU,ANA RODRIGUES DOS ANJOS
41516505000190,BOM JARDIM,
41529575000183,PARQUE SANTA ROSA,
41531188000181,PRAIA DO FUTURO II,
41533350000109,VILA VELHA,
41535428000116,ALDEOTA,BARNABE JUCA CARNEIRO
41536008000154,MARAPONGA,ALEXSANDRA RODRIGUES DE OLIVEIRA
41538509000170,CONJUNTO CEARA I,
41541905000156,ALDEOTA,
41553553000159,VICENTE PINZON,
41556707000166,SAO BENTO,
41559465000164,ALTO DA BALANCA,
41561445000128,BOM JARDIM,
41572752000104,BONSUCESSO,
41575485000129,VICENTE PINZON,
41578056000105,PAUPINA,
41587286000130,ALDEOTA,
41588655000100,AEROLANDIA,
41591793000148,JOAQUIM TAVORA,
41611792000118,JARDIM AMERICA,
41612691000161,PAUPINA,
41616289000155,JARDIM CEARENSE,
41616352000153,PARQUE DOIS IRMAOS,
41619607000131,PAUPINA,
41624252000179,NOVO MONDUBIM,
41627736000171,FATIMA,DANIEL VASCONCELOS AMORIM
41629174000103,PARQUE DOIS IRMAOS,
41632650000137,PARQUELANDIA,
41632735000115,MESSEJANA,
41632836000196,MEIRELES,
41633004000194,MARAPONGA,
41635163000128,BARRA DO CEARA,
41636590000120,BARRA DO CEARA,
41638963000100,CAIS DO PORTO,
41645232000184,PARQUE MANIBURA,
41655340000138,BENFICA,
41657654000170,MUCURIPE,
41672801000180,PIRAMBU,
41677529000121,JARDIM DAS OLIVEIRAS,
41683535000191,MARAPONGA,
41688390000111,PARREAO,
41695059000129,DOM LUSTOSA,
41695254000159,PAUPINA,
41699111000115,PRESIDENTE KENNEDY,
41701357000184,MONDUBIM,
41718509000151,CENTRO,
41729116000143,EDSON QUEIROZ,
41731661000174,BELA VISTA,MATEUS ANTONIO GIRAO FILHO
41733731000123,SIQUEIRA,
41777646000167,CENTRO,
41780567000105,CONJUNTO CEARA II,
41782386000118,EDSON QUEIROZ,
41784911000134,SALINAS,
41790128000183,PARQUE DOIS IRMAOS,
41793630000148,BOM JARDIM,
41797114000191,CIDADE DOS FUNCIONARIOS,CARLA EMANUELE ALVES EUFRASIO
41801177000174,PIRAMBU,
41821096000136,PEDRAS,
41831358000143,MEIRELES,
41831814000155,PARQUE SANTA ROSA,
41832631000154,DIAS MACEDO,
41847917000103,ITAPERI,
41848270000134,PLANALTO AYRTON SENNA,
41848437000167,BARROSO,
41849651000138,PICI,
41854462000153,SAO JOAO DO TAUAPE,
41871098000130,PASSARE,
41882729000116,AEROLANDIA,
41884227000124,PRAIA DE IRACEMA,
41892044000150,SAPIRANGA,
41904295000108,CENTRO,
41913018000161,BOM JARDIM,
41920293000102,JANGURUSSU,
41949697000129,DIAS MACEDO,
41955186000110,CAJAZEIRAS,
41957757000155,BONSUCESSO,
41962249000165,PRESIDENTE KENNEDY,
41977121000175,DOM LUSTOSA,
41990431000120,BOM JARDIM,
42001920000174,MANOEL DIAS BRANCO,
42004594000159,ALTO DA BALANCA,
42005202000176,FATIMA,
42010301000146,ITAPERI,
42016227000175,HENRIQUE JORGE,MAYSA SANTOS RODRIGUES
42018811000160,JARDIM IRACEMA,
42019884000176,VILA UNIAO,
42027290000107,PAPICU,
42031620000138,JARDIM DAS OLIVEIRAS,
42041777000144,BOM FUTURO,
42042250000134,ALDEOTA,
42049550000145,VILA VELHA,
42056837000100,VILA UNIAO,
42061877000132,FARIAS BRITO,
42065420000104,FATIMA,SAMANTHA FROTA DINIZ
42067946000115,CENTRO,
42070001000152,PEDRAS,
42073436000150,VICENTE PINZON,
42076713000189,LAGOA REDONDA,
42087716000118,GRANJA PORTUGAL,
42093902000160,MEIRELES,
42102705000160,BARRA DO CEARA,
42107521000192,PARANGABA,
42107952000159,MESSEJANA,
42109239000144,CAMBEBA,
42115216000142,MEIRELES,
42116966000139,JOQUEI CLUBE,
42118537000109,VILA VELHA,
42120997000163,PARQUE DOIS IRMAOS,
42126277000105,PRAIA DE IRACEMA,
42132300000174,ALDEOTA,
42136052000130,ALDEOTA,
42142102000191,PARQUE SANTA ROSA,
42145841000137,ALDEOTA,
42149618000168,PIRAMBU,
42150095000170,AMADEU FURTADO,
42152911000184,GUARARAPES,
42156237000106,VICENTE PINZON,
42161795000160,MESSEJANA,
42162936000169,HENRIQUE JORGE,ADSON COSTA AVILA
42165184000190,MONDUBIM,
42171167000165,BONSUCESSO,
42171621000188,MEIRELES,
42192552000199,ITAOCA,
42194443000100,MONDUBIM,
42201909000158,ARACAPE,
42207502000138,NOVO MONDUBIM,
42209033000196,CAIS DO PORTO,
42209479000110,CANINDEZINHO,
42211231000194,VILA VELHA,
42218424000177,GENIBAU,
42237155000196,CONJUNTO CEARA I,
42240285000188,PREFEITO JOSE WALTER,
42241328000140,JOAQUIM TAVORA,
42253958000134,JOQUEI CLUBE,
42263495000191,VICENTE PINZON,
42278040000140,ALDEOTA,
42279405000150,GRANJA LISBOA,
42282725000160,CRISTO REDENTOR,
42294077000161,PAUPINA,
42305415000113,MONDUBIM,
42317414000199,BONSUCESSO,
42319215000110,PEDRAS,
42323273000117,PICI,
42329274000179,JARDIM GUANABARA,FRANCY EDUARDO MAGALHAES NERIS
42331055000124,ANTONIO BEZERRA,
42333499000107,TAUAPE,
42344992000114,CENTRO,
42346613000125,PRAIA DE IRACEMA,
42351572000165,JARDIM AMERICA,
42356420000155,MONTE CASTELO,TERCIA MARIA DE LIMA CAVALCANTI
42369222000126,GRANJA PORTUGAL,
42369746000117,PAPICU,
42370829000126,TAUAPE,
42376298000189,CAJAZEIRAS,
42386770000164,PARQUE DOIS IRMAOS,
42387493000104,SIQUEIRA,
42391013000189,PARANGABA,
42393172000112,JANGURUSSU,
42395934000110,PASSARE,
42404646000184,MESSEJANA,
42409397000110,PREFEITO JOSE WALTER,
42409865000156,FATIMA,SIMONE DE FRANCA DIAS
42421148000140,VARJOTA,
42423140000112,ALDEOTA,
42428230000104,CARLITO PAMPLONA,
42428845000122,BENFICA,
42433710000155,BOM JARDIM,
42459519000182,TAUAPE,
42462590000114,PARANGABA,
42467395000187,PARQUE PRESIDENTE VARGAS,
42470669000197,VILA VELHA,
42482205000109,MONDUBIM,
42483368000106,PAUPINA,
42483809000161,CONJUNTO CEARA II,
42489213000179,JARDIM IRACEMA,
42496631000193,CENTRO,
42499666000186,PREFEITO JOSE WALTER,
42501746000129,CIDADE DOS FUNCIONARIOS,VIVIANE CAPISTRANO DOS SANTOS BANDEIRA
42512037000149,MEIRELES,
42512305000122,VILA PERI,
42513223000100,PARQUE SANTA MARIA,
42513328000151,VILA VELHA,
42520749000100,JANGURUSSU,
42539868000104,JANGURUSSU,
42541121000190,MEIRELES,ISRAEL AGUIAR ARAUJO
42543276000166,HENRIQUE JORGE,
42548592000120,EDSON QUEIROZ,
42556505000187,CENTRO,
42569658000169,PLANALTO AYRTON SENNA,
42573839000169,MONDUBIM,
42574612000138,LAGOA REDONDA,
42576855000105,TAUAPE,
42580715000100,LAGOA REDONDA,
42588564000137,PREFEITO JOSE WALTER,
42589407000146,BELA VISTA,
42595597000104,AEROPORTO,
42596359000113,PARANGABA,
42605619000170,PAPICU,
42607542000177,JARDIM IRACEMA,
42608948000174,PRESIDENTE KENNEDY,
42610460000181,CONJUNTO CEARA I,
42612477000178,PANAMERICANO,
42614530000170,SIQUEIRA,
42615078000160,PRESIDENTE KENNEDY,
42630139000169,ITAOCA,
42639456000146,PARQUE SANTA MARIA,
42643468000144,PIRAMBU,
42645223000156,LAGOA REDONDA,
42646080000105,VILA UNIAO,
42646872000171,VILA VELHA,
42652295000120,FATIMA,
42654207000120,MESSEJANA,
42659447000117,CONJUNTO ESPERANCA,
42663509000164,JOAO XXIII,
42666860000109,ANTONIO BEZERRA,
42670021000164,ANTONIO BEZERRA,
42674951000196,CONJUNTO PALMEIRAS,
42675822000112,DEMOCRITO ROCHA,
42681910000127,ALDEOTA,
42684378000100,PASSARE,
42703120000103,MEIRELES,
42703375000168,JARDIM DAS OLIVEIRAS,
42704412000152,PLANALTO AYRTON SENNA,
42704701000151,BELA VISTA,
42714357000181,PARQUELANDIA,
42715948000173,JARDIM DAS OLIVEIRAS,
42717189000188,LAGOA REDONDA,
42722977000162,PASSARE,
42723636000101,MUCURIPE,
42735113000185,PEDRAS,
42753852000108,AUTRAN NUNES,
42756986000174,CENTRO,
42757962000130,CONJUNTO PALMEIRAS,
42768378000180,ALDEOTA,JORDANA CARVALHO CASTRO
42776417000190,MONDUBIM,
42778956000169,LAGOA REDONDA,
42780640000101,SIQUEIRA,
42783285000124,ALVARO WEYNE,
42784494000192,PARANGABA,
42785845000180,VICENTE PINZON,
42786522000100,ARACAPE,
42787244000106,CONJUNTO CEARA II,
42795788000110,BONSUCESSO,
42812970000131,DAMAS,
42819968000194,ALDEOTA,
42822201000114,MESSEJANA,
42822539000176,JOAO XXIII,
42827445000190,ALDEOTA,RUTHENIA DA SILVA LIMA
42828306000180,ALDEOTA,
42831620000112,JOAQUIM TAVORA,
42832381000115,CURIO,
42833984000131,MEIRELES,
42835612000144,MESSEJANA,
42849520000113,BARROSO,
42850874000188,ALDEOTA,
42866336000181,COACU,
42880928000158,PAUPINA,
42886303000101,CIDADE DOS FUNCIONARIOS,
42887944000172,PAUPINA,
42892410000134,MONDUBIM,
42894267000110,BARRA DO CEARA,
42907752000180,PLANALTO AYRTON SENNA,
42920411000145,GENIBAU,
42954501000157,PARANGABA,
42959242000157,JANGURUSSU,
42963898000143,LAGOA REDONDA,
42984983000198,LAGOA REDONDA,
42987015000135,JOAO XXIII,
42991397000170,JARDIM DAS OLIVEIRAS,
42994646000181,GRANJA LISBOA,
43007271000181,SERRINHA,
43011427000106,VILA VELHA,
43013736000107,ALDEOTA,
43014635000150,MUCURIPE,
43034111000121,SERRINHA,
43038577000103,PASSARE,
43039708000169,VICENTE PINZON,
43077689000165,QUINTINO CUNHA,
43081178000117,JOAO XXIII,
43081697000185,PASSARE,
43086742000194,SIQUEIRA,
43087201000180,SAPIRANGA-COITE,
43087330000179,AMADEU FURTADO,
43088383000104,ALDEOTA,
43089815000100,VILA UNIAO,
43094157000136,PEDRAS,
43095109000162,PARQUE SANTA MARIA,
43099832000110,RODOLFO TEOFILO,
43100431000132,PEDRAS,
43104923000104,MUCURIPE,
43106511000103,CAIS DO PORTO,
43114960000195,RODOLFO TEOFILO,
43120944000105,MONTESE,
43121293000178,JOAO XXIII,
43131048000141,LAGOA REDONDA,
43155361000110,ANTONIO BEZERRA,
43164005000162,QUINTINO CUNHA,
43166409000195,CAMBEBA,
43170884000135,BELA VISTA,
43174456000180,JOAO XXIII,
43176204000190,GRANJA LISBOA,
43182616000133,QUINTINO CUNHA,
43183373000158,BELA VISTA,
43216145000137,BARROSO,
43220459000103,CENTRO,
43223690000150,SIQUEIRA,
43224878000113,GRANJA LISBOA,
43231408000187,GRANJA LISBOA,
43235823000109,MEIRELES,
43248770000160,GRANJA LISBOA,
43250702000136,SERRINHA,
43250779000106,PARQUE SANTA MARIA,
43253895000260,MESSEJANA,ANTONIO BERNARDO LIMA MONTEIRO
43255021000160,JACARECANGA,
43270547000110,PARQUE SANTA MARIA,
43274598000110,GUARARAPES,
43277054000101,LAGOA REDONDA,
43278735000194,VARJOTA,ARIANA ASSUNCAO TORRES
43278804000160,TAUAPE,
43288222000164,MEIRELES,
43293571000174,PLANALTO AYRTON SENNA,
43299220000170,SAPIRANGA-COITE,
43299834000152,PRAIA DO FUTURO I,
43309710000100,GRANJA PORTUGAL,
43310447000170,BOM JARDIM,
43310560000155,JARDIM CEARENSE,
43312879000110,ALDEOTA,
43315355000182,PAUPINA,
43317779000186,GRANJA PORTUGAL,
43322175000128,BOM JARDIM,
43325905000144,MONDUBIM,
43332359000179,VICENTE PINZON,
43333161000100,BOM JARDIM,
43339553000186,BOM JARDIM,
43342135000148,SAPIRANGA-COITE,LO AMI MONTEIRO GOMES
43343523000143,PASSARE,
43347698000129,JARDIM AMERICA,
43349367000128,CIDADE DOS FUNCIONARIOS,
43353778000197,CENTRO,
43366013000191,EDSON QUEIROZ,
43367194000170,BOM JARDIM,
43369015000134,AEROLANDIA,
43375342000107,PARQUE PRESIDENTE VARGAS,
43376097000144,HENRIQUE JORGE,
43377719000159,PIRAMBU,
43377855000149,CONJUNTO CEARA II,
43381018000193,ITAPERI,
43381408000163,VILA PERI,
43394896000143,AEROLANDIA,
43396267000152,ALDEOTA,
43397267000177,CAJAZEIRAS,
43398240000107,DENDE,
43398595000198,SERRINHA,
43414666000107,PARREAO,
43423040000159,BARRA DO CEARA,
43431917000153,PAUPINA,
43440495000182,JOAQUIM TAVORA,JOSIEL DO NASCIMENTO LIMA
43445409000124,SIQUEIRA,
43451422000196,CONJUNTO CEARA II,
43455461000161,PREFEITO JOSE WALTER,
43455509000131,ALDEOTA,
43455780000177,CANINDEZINHO,
43457045000100,FATIMA,
43459105000116,ALDEOTA,
43461667000102,JARDIM DAS OLIVEIRAS,
43463750000102,SERRINHA,
43463855000161,PAUPINA,
43468483000166,CONJUNTO CEARA II,
43474454000107,JOAO XXIII,
43485042000172,GRANJA PORTUGAL,
43485082000114,PARQUE DOIS IRMAOS,
43494535000179,ALVARO WEYNE,
43495218000177,MONDUBIM,EMILLE SOARES DA SILVA
43497443000142,PLANALTO AYRTON SENNA,
43499562000134,JARDIM CEARENSE,
43508268000141,ENGENHEIRO LUCIANO CAVALCANTE,
43515797000172,JANGURUSSU,
43518963000194,PARREAO,ARIANE UCHOA GONCALVES
43523784000145,PAPICU,
43524358000126,PANAMERICANO,
43525346000116,PASSARE,
43531272000120,MONDUBIM,
43534666000132,BOA VISTA-CASTELAO,
43535411000194,AEROPORTO,
43536298000161,PAUPINA,
43537242000121,PAPICU,
43540373000168,JANGURUSSU,
43544611000103,SIQUEIRA,
43548371000115,BONSUCESSO,
43550439000109,CENTRO,
43552644000103,MONTE CASTELO,
43553128000195,MARAPONGA,
43555491000140,JANGURUSSU,
43557281000190,FATIMA,
43559127000158,BONSUCESSO,
43562489000106,JOSE BONIFACIO,
43566511000188,PASSARE,
43568001000140,BOA VISTA-CASTELAO,
43570725000128,AUTRAN NUNES,BIATRIZ ALCANTARA MOTA
43573471000100,CANINDEZINHO,
43577743000131,MESSEJANA,
43591133000192,PRESIDENTE KENNEDY,
43593571000190,CONJUNTO CEARA I,
43599993000172,CONJUNTO PALMEIRAS,
43606157000178,VARJOTA,
43609336000169,JOAQUIM TAVORA,
43610299000109,PARANGABA,
43617591000153,JANGURUSSU,
43621480000110,ALTO DA BALANCA,
43625899000140,PICI,
43643906000137,PARQUELANDIA,
43645909000100,CAMBEBA,
43646523000112,CONJUNTO CEARA II,
43649538000134,PARQUE SANTA ROSA,
43651888000135,ENGENHEIRO LUCIANO CAVALCANTE,
43663410000125,BARRA DO CEARA,
43668560000121,MONDUBIM,
43668640000187,VILA UNIAO,
43673866000176,VILA UNIAO,
43684520000173,ANCURI,
43684780000149,ITAOCA,
43688821000175,EDSON QUEIROZ,
43696523000127,ENGENHEIRO LUCIANO CAVALCANTE,
43696949000180,MONTE CASTELO,
43699835000194,RODOLFO TEOFILO,
43710570000188,TAUAPE,
43725433000117,PARQUE SANTA ROSA,
43740674000135,VICENTE PINZON,
43773843000133,PREFEITO JOSE WALTER,
43779670000160,AUTRAN NUNES,
43790985000109,JOAQUIM TAVORA,
43795727000115,PANAMERICANO,
43797628000172,MONDUBIM,
43798512000158,CONJUNTO ESPERANCA,
43800223000146,JARDIM AMERICA,
43803514000198,JANGURUSSU,
43811056000139,BARRA DO CEARA,
43811292000155,CANINDEZINHO,
43811718000170,VICENTE PINZON,
43815101000123,ALVARO WEYNE,
43815405000190,CRISTO REDENTOR,
43815817000120,MONDUBIM,MARIA KEROLAYNE MARQUES FERNANDES
43817993000100,PAUPINA,
43829369000114,VICENTE PINZON,
43844772000112,COACU,
43851621000191,BOM JARDIM,
43855335000102,CANINDEZINHO,
43861551000152,MESSEJANA,
43864371000124,SALINAS,
43872796000185,BONSUCESSO,
43875960000108,PRESIDENTE KENNEDY,
43882367000199,EDSON QUEIROZ,
43888488000148,PREFEITO JOSE WALTER,
43890726000150,EDSON QUEIROZ,
43892295000160,JANGURUSSU,
43908020000178,DIONISIO TORRES,
43909759000102,PASSARE,
43914070000168,CARLITO PAMPLONA,
43917183000117,ALDEOTA,JOSE FAGNER DE ALMEIDA
43926386000170,BARRA DO CEARA,
43935001000130,AUTRAN NUNES,
43953665000122,PICI,
43959965000119,JOSE DE ALENCAR,
43966891000148,PRESIDENTE KENNEDY,
43967519000156,QUINTINO CUNHA,
43982927000187,PAUPINA,
43983036000145,HENRIQUE JORGE,
43989627000120,ALVARO WEYNE,
43991730000104,MESSEJANA,
44021256000150,EDSON QUEIROZ,
44022959000101,BENFICA,
44024664000166,BELA VISTA,
44028378000179,NOVO MONDUBIM,
44036105000176,EDSON QUEIROZ,
44041706000177,BARRA DO CEARA,
44053732000115,MONDUBIM,
44054358000172,CAIS DO PORTO,
44056457000193,SIQUEIRA,
44065824000115,PRAIA DO FUTURO II,
44066449000128,VILA VELHA,
44083390000186,JANGURUSSU,
44099750000138,MARAPONGA,DIOR INACIO DA SILVA
44100209000100,MONTESE,
44101026000100,ITAPERI,
44103053000103,EDSON QUEIROZ,
44104428000150,JARDIM DAS OLIVEIRAS,
44106972000130,CARLITO PAMPLONA,
44108099000115,CARLITO PAMPLONA,
44117239000111,COCO,
44119499000126,MANOEL SATIRO,
44126717000150,VILA VELHA,
44127772000164,BARRA DO CEARA,
44134721000160,TAUAPE,
44135429000161,PIRAMBU,
44141581000157,CONJUNTO CEARA II,
44141702000160,VICENTE PINZON,
44144153000188,CONJUNTO CEARA II,
44152319000108,PARQUE MANIBURA,
44172577000156,VILA UNIAO,
44175001000142,CANINDEZINHO,
44177084000109,QUINTINO CUNHA,
44178402000156,BOM JARDIM,
44179065000111,PARQUE MANIBURA,
44179709000171,PARQUE DOIS IRMAOS,
44179754000126,LAGOA REDONDA,
44188120000130,MESSEJANA,
44188479000107,JOAO XXIII,
44195293000185,MONTESE,
44209169000121,GRANJA LISBOA,
44226053000109,PARQUELANDIA,
44237205000160,PARQUELANDIA,CHEILA ALVES PEREIRA
44237486000151,BENFICA,
44240793000191,FATIMA,
44241691000190,MANOEL SATIRO,
44251557000170,FATIMA,
44267133000102,CENTRO,
44268379000190,SIQUEIRA,
44273566000162,CANINDEZINHO,
44281071000185,AUTRAN NUNES,
44281948000138,FATIMA,
44290448000162,JOQUEI CLUBE,
44301192000141,BONSUCESSO,
44310383000170,ALDEOTA,
44312280000149,JARDIM DAS OLIVEIRAS,
44324157000148,VILA PERI,
44324362000103,GRANJA LISBOA,
44327751000192,MONTESE,
44332984000183,DOM LUSTOSA,
44337448000170,JARDIM DAS OLIVEIRAS,
44339419000148,ALVARO WEYNE,
44341752000191,CONJUNTO CEARA II,
44345232000157,COACU,
44347098000123,MONDUBIM,
44364054000101,PAPICU,ERIKA KAROLINE DE AZEVEDO ARAGAO
44379461000192,BONSUCESSO,
44384310000122,CANINDEZINHO,
44384748000100,CONJUNTO ESPERANCA,
44392317000196,MONTE CASTELO,
44395313000161,OLAVO OLIVEIRA,
44397565000120,PASSARE,
44398463000129,PASSARE,
44408928000185,PASSARE,
44409305000127,PARQUE MANIBURA,RENNAN VELOSO PERDIGAO
44419259000147,MEIRELES,
44431486000198,CONJUNTO CEARA I,
44459989000171,MONTESE,
44460750000111,JARDIM IRACEMA,
44490692000179,CONJUNTO CEARA I,
44493756000195,MESSEJANA,
44501002000130,PAPICU,
44513022000120,PASSARE,
44514122000171,BOM JARDIM,
44515487000110,MESSEJANA,
44516844000165,GRANJA PORTUGAL,
44521762000109,PREFEITO JOSE WALTER,
44554179000102,PARQUE DOIS IRMAOS,
44559167000162,PARQUE ARAXA,
44560207000196,MONTESE,LAYSSA CANDIDO DE SOUSA
44561069000160,PASSARE,
44562250000190,JARDIM IRACEMA,
44565882000108,MONDUBIM,
44569592000132,BARROSO,
44574938000190,JACARECANGA,
44587359000182,BENFICA,
44588388000169,AUTRAN NUNES,
44595079000116,MONDUBIM,
44598651000109,VICENTE PINZON,
44616370000123,ALDEOTA,
44620655000138,ALDEOTA,JOSINEUDO MAIA RABELO
44632260000155,CIDADE 2000,
44647178000102,JARDIM IRACEMA,
44649692000179,EDSON QUEIROZ,
44658184000157,SIQUEIRA,
44670887000109,ALDEOTA,ROCHELE DA SILVA SOUZA
44675983000131,GRANJA PORTUGAL,
44680609000124,OLAVO OLIVEIRA,
44688758000130,CONJUNTO CEARA I,
44695794000120,CAMBEBA,
44697848000197,ALVARO WEYNE,
44700917000174,MESSEJANA,
44701987000147,MONDUBIM,
44705319000198,JOQUEI CLUBE,
44709227000186,DIONISIO TORRES,
44717124000168,PARQUE SANTA ROSA,
44719263000120,MONTESE,
44724804000109,PARQUE SANTA MARIA,
44725767000153,SIQUEIRA,
44726407000176,BENFICA,
44731993000147,MONDUBIM,
44731993000228,MARAPONGA,
44735385000100,PLANALTO AYRTON SENNA,
44739665000197,MONTESE,
44750608000109,BARROSO,
44755849000140,VICENTE PINZON,
44758442000177,DEMOCRITO ROCHA,
44761428000122,MONDUBIM,
44761874000137,MONDUBIM,
44761883000128,MONTESE,
44764346000131,MONTE CASTELO,
44769241000175,PAPICU,
44769417000199,MESSEJANA,
44770149000125,CARLITO PAMPLONA,LUCAS COSTA BRITO DE OLIVEIRA
44770375000106,BOA VISTA-CASTELAO,
44779176000169,MONTESE,
44787134000170,PIRAMBU,
44799876000115,EDSON QUEIROZ,
44803420000181,MONDUBIM,
44805771000121,MESSEJANA,
44822860000186,CONJUNTO CEARA II,
44826264000174,ITAOCA,
44827876000181,PADRE ANDRADE,
44828574000128,MONDUBIM,
44829759000157,PARQUE MANIBURA,
44837044000146,NOVO MONDUBIM,
44839894000183,CANINDEZINHO,
44843182000138,PASSARE,
44850511000178,CRISTO REDENTOR,
44852808000172,DAMAS,
44853762000106,DEMOCRITO ROCHA,
44861212000139,ANTONIO BEZERRA,
44863166000107,PAUPINA,
44874138000195,CAJAZEIRAS,
44874973000125,VICENTE PINZON,
44876600000193,DIONISIO TORRES,
44881320000173,CONJUNTO PALMEIRAS,
44881987000176,GENIBAU,
44885518000125,SAO BENTO,
44887637000117,JANGURUSSU,
44889348000157,EDSON QUEIROZ,
44894700000142,CONJUNTO PALMEIRAS,
44904070000140,CANINDEZINHO,
44932429000192,JARDIM IRACEMA,
44943437000134,GRANJA PORTUGAL,
44943871000114,CIDADE DOS FUNCIONARIOS,
44954754000156,CONJUNTO ESPERANCA,
44958284000107,PAUPINA,
44963712000181,PLANALTO AYRTON SENNA,
44967591000146,CENTRO,
44971227000150,ALDEOTA,
44971846000144,PICI,
44971957000150,MESSEJANA,
44972168000134,NOVO MONDUBIM,
44976865000163,LAGOA REDONDA,
44979665000164,JANGURUSSU,
44984454000110,MESSEJANA,
44995276000122,PARQUE MANIBURA,
45001664000103,EDSON QUEIROZ,
45004696000162,PLANALTO AYRTON SENNA,
45008037000102,JARDIM DAS OLIVEIRAS,
45009121000132,PARQUE DOIS IRMAOS,
45018812000100,MONTESE,
45023457000150,PIRAMBU,
45028624000155,VICENTE PINZON,
45029313000100,CONJUNTO CEARA I,
45032614000193,MONDUBIM,
45037742000120,PASSARE,
45038444000154,MANOEL SATIRO,
45044866000132,JANGURUSSU,
45046219000160,BOA VISTA-CASTELAO,
45046688000189,MESSEJANA,
45054346000100,NOVO MONDUBIM,
45055690000114,MANOEL SATIRO,
45056289000107,BOA VISTA-CASTELAO,
45057252000195,MANOEL SATIRO,
45057442000102,COUTO FERNANDES,
45065563000104,JARDIM DAS OLIVEIRAS,
45068626000178,BARROSO,
45073845000145,SIQUEIRA,
45075135000154,AUTRAN NUNES,
45078538000157,DOM LUSTOSA,MARIA MARILIA DANTAS MESQUITA
45078744000167,QUINTINO CUNHA,
45079002000156,CONJUNTO CEARA II,
45081102000117,GENIBAU,
45106442000155,MEIRELES,
45120918000102,VILA VELHA,
45122986000100,SERRINHA,
45134783000134,PASSARE,
45136658000163,MUCURIPE,
45139752000176,EDSON QUEIROZ,
45145700000102,CIDADE DOS FUNCIONARIOS,ALINE FIRMIANO SALES
45147839000195,JOAQUIM TAVORA,
45150312000110,PEDRAS,
45152644000133,QUINTINO CUNHA,
45156905000193,CURIO,
45157883000186,EDSON QUEIROZ,
45165103000140,COACU,
45168730000134,BOM FUTURO,
45171668000130,CARLITO PAMPLONA,
45177464000106,PASSARE,
45183337000110,JACARECANGA,
45195932000175,MESSEJANA,
45201268000120,MONDUBIM,
45213737000120,BARRA DO CEARA,
45214112000183,ALDEOTA,VICTOR GOMES DE ALBUQUERQUE
45219190000170,PRESIDENTE KENNEDY,
45226295000157,TAUAPE,
45231753000146,FARIAS BRITO,RODNEY DE ARAUJO SILVA JUNIOR
45232629000103,PARQUE PRESIDENTE VARGAS,
45240745000166,CRISTO REDENTOR,
45249294000128,MUCURIPE,
45263145000113,GRANJA LISBOA,
45264453000163,PASSARE,
45267261000100,SIQUEIRA,
45269258000126,CARLITO PAMPLONA,
45273583000162,VILA VELHA,
45274706000180,RODOLFO TEOFILO,
45276934000199,GRANJA PORTUGAL,
45284250000139,GRANJA LISBOA,
45285134000134,MESSEJANA,
45289961000104,DIAS MACEDO,
45290565000199,CONJUNTO PALMEIRAS,
45293961000170,PARQUE SANTA ROSA,
45295454000175,MONTE CASTELO,
45295973000133,SERRINHA,
45315608000143,VARJOTA,
45318679000108,ALDEOTA,
45324487000104,PICI,
45326264000178,BOA VISTA-CASTELAO,
45332650000172,BARRA DO CEARA,
45341531000186,PIRAMBU,
45350670000176,CONJUNTO CEARA I,
45351369000187,PARANGABA,
45354980000169,MESSEJANA,
45356403000106,ENGENHEIRO LUCIANO CAVALCANTE,
45366240000142,DEMOCRITO ROCHA,
45366350000104,ALVARO WEYNE,
45368331000117,RODOLFO TEOFILO,
45372277000183,SIQUEIRA,
45373267000162,JARDIM CEARENSE,
45373709000170,PARQUE SANTA ROSA,
45377670000160,CONJUNTO ESPERANCA,
45379921000145,PASSARE,
45387480000123,BARRA DO CEARA,
45403463000132,HENRIQUE JORGE,
45421036000187,DEMOCRITO ROCHA,
45423686000161,SABIAGUABA,
45431914000145,CAJAZEIRAS,
45436634000120,COCO,
45437956000193,JOSE DE ALENCAR,
45438434000106,ALTO DA BALANCA,
45438582000120,CRISTO REDENTOR,
45438925000157,CAMBEBA,MARCOS AURELIO FEITOSA ABE
45440651000130,ALDEOTA,
45442723000189,CONJUNTO CEARA I,
45443754000154,PASSARE,
45458407000103,VICENTE PINZON,
45466306000176,SERRINHA,
45478094000147,VILA UNIAO,
45478530000188,MONDUBIM,
45478771000127,JOAQUIM TAVORA,
45489981000110,PICI,
45490997000143,MEIRELES,SILVANA CORDEIRO DA SILVA
45514765000188,JARDIM AMERICA,
45515331000100,MONDUBIM,
45519317000177,PEDRAS,
45519788000185,PASSARE,
45524829000121,CAJAZEIRAS,
45549354000128,CARLITO PAMPLONA,
45562674000118,BONSUCESSO,
45584698000178,JOSE DE ALENCAR,
45587314000170,BOM JARDIM,
45592033000106,ALDEOTA,EMANUEL DELANO SAMPAIO RODRIGUES
45596853000176,ALDEOTA,
45597640000169,NOVO MONDUBIM,
45615045000109,VILA UNIAO,
45627632000118,BELA VISTA,
45627996000106,AUTRAN NUNES,
45643815000127,SAPIRANGA-COITE,JENNIFER BERNARDO DA SILVA
45647430000138,CARLITO PAMPLONA,
45652848000133,TAUAPE,
45654368000101,PREFEITO JOSE WALTER,
45665231000152,CONJUNTO CEARA II,
45665958000130,TAUAPE,
45668778000101,ALVARO WEYNE,
45677769000187,GRANJA PORTUGAL,
45677990000135,CONJUNTO PALMEIRAS,
45678416000100,PASSARE,
45680176000170,MANOEL SATIRO,
45680890000168,JARDIM CEARENSE,FRANCISCO JEFFERSON FERREIRA DA SILVA
45681207000107,JACARECANGA,ALINE QUEIROZ DE SOUSA FIORENZA
45681917000137,HENRIQUE JORGE,
45692573000161,PASSARE,DANIEL CAVALCANTE NASCIMENTO
45699155000104,CONJUNTO CEARA I,
45701962000106,JARDIM DAS OLIVEIRAS,
45704272000100,CONJUNTO CEARA II,
45709562000147,PARANGABA,
45714584000103,AUTRAN NUNES,
45717383000151,GUAJERU,
45722879000113,CAIS DO PORTO,
45727043000101,JARDIM IRACEMA,
45741405000119,ITAOCA,
45741545000197,PASSARE,
45746605000164,BOM FUTURO,
45747849000161,HENRIQUE JORGE,
45749182000136,NOVO MONDUBIM,
45750431000103,ALDEOTA,MARCELINO CANELADA CAMPOS
45752765000116,PARREAO,
45754964000163,NOVO MONDUBIM,
45755284000164,NOVO MONDUBIM,
45760601000130,PADRE ANDRADE,
45765517000100,MONDUBIM,
45766932000188,VILA VELHA,
45769021000104,PREFEITO JOSE WALTER,
45770742000134,CONJUNTO CEARA II,
45780342000100,VARJOTA,
45781741000195,CENTRO,
45796918000127,JACARECANGA,
45807459000130,CAIS DO PORTO,
45828108000105,MESSEJANA,
45829550000156,MEIRELES,
45832241000135,COACU,
45842686000104,VICENTE PINZON,
45844026000154,PARQUE DOIS IRMAOS,
45847044000190,PARANGABA,
45856124000101,MESSEJANA,
45863961000168,AEROLANDIA,
45873228000124,CRISTO REDENTOR,
45874565000136,PAUPINA,
45877023000117,BONSUCESSO,
45887198000105,ALDEOTA,
45894376000125,CONJUNTO ESPERANCA,
45894829000113,CONJUNTO ESPERANCA,
45903107000188,JARDIM DAS OLIVEIRAS,
45904859000163,JARDIM IRACEMA,
45914244000118,PRESIDENTE KENNEDY,
45916331000104,JACARECANGA,
45926059000143,JACARECANGA,
45937011000130,MONDUBIM,
45937518000194,BARRA DO CEARA,
45944695000106,ALTO DA BALANCA,
45963489000135,CIDADE DOS FUNCIONARIOS,
45971912000149,QUINTINO CUNHA,
45972107000130,VILA VELHA,
45973710000136,CIDADE 2000,
45981683000143,ALDEOTA,
45996282000167,CANINDEZINHO,
45999991000104,PARREAO,
46005172000159,PARANGABA,
46007520000127,PRESIDENTE KENNEDY,
46010613000100,DIAS MACEDO,
46012818000125,PRESIDENTE KENNEDY,
46021493000147,FARIAS BRITO,
46031102000175,PREFEITO JOSE WALTER,
46035891000112,VICENTE PINZON,
46050173000115,VICENTE PINZON,
46051155000158,VILA UNIAO,
46059709000163,SIQUEIRA,
46066002000184,CENTRO,
46071406000166,CONJUNTO CEARA I,
46074062000149,BARRA DO CEARA,
46083828000151,MONDUBIM,
46105595000140,PARANGABA,ANTONIO ALMIR ESTEVAO DA SILVA
46115157000163,BARRA DO CEARA,
46131519000100,BARROSO,
46144681000162,ALVARO WEYNE,
46154759000120,ALDEOTA,SILVANIR SOUZA VIDAL
46156175000193,BARRA DO CEARA,
46166216000122,JOSE DE ALENCAR,
46188224000170,COCO,
46193597000139,PARQUE SANTA MARIA,
46199809000195,VILA VELHA,
46201343000115,NOVO MONDUBIM,
46204144000160,PASSARE,
46204494000127,PAPICU,ANTONIA CAROLINO MESQUITA
46205455000144,BONSUCESSO,
46214978000157,DIAS MACEDO,
46224001000110,BARROSO,
46232915000123,BARRA DO CEARA,
46242896000116,ALVARO WEYNE,
46243313000171,COCO,
46244290000110,FARIAS BRITO,
46245020000123,PIRAMBU,
46252699000188,ITAPERI,
46253250000134,JANGURUSSU,
46264246000171,CONJUNTO CEARA II,
46270554000100,BOM JARDIM,
46272063000106,CONJUNTO CEARA I,
46274854000167,BARRA DO CEARA,
46279554000170,GENIBAU,
46282449000190,CAIS DO PORTO,
46284207000136,ALDEOTA,
46284214000138,ARACAPE,
46308563000142,JANGURUSSU,
46312284000152,CONJUNTO ESPERANCA,
46313385000148,SERRINHA,
46315587000129,AUTRAN NUNES,
46316199000162,PADRE ANDRADE,
46320284000102,MANOEL SATIRO,
46320366000149,PIRAMBU,
46325885000108,DAMAS,
46326717000129,JOAQUIM TAVORA,
46331261000195,BOM JARDIM,
46337982000102,JARDIM IRACEMA,
46348817000156,MONDUBIM,
46359990000150,BOA VISTA-CASTELAO,
46360763000144,ARACAPE,
46366693000131,PAPICU,
46368829000142,HENRIQUE JORGE,
46370682000125,BOM JARDIM,
46370895000157,ENGENHEIRO LUCIANO CAVALCANTE,
46375502000106,SAO GERARDO,
46375690000164,CIDADE 2000,
46381715000132,SERRINHA,
46392906000108,PASSARE,
46393470000163,JANGURUSSU,
46393859000109,GENIBAU,
46397229000102,JOAO XXIII,
46400690000177,JARDIM DAS OLIVEIRAS,
46408224000138,JARDIM IRACEMA,
46408818000149,CARLITO PAMPLONA,
46415247000170,PICI,
46416670000194,CARLITO PAMPLONA,
46422758000119,COCO,JOHANA TERESA HERNANDEZ DE ESCOBAR
46423379000143,GENIBAU,
46430555000174,COACU,
46434931000107,MUCURIPE,
46438876000115,BOM JARDIM,
46440347000156,CENTRO,
46444486000158,VILA UNIAO,
46449414000101,GRANJA PORTUGAL,
46452610000127,PRAIA DO FUTURO II,
46457341000191,MESSEJANA,
46458537000109,VARJOTA,
46466218000137,BONSUCESSO,
46466483000115,PARANGABA,
46470987000109,BONSUCESSO,
46472359000162,BENFICA,
46472984000104,CANINDEZINHO,
46474917000129,PAPICU,
46479182000126,MONDUBIM,
46484913000121,MONTESE,
46486995000143,PREFEITO JOSE WALTER,
46487907000128,LAGOA REDONDA,
46488079000142,DEMOCRITO ROCHA,
46493773000158,MUCURIPE,
46495549000103,CONJUNTO CEARA II,
46496448000149,COACU,
46496533000107,BOM JARDIM,
46505859000153,AEROLANDIA,
46512799000104,ALDEOTA,
46515207000108,MONDUBIM,
46519010000139,ANTONIO BEZERRA,
46519502000124,MONTE CASTELO,
46521608000162,DIONISIO TORRES,
46523362000168,AMADEU FURTADO,
46536521000169,VILA PERI,
46537959000161,PAPICU,
46537970000121,PRAIA DE IRACEMA,
46542546000175,AEROLANDIA,
46545507000121,CAJAZEIRAS,
46546929000111,BONSUCESSO,
46548730000122,GRANJA LISBOA,
46551408000152,JOAQUIM TAVORA,
46554296000193,SAPIRANGA-COITE,
46556555000115,MONDUBIM,
46557850000196,PASSARE,
46559627000188,JOAO XXIII,
46560333000176,GRANJA LISBOA,
46572649000188,CONJUNTO PALMEIRAS,
46575978000182,VICENTE PINZON,
46576905000105,SAPIRANGA-COITE,
46577287000118,CIDADE DOS FUNCIONARIOS,
46582580000173,SERRINHA,
46591977000121,CANINDEZINHO,
46592667000121,JARDIM GUANABARA,
46592989000170,ANTONIO BEZERRA,
46603492000100,RODOLFO TEOFILO,
46607629000103,BARROSO,
46612780000121,MONDUBIM,
46614537000142,MANOEL SATIRO,
46615657000164,ITAPERI,
46622377000183,JOAQUIM TAVORA,
46622930000188,MONTESE,
46634257000104,MONTE CASTELO,
46634626000150,BARROSO,
46636971000123,VICENTE PINZON,
46643960000170,BELA VISTA,
46649834000123,LAGOA REDONDA,
46651072000108,PRESIDENTE KENNEDY,
46652779000120,JOAQUIM TAVORA,
46658354000129,BOM JARDIM,
46660533000109,MONTESE,
46667471000159,GRANJA PORTUGAL,
46670228000190,AEROLANDIA,
46677806000110,CAMBEBA,
46680865000147,BENFICA,
46685537000133,SERRINHA,
46686752000159,SERRINHA,
46689607000121,LAGOA REDONDA,
46701075000109,VARJOTA,
46707338000189,MONTESE,
46709315000103,ARACAPE,
46712836000110,GENIBAU,
46715847000153,LAGOA REDONDA,
46719624000164,JOSE BONIFACIO,
46721419000133,MONDUBIM,
46724371000117,VICENTE PINZON,
46724403000184,NOVO MONDUBIM,
46724417000106,NOVO MONDUBIM,
46726530000112,CAMBEBA,
46726874000121,JARDIM IRACEMA,
46728801000179,BARROSO,
46735070000199,BOM JARDIM,
46735491000110,JARDIM DAS OLIVEIRAS,
46751858000199,CENTRO,
46782950000116,GUARARAPES,ALEXANDRE MAGNO MOREIRA SILVEIRA
46786204000109,PAPICU,
46787299000177,MONDUBIM,
46788515000107,CONJUNTO ESPERANCA,
46789303000136,SERRINHA,
46798533000161,BARRA DO CEARA,
46800733000101,JOSE DE ALENCAR,
46806461000157,MONTE CASTELO,
46806781000107,PARANGABA,
46814842000188,SALINAS,
46819156000108,CANINDEZINHO,
46821125000183,VARJOTA,
46825742000157,PASSARE,
46826610000140,CARLITO PAMPLONA,
46828673000135,MONDUBIM,
46853435000180,NOVO MONDUBIM,
46855263000183,PAUPINA,
46859820000134,DENDE,
46866479000144,PAUPINA,
46867516000139,PAPICU,
46870331000183,VICENTE PINZON,
46870510000110,CIDADE 2000,
46870684000183,CONJUNTO CEARA II,
46871122000154,PICI,
46876593000155,MONDUBIM,
46881789000138,GRANJA PORTUGAL,
46888948000126,PARQUELANDIA,
46889943000118,BOM FUTURO,
46890215000126,JOSE BONIFACIO,
46891652000164,SAPIRANGA-COITE,
46897782000104,SIQUEIRA,
46900100000175,ALDEOTA,
46901999000140,SIQUEIRA,
46912442000105,FARIAS BRITO,
46918267000163,BARRA DO CEARA,
46920959000146,SAPIRANGA-COITE,
46928046000176,CAJAZEIRAS,
46940053000193,PASSARE,
46942226000102,SERRINHA,
46943543000143,JOSE DE ALENCAR,
46952656000105,DIONISIO TORRES,
46953163000190,VILA VELHA,
46953512000173,CENTRO,
46958605000190,VICENTE PINZON,
46962060000196,CONJUNTO ESPERANCA,
46964323000104,PARQUE SANTA MARIA,
46966272000141,SERRINHA,
46969453000121,MESSEJANA,
46973783000190,GRANJA LISBOA,
46979862000109,JANGURUSSU,
46989045000131,VILA VELHA,
46997159000123,VICENTE PINZON,
47007418000194,MESSEJANA,
47010631000155,CENTRO,
47015361000175,ELLERY,
47015610000122,JARDIM CEARENSE,
47029506000197,PREFEITO JOSE WALTER,
47038125000174,MONTE CASTELO,
47041932000146,PRESIDENTE KENNEDY,
47043248000101,MESSEJANA,
47045015000130,MONDUBIM,
47047151000169,ELLERY,
47063346000100,DEMOCRITO ROCHA,
47063600000162,CONJUNTO PALMEIRAS,
47065599000105,TAUAPE,
47066930000101,ANCURI,
47072351000171,HENRIQUE JORGE,
47077732000143,PRESIDENTE KENNEDY,
47079620000121,CENTRO,
47082085000168,CIDADE 2000,
47082858000106,CIDADE DOS FUNCIONARIOS,
47091796000107,PREFEITO JOSE WALTER,
47092078000147,MONDUBIM,
47101467000191,SIQUEIRA,REINALDO ALVES FEITOSA DA SILVA
47102468000150,BONSUCESSO,
47105257000171,HENRIQUE JORGE,
47106557000175,EDSON QUEIROZ,
47111713000196,BARRA DO CEARA,
47112051000179,GENIBAU,
47113971000101,AUTRAN NUNES,
47114460000104,JOAO XXIII,
47115417000163,JOAQUIM TAVORA,
47119194000102,PRESIDENTE KENNEDY,
47120403000138,DEMOCRITO ROCHA,
47125291000108,BOM FUTURO,
47126581000176,BENFICA,
47134591000153,PASSARE,
47145460000171,VILA VELHA,
47146537000128,CANINDEZINHO,
47146885000103,ELLERY,
47150852000129,CONJUNTO CEARA II,
47151624000173,MONTESE,
47151889000171,ALDEOTA,
47152535000141,ALTO DA BALANCA,
47162063000108,BOM JARDIM,
47162674000156,ALVARO WEYNE,
47164844000131,BONSUCESSO,
47165658000117,GRANJA LISBOA,
47172771000120,MEIRELES,
47177288000138,HENRIQUE JORGE,
47181206000129,PIRAMBU,
47188657000198,LAGOA REDONDA,
47198860000145,AUTRAN NUNES,
47199172000108,JOQUEI CLUBE,PAULINO JORGE FREITAS
47203094000160,PASSARE,
47208835000103,CENTRO,
47212145000110,GRANJA LISBOA,
47216899000148,DIONISIO TORRES,CECILIA RODRIGUES DE ABREU
47222565000187,NOVO MONDUBIM,
47223666000172,PASSARE,
47224450000121,VICENTE PINZON,
47226107000116,GRANJA LISBOA,
47227570000182,ITAOCA,
47229672000137,VILA UNIAO,
47230769000160,PARQUELANDIA,
47232626000197,TAUAPE,
47236340000180,JARDIM GUANABARA,
47242341000137,MONDUBIM,
47242707000178,ALTO DA BALANCA,
47256127000130,CENTRO,
47266578000158,ALDEOTA,
47267894000144,MESSEJANA,
47269879000135,ALVARO WEYNE,
47272735000138,COCO,MARCO ANTONIO BARROS DA SILVA BEZERRA
47273299000111,PASSARE,
47280413000130,ALDEOTA,THOMAS DIETER PETZOLD
47285509000191,CIDADE DOS FUNCIONARIOS,
47285662000119,BARROSO,
47288735000126,ALDEOTA,RODRIGO DINIZ DE CARVALHO
47289141000130,JARDIM AMERICA,
47292874000123,MARAPONGA,
47295419000181,JOSE BONIFACIO,
47295678000102,JARDIM CEARENSE,
47305639000149,COCO,LUCIA IMPERIANO PACHECO
47305661000199,PARQUE SANTA ROSA,
47306509000120,VICENTE PINZON,
47313173000123,BARROSO,
47313365000130,JOAQUIM TAVORA,
47316639000144,PAPICU,RAQUEL FRANCO CARVALHO FREIRE
47323037000114,VILA VELHA,
47325959000160,MESSEJANA,
47329609000172,PRAIA DE IRACEMA,
47335174000179,GRANJA PORTUGAL,
47335285000185,SIQUEIRA,
47336295000135,PASSARE,
47342831000105,VILA VELHA,
47350718000171,PARQUE SANTA MARIA,
47370330000132,MESSEJANA,
47372379000124,CONJUNTO PALMEIRAS,
47374931000113,HENRIQUE JORGE,
47375915000145,PASSARE,
47388998000107,PARANGABA,
47398729000121,JANGURUSSU,
47399104000184,PASSARE,
47404679000148,VILA VELHA,
47411598000175,QUINTINO CUNHA,
47414380000174,TAUAPE,
47414762000106,MONDUBIM,
47414945000113,MONTESE,
47415123000157,PASSARE,
47424969000153,GRANJA LISBOA,
47432131000101,VARJOTA,
47434183000117,HENRIQUE JORGE,
47434891000158,JANGURUSSU,
47437156000106,MESSEJANA,
47448738000180,CENTRO,
47461286000176,PAPICU,MARIA CRISTIANE MACHADO DE ANDRADE
47461345000106,PRESIDENTE KENNEDY,MARIA CRISTIANE MACHADO DE ANDRADE
47461596000190,PARQUE SANTA MARIA,
47462731000112,EDSON QUEIROZ,
47467221000138,BARRA DO CEARA,
47477952000164,PARQUELANDIA,
47479745000149,MUCURIPE,
47485061000150,DAMAS,
47488232000102,QUINTINO CUNHA,
47488688000164,PARQUELANDIA,
47490118000109,ALDEOTA,
47490145000181,HENRIQUE JORGE,
47490221000159,VILA VELHA,
47494262000113,MONDUBIM,
47498292000106,CONJUNTO PALMEIRAS,
47498948000182,CARLITO PAMPLONA,
47499362000132,PRESIDENTE KENNEDY,
47504384000143,BOM JARDIM,
47505325000190,BOM JARDIM,
47510892000134,JOAO XXIII,
47523983000104,BARRA DO CEARA,
47539733000162,ALDEOTA,
47550774000150,JOAQUIM TAVORA,
47556241000185,PARANGABA,
47568489000166,VILA VELHA,
47595547000140,CAMBEBA,
47597312000198,RODOLFO TEOFILO,
47604768000138,MANOEL SATIRO,
47607307000119,SABIAGUABA,
47608169000192,PRESIDENTE KENNEDY,
47618972000108,PASSARE,
47631978000115,GENIBAU,
47636004000124,BONSUCESSO,
47636144000100,PREFEITO JOSE WALTER,
47640674000114,AEROLANDIA,
47642870000128,MEIRELES,
47644209000151,VILA VELHA,
47650396000186,MONDUBIM,
47652779000193,ALDEOTA,
47658346000145,VARJOTA,
47663556000121,BARRA DO CEARA,
47686398000125,ALDEOTA,
47686484000138,PICI,
47690259000175,VICENTE PINZON,
47690451000161,SERRINHA,
47691213000170,JARDIM CEARENSE,
47691885000186,ALDEOTA,WANESSA KELLY PINHEIRO LOPES
47708047000178,CANINDEZINHO,
47708645000147,BOM FUTURO,
47709922000136,JARDIM DAS OLIVEIRAS,
47710013000118,JACARECANGA,
47710789000138,BOM JARDIM,
47711402000168,BOM JARDIM,
47715857000151,JANGURUSSU,
47719464000116,JOAQUIM TAVORA,
47722666000117,ALDEOTA,
47726402000131,JARDIM GUANABARA,
47731049000188,PICI,
47732533000121,PASSARE,
47740843000198,BONSUCESSO,
47744723000169,FATIMA,
47761661000101,SERRINHA,
47762312000104,ITAOCA,
47764361000178,LAGOA REDONDA,
47768751000116,MUCURIPE,
47770148000179,JOAQUIM TAVORA,
47774535000183,RODOLFO TEOFILO,
47781065000185,JANGURUSSU,
47788710000191,HENRIQUE JORGE,
47790848000125,GRANJA PORTUGAL,
47801952000178,PARANGABA,
47809922000108,CAJAZEIRAS,
47810006000198,PASSARE,
47811899000196,JOAO XXIII,
47815874000160,CONJUNTO ESPERANCA,
47817629000192,BARROSO,
47819395000112,PLANALTO AYRTON SENNA,
47838320000189,PLANALTO AYRTON SENNA,
47838809000150,FLORESTA,
47841548000128,PREFEITO JOSE WALTER,
47844494000154,PARQUE MANIBURA,SABRINA MARTINS LEITE
47852882000187,PARQUE DOIS IRMAOS,
47854000000112,JARDIM DAS OLIVEIRAS,
47859597000198,BARRA DO CEARA,
47862748000167,BOA VISTA-CASTELAO,
47862903000145,PASSARE,
47867482000145,PLANALTO AYRTON SENNA,
47874913000109,BOM FUTURO,
47875798000189,JOAQUIM TAVORA,
47878138000151,CARLITO PAMPLONA,
47882909000184,ENGENHEIRO LUCIANO CAVALCANTE,
47887051000140,BONSUCESSO,
47901596000164,AMADEU FURTADO,
47904282000115,DOM LUSTOSA,
47908872000116,CENTRO,
47915693000106,BARRA DO CEARA,
47924612000134,JANGURUSSU,
47929193000123,PARQUELANDIA,
47932172000167,CIDADE 2000,
47932832000100,EDSON QUEIROZ,
47934246000102,PASSARE,
47936426000115,SAO BENTO,
47942633000182,CONJUNTO CEARA II,
47955297000102,CRISTO REDENTOR,
47959185000120,PARQUE SANTA MARIA,
47975211000103,PREFEITO JOSE WALTER,
47983536000138,GUARARAPES,
47986241000115,CAMBEBA,
47994577000120,BOM JARDIM,
47997430000193,ALVARO WEYNE,
48003049000124,PARQUE SANTA MARIA,
48011244000104,LAGOA REDONDA,
48014151000125,PADRE ANDRADE,
48017490000165,RODOLFO TEOFILO,
48018633000153,JARDIM IRACEMA,
48021006000171,JOAQUIM TAVORA,
48027337000119,MONDUBIM,
48027842000163,VILA VELHA,
48028087000131,SIQUEIRA,
48028579000127,PARQUE PRESIDENTE VARGAS,
48029926000136,BARRA DO CEARA,
48030518000102,JOAQUIM TAVORA,
48030709000166,TAUAPE,
48030840000123,AUTRAN NUNES,
48033185000167,PREFEITO JOSE WALTER,
48035680000105,QUINTINO CUNHA,
48045190000190,BARRA DO CEARA,
48047154000165,CONJUNTO CEARA II,
48050915000138,ALVARO WEYNE,
48052201000169,PARQUELANDIA,
48054255000163,BONSUCESSO,
48063298000105,GRANJA PORTUGAL,
48068425000169,ARACAPE,
48076858000166,SIQUEIRA,
48078102000156,MESSEJANA,
48083900000176,VICENTE PINZON,
48086861000160,MESSEJANA,
48094295000139,MONTESE,
48094985000198,CANINDEZINHO,
48096405000100,EDSON QUEIROZ,
48096738000120,PARQUE DOIS IRMAOS,
48100352000145,VICENTE PINZON,
48104356000100,MANOEL SATIRO,
48115530000101,JANGURUSSU,
48119235000123,RODOLFO TEOFILO,
48119793000199,HENRIQUE JORGE,
48120526000131,PRAIA DE IRACEMA,
48121738000133,VILA PERI,
48127365000108,JOQUEI CLUBE,
48129020000193,MONDUBIM,
48130518000176,ANCURI,
48132554000179,ALDEOTA,
48134429000106,GRANJA LISBOA,
48135301000159,VICENTE PINZON,
48137258000160,PARQUE SANTA ROSA,
48139569000169,BARROSO,
48140368000181,VILA UNIAO,
48142383000169,SIQUEIRA,
48142726000195,CENTRO,
48144637000188,HENRIQUE JORGE,
48153517000147,COACU,
48153868000158,PASSARE,
48154656000195,CAIS DO PORTO,
48155206000117,PRAIA DO FUTURO II,
48156945000123,BOM FUTURO,
48162941000158,PAUPINA,
48163199000103,RODOLFO TEOFILO,
48165026000116,CANINDEZINHO,
48166295000105,JOAO XXIII,
48170048000174,ALDEOTA,
48172918000144,VILA VELHA,
48178724000156,PADRE ANDRADE,
48178969000183,PADRE ANDRADE,
48180851000190,BARRA DO CEARA,
48181308000107,DOM LUSTOSA,
48193076000107,CAJAZEIRAS,
48196249000140,MONDUBIM,
48197496000161,NOVO MONDUBIM,
48203953000183,VILA VELHA,
48220029000105,PREFEITO JOSE WALTER,
48223453000103,NOVO MONDUBIM,
48225475000102,MONTESE,
48229521000141,ALVARO WEYNE,
48230729000180,MESSEJANA,
48232294000103,BARROSO,
48238306000107,GRANJA LISBOA,
48242399000143,SIQUEIRA,
48244950000198,BONSUCESSO,
48244999000140,SAPIRANGA-COITE,
48245473000185,CAJAZEIRAS,
48247263000126,TAUAPE,
48251267000188,SAO GERARDO,
48255259000100,MEIRELES,
48258474000164,BARROSO,
48264403000174,BELA VISTA,
48268084000175,GRANJA LISBOA,
48268414000122,GUARARAPES,
48269679000145,HENRIQUE JORGE,
48278900000121,MONTE CASTELO,
48280728000140,ALTO DA BALANCA,
48281235000125,MUCURIPE,
48284323000180,PARANGABA,
48284664000156,RODOLFO TEOFILO,
48286559000156,BOA VISTA-CASTELAO,
48301694000123,PIRAMBU,
48303048000103,LAGOA REDONDA,
48303653000176,JARDIM AMERICA,
48303683000182,CAMBEBA,
48308397000100,PARANGABA,
48326406000195,BONSUCESSO,
48326621000196,BARRA DO CEARA,
48334484000131,MONDUBIM,
48342244000189,GRANJA LISBOA,
48342721000106,HENRIQUE JORGE,
48345114000108,SERRINHA,
48348432000114,VILA VELHA,
48350328000164,PREFEITO JOSE WALTER,
48357668000117,ALDEOTA,
48359272000109,ALDEOTA,
48360533000100,CONJUNTO ESPERANCA,
48369133000166,MONTESE,
48370443000109,BARRA DO CEARA,
48379371000152,VILA VELHA,
48395688000182,PARQUE DOIS IRMAOS,
48397388000132,ANCURI,
48402816000178,GRANJA PORTUGAL,CARLOS BRUNO DA SILVA
48403214000135,SIQUEIRA,
48403501000145,MANOEL SATIRO,
48409516000110,PAUPINA,
48409991000197,GRANJA PORTUGAL,
48412304000192,PARQUE DOIS IRMAOS,
48412582000140,JOAO XXIII,
48415048000197,PICI,
48416377000152,MONDUBIM,
48418936000163,ANCURI,
48419793000104,PRESIDENTE KENNEDY,JESSIKA PIERRI DOS SANTOS
48424327000117,JOSE BONIFACIO,
48424819000102,PARQUE MANIBURA,EUCLIDES ALVES PEREIRA NETO
48426459000188,PARQUE SANTA ROSA,
48426487000103,PIRAMBU,
48429648000104,PRESIDENTE KENNEDY,
48436397000195,BARRA DO CEARA,
48437166000104,EDSON QUEIROZ,
48438117000188,JANGURUSSU,
48439790000132,CANINDEZINHO,
48441322000100,MARAPONGA,
48456483000160,EDSON QUEIROZ,
48461352000170,CENTRO,
48464419000120,PREFEITO JOSE WALTER,
48465319000119,PRESIDENTE KENNEDY,PABLO AUGUSTO PEREIRA PIRES
48469932000104,SERRINHA,
48473545000141,CANINDEZINHO,
48475307000175,CRISTO REDENTOR,
48480010000106,AEROLANDIA,
48480478000192,MONDUBIM,
48489238000159,PAUPINA,
48492625000144,COACU,
48495598000163,OLAVO OLIVEIRA,
48497681000171,PAPICU,
48524588000109,ALVARO WEYNE,
48525526000111,QUINTINO CUNHA,
48533697000192,CAIS DO PORTO,
48536468000121,ALVARO WEYNE,
48536787000137,GRANJA LISBOA,
48540633000119,TAUAPE,
48543951000133,VILA PERI,
48546686000147,HENRIQUE JORGE,
48558976000100,GENIBAU,
48559665000166,JOQUEI CLUBE,ANTONIO CLENES GOMES MARIANO
48560725000160,JARDIM CEARENSE,
48562762000108,ALVARO WEYNE,
48565943000198,PARANGABA,
48569756000182,DAMAS,
48571721000188,PASSARE,
48577558000160,BELA VISTA,
48583826000157,BONSUCESSO,
48589362000196,MANOEL SATIRO,
48590068000102,CENTRO,
48594096000190,SIQUEIRA,
48612134000190,PIRAMBU,
48618620000115,MEIRELES,RAYANE SANTOS ARAUJO
48621113000130,GRANJA LISBOA,
48623035000103,BARRA DO CEARA,
48623547000170,VILA VELHA,
48626452000100,JANGURUSSU,
48627817000110,MESSEJANA,
48628214000133,CONJUNTO CEARA II,
48632024000190,BONSUCESSO,
48636331000149,CONJUNTO CEARA II,
48645108000168,CENTRO,
48647943000137,CIDADE DOS FUNCIONARIOS,
48650273000108,PRESIDENTE KENNEDY,
48658166000126,PICI,
48669438000193,PAUPINA,
48670032000120,BENFICA,ALAN HENRIQUE CARDOSO DE SOUSA
48681161000114,PASSARE,
48683733000102,GENIBAU,
48684268000116,GENIBAU,
48686918000162,VILA UNIAO,
48688819000110,CONJUNTO CEARA II,
48689748000170,CENTRO,
48690578000143,MESSEJANA,
48701311000104,ALVARO WEYNE,
48708609000146,VICENTE PINZON,
48708765000107,CARLITO PAMPLONA,
48708792000180,VILA VELHA,
48712908000154,JARDIM IRACEMA,
48715201000100,BARROSO,
48715682000145,VILA VELHA,
48718698000101,SAPIRANGA-COITE,
48737442000141,CIDADE 2000,
48738674000114,VICENTE PINZON,
48748624000118,CONJUNTO PALMEIRAS,
48749801000180,GRANJA PORTUGAL,
48753943000111,PREFEITO JOSE WALTER,
48754336000176,COCO,
48759387000190,PICI,GLAUBER FIUZA FERREIRA
48766460000151,MUCURIPE,
48766656000146,PARQUELANDIA,ANTONIO CARLOS PAIVA ARAUJO
48767061000105,ALDEOTA,
48768064000163,CIDADE 2000,
48770398000171,MOURA BRASIL,
48770824000177,GUAJERU,
48772944000103,PREFEITO JOSE WALTER,
48780391000130,JANGURUSSU,
48781079000161,GUAJERU,
48781455000118,PAUPINA,
48782525000152,VICENTE PINZON,
48783009000142,VICENTE PINZON,
48796473000173,BONSUCESSO,
48811003000131,ALDEOTA,
48813839000175,CENTRO,
48817873000118,VILA VELHA,
48818756000179,PREFEITO JOSE WALTER,
48826196000102,PLANALTO AYRTON SENNA,
48828790000124,ALDEOTA,
48831651000150,LAGOA REDONDA,
48832978000146,PAPICU,
48835493000106,TAUAPE,
48837580000100,CANINDEZINHO,
48838609000160,MARAPONGA,MARIA ROCHELLY MAIA CORDEIRO
48843123000110,PARQUE PRESIDENTE VARGAS,
48844111000100,GRANJA PORTUGAL,
48845336000181,JARDIM GUANABARA,
48845509000161,BONSUCESSO,
48849055000105,PREFEITO JOSE WALTER,
48851669000113,ALDEOTA,
48852533000128,ALDEOTA,
48852653000125,ALDEOTA,
48853958000151,ALDEOTA,
48860000000198,VILA PERI,
48864261000186,BONSUCESSO,
48865038000153,SIQUEIRA,
48871312000105,PEDRAS,
48873804000121,BENFICA,
48877503000176,SIQUEIRA,
48880438000138,EDSON QUEIROZ,
48883757000105,DEMOCRITO ROCHA,
48886935000143,PARQUE DOIS IRMAOS,
48891604000100,MEIRELES,
48891689000118,PARQUE DOIS IRMAOS,
48895976000104,GRANJA LISBOA,
48899191000100,AEROPORTO,
48902070000161,JANGURUSSU,
48906000000181,CARLITO PAMPLONA,
48907718000192,PARQUELANDIA,
48908825000135,ANTONIO BEZERRA,
48911825000194,PREFEITO JOSE WALTER,
48912581000164,MARAPONGA,CARLINEIDE LOPES DE SOUZA
48912917000199,MEIRELES,
48914110000195,PARQUELANDIA,
48918556000198,GRANJA LISBOA,
48922497000121,PARQUE IRACEMA,
48926238000179,PLANALTO AYRTON SENNA,
48927418000175,JOAO XXIII,
48928554000180,PLANALTO AYRTON SENNA,
48930167000188,PARQUE DOIS IRMAOS,
48939549000172,MONTE CASTELO,
48940073000190,CONJUNTO CEARA II,
48941829000115,ITAOCA,
48943945000173,PICI,
48945997000189,BOM JARDIM,
48958693000156,CANINDEZINHO,
48963752000184,ANTONIO BEZERRA,
48964444000173,AMADEU FURTADO,FRANCISCA DAS CHAGAS BRITO FERNANDES
48969219000120,ITAPERI,
48974071000111,CENTRO,
48975305000145,ALVARO WEYNE,
48976937000123,PICI,
48977951000141,MONDUBIM,
48981110000108,PEDRAS,
48981945000168,ANCURI,
48982053000181,PARQUE SAO JOSE,
48982170000145,DIONISIO TORRES,
48982719000100,DIONISIO TORRES,
48982736000139,JARDIM DAS OLIVEIRAS,
48983875000187,PRAIA DE IRACEMA,
48986318000110,AUTRAN NUNES,
48986654000162,CIDADE DOS FUNCIONARIOS,
48990418000110,QUINTINO CUNHA,
48990450000103,LAGOA REDONDA,HERCULES OLIVEIRA RICARDO DE SOUZA
48995671000166,MESSEJANA,
48998901000140,PARQUE SANTA ROSA,
48999465000124,VARJOTA,
48999907000132,BONSUCESSO,
49001417000168,GRANJA LISBOA,
49013061000182,SIQUEIRA,
49015240000159,BONSUCESSO,
49015941000198,DENDE,
49018046000127,ANTONIO BEZERRA,
49020017000108,ANTONIO BEZERRA,
49020565000120,AUTRAN NUNES,
49021423000187,PARQUE DOIS IRMAOS,
49023816000120,PASSARE,
49031686000177,MEIRELES,
49032516000107,VILA PERI,
49034716000107,BARROSO,
49035970000111,PARQUE SANTA MARIA,
49036168000146,AEROPORTO,
49037383000161,BONSUCESSO,
49037582000170,ALDEOTA,
49037851000106,MONTE CASTELO,
49044970000188,ALDEOTA,
49048410000100,CENTRO,
49058318000112,DIONISIO TORRES,ANA LETICIA SUCOSKI RAUPP
49065350000125,TAUAPE,
49066637000170,AUTRAN NUNES,
49067479000172,PARQUE DOIS IRMAOS,
49071695000191,FATIMA,
49072756000135,PASSARE,
49073633000119,MEIRELES,AMANDA MOTA DUARTE VIEIRA
49079416000136,JOAO XXIII,
49080862000160,DOM LUSTOSA,
49088325000167,BONSUCESSO,
49093499000118,SIQUEIRA,
49096176000188,ALVARO WEYNE,
49098633000173,MONDUBIM,
49098729000131,PARANGABA,
49101230000136,MESSEJANA,
49103711000180,ALDEOTA,
49105246000117,JOSE DE ALENCAR,DARLIANE PEREIRA SOARES
49107125000104,CONJUNTO CEARA I,
49110598000160,JOQUEI CLUBE,PABLO AUGUSTO PEREIRA PIRES
49111534000184,FATIMA,
49124567000169,LAGOA REDONDA,
49131250000150,MESSEJANA,
49135850000196,MONTESE,
49141204000131,ITAPERI,
49143849000103,BARROSO,ELY SANTOS CORDEIRO ARAUJO
49144760000161,LAGOA REDONDA,
49147738000175,CARLITO PAMPLONA,
49151536000105,PASSARE,
49152600000164,PASSARE,
49155197000127,VILA VELHA,
49156196000105,CAMBEBA,
49158791000171,ALDEOTA,
49159013000105,CENTRO,
49165575000153,VICENTE PINZON,
49173770000125,JANGURUSSU,
49174649000118,JANGURUSSU,
49175260000197,MONDUBIM,
49176403000185,PREFEITO JOSE WALTER,
49179569000155,PRESIDENTE KENNEDY,
49182123000180,LAGOA REDONDA,
49183831000135,PARQUE SANTA ROSA,
49185761000154,PARQUE ARAXA,
49185792000105,JANGURUSSU,
49186557000158,VILA VELHA,FRANCIMAR NASCIMENTO CARDOSO
49188376000160,ALDEOTA,
49194367000182,CIDADE 2000,
49199164000189,SAPIRANGA-COITE,
49201449000107,PARQUE SANTA ROSA,
49203991000107,SIQUEIRA,
49204477000188,ALVARO WEYNE,
49206135000105,CAJAZEIRAS,
49207216000111,TAUAPE,
49211486000104,JARDIM GUANABARA,
49212279000166,MARAPONGA,
49213372000195,EDSON QUEIROZ,
49215941000131,PIRAMBU,
49218872000110,AEROPORTO,
49223927000180,PICI,
49224790000188,JARDIM DAS OLIVEIRAS,
49226486000170,PREFEITO JOSE WALTER,
49226589000130,PARQUE SANTA MARIA,
49232388000145,VILA VELHA,
49233040000172,JANGURUSSU,
49234642000144,FATIMA,
49234748000148,CENTRO,JACKSON GOMES COSTA DA FONSECA
49235525000103,MESSEJANA,
49235975000198,GRANJA PORTUGAL,
49240313000106,DEMOCRITO ROCHA,
49242487000108,VILA VELHA,FRANCISCO AUDY DE SOUSA FREIRE
49249120000116,PIRAMBU,
49252641000122,MESSEJANA,
49253157000118,QUINTINO CUNHA,
49256346000144,JANGURUSSU,
49269980000111,SIQUEIRA,
49270493000179,JOSE BONIFACIO,
49270845000196,BOM FUTURO,
49273098000140,CONJUNTO CEARA I,
49274198000190,CONJUNTO CEARA II,
49276248000179,COACU,GIOVANNA MONTEIRO FERNANDES PEIXOTO
49277456000192,ITAPERI,
49282928000103,SAO BENTO,
49283378000139,SIQUEIRA,
49288726000160,PIRAMBU,
49291323000170,FLORESTA,
49292498000100,CONJUNTO PALMEIRAS,
49294923000192,SAPIRANGA-COITE,
49295442000100,GRANJA LISBOA,
49296870000149,BELA VISTA,
49299113000129,VILA VELHA,
49304052000140,COCO,SAMARA SIQUEIRA COUTINHO
49305606000124,BOA VISTA-CASTELAO,
49306076000139,SAO BENTO,
49311741000182,COACU,
49313895000103,BONSUCESSO,
49314007000177,VILA VELHA,
49317730000100,MONDUBIM,
49318564000166,BOM JARDIM,
49320219000167,SIQUEIRA,RODRIGO DA SILVA PEREIRA
49321107000120,MEIRELES,
49321380000155,PARQUE DOIS IRMAOS,
49326197000142,PASSARE,
49326894000101,MONDUBIM,
49327300000179,MONDUBIM,
49330654000172,DEMOCRITO ROCHA,
49331348000150,MONDUBIM,
49332095000130,PLANALTO AYRTON SENNA,
49332608000102,PIRAMBU,
49332945000108,PRESIDENTE KENNEDY,
49333624000110,PIRAMBU,
49335167000100,SIQUEIRA,
49335806000120,PARANGABA,
49336264000100,MONTE CASTELO,
49337453000105,BARRA DO CEARA,
49341825000169,ALVARO WEYNE,
49342316000150,ALDEOTA,
49347521000109,DIONISIO TORRES,GREYCE CAVALCANTE MOTA
49349631000100,VILA VELHA,
49350998000143,PICI,
49351247000141,SIQUEIRA,
49351405000163,GRANJA LISBOA,
49354454000150,VILA PERI,
49355051000125,PLANALTO AYRTON SENNA,
49358429000144,ITAOCA,
49359090000109,BONSUCESSO,
49360855000112,JOAO XXIII,
49364632000123,GRANJA PORTUGAL,
49365259000125,PICI,
49369312000166,JARDIM CEARENSE,
49369964000109,FARIAS BRITO,
49373370000163,EDSON QUEIROZ,
49380233000156,PARQUE SANTA MARIA,
49383826000176,FLORESTA,
49384248000192,JANGURUSSU,VALDELAN ROMAO AGUIAR
49385177000142,GRANJA PORTUGAL,
49386181000125,JANGURUSSU,
49386565000148,COUTO FERNANDES,
49389297000118,RODOLFO TEOFILO,
49393110000150,PASSARE,
49394674000107,QUINTINO CUNHA,
49395930000180,JARDIM DAS OLIVEIRAS,
49398774000101,EDSON QUEIROZ,
49400030000184,PARQUE IRACEMA,
49401591000106,AEROPORTO,
49407804000107,HENRIQUE JORGE,
49411065000119,PARQUE DOIS IRMAOS,
49414183000180,ALDEOTA,
49422622000105,PASSARE,
49427978000123,BOM JARDIM,
49431386000185,BARROSO,
49432221000128,GRANJA LISBOA,
49432893000133,PARANGABA,
49441056000170,COCO,
49449892000100,VICENTE PINZON,
49451515000105,SERRINHA,
49452974000103,BARROSO,
49454455000176,ANCURI,
49457845000108,BOM JARDIM,
49458635000126,COCO,
49459576000100,VICENTE PINZON,
49459711000118,DEMOCRITO ROCHA,
49459790000167,BONSUCESSO,
49460870000132,ARACAPE,
49461038000150,JARDIM GUANABARA,
49461660000169,JOAO XXIII,
49474206000142,JARDIM AMERICA,
49474750000194,PICI,
49477019000112,MEIRELES,
49478762000197,CENTRO,
49483138000188,PREFEITO JOSE WALTER,
49487681000153,SAPIRANGA-COITE,
49490197000183,MONTESE,
49493009000170,ANTONIO BEZERRA,
49495111000105,PIRAMBU,
49495818000111,PASSARE,
49495980000130,BONSUCESSO,
49505297000136,PASSARE,
49505561000131,VARJOTA,
49506305000169,DOM LUSTOSA,
49506765000197,NOVO MONDUBIM,
49508463000158,ALDEOTA,
49512715000112,PARQUELANDIA,
49513092000100,PARQUELANDIA,
49513927000114,PARANGABA,
49514939000163,VILA VELHA,
49515440000170,ITAPERI,
49521707000132,PEDRAS,
49523642000164,JARDIM IRACEMA,
49528924000154,PASSARE,
49528996000100,LAGOA REDONDA,
49531672000112,CONJUNTO CEARA I,
49535786000130,JOQUEI CLUBE,
49536400000105,BOA VISTA-CASTELAO,
49537068000101,ALDEOTA,
49538254000157,VILA UNIAO,
49539550000172,JOAO XXIII,
49550476000195,GRANJA PORTUGAL,
49551706000130,LAGOA REDONDA,
49551910000151,JARDIM CEARENSE,
49552308000139,JOAO XXIII,
49552451000120,JOAQUIM TAVORA,
49552919000187,JOAO XXIII,
49553195000196,GRANJA LISBOA,
49555760000154,PASSARE,
49555987000108,VICENTE PINZON,
49556422000137,JARDIM CEARENSE,MIKAELLE DE SOUZA LIRA
49558193000190,MESSEJANA,
49560765000175,GRANJA LISBOA,
49564256000110,SIQUEIRA,
49569355000195,BARRA DO CEARA,
49569473000101,JARDIM DAS OLIVEIRAS,
49571487000151,VILA PERI,
49572505000110,ARACAPE,
49581438000108,JARDIM IRACEMA,
49581509000164,ARACAPE,
49588714000151,JOAO XXIII,
49590794000180,MONTE CASTELO,
49596906000100,VICENTE PINZON,
49603518000109,AUTRAN NUNES,
49605607000194,JANGURUSSU,
49615766000170,VILA VELHA,
49616283000190,ITAOCA,
49617754000184,PARQUELANDIA,
49618910000121,HENRIQUE JORGE,
49619832000180,PREFEITO JOSE WALTER,
49621118000126,PASSARE,
49621705000115,CRISTO REDENTOR,
49625872000134,PASSARE,
49627762000101,PRAIA DE IRACEMA,
49633661000143,PREFEITO JOSE WALTER,
49635526000137,BONSUCESSO,
49639194000169,SIQUEIRA,
49653610000183,FARIAS BRITO,
49660329000178,JARDIM DAS OLIVEIRAS,
49665708000150,AEROPORTO,
49666385000110,MONTE CASTELO,
49667760000146,SAPIRANGA-COITE,
49668177000150,PASSARE,
49672656000140,PREFEITO JOSE WALTER,
49679373000120,HENRIQUE JORGE,
49695187000184,CANINDEZINHO,
49696157000192,BOM JARDIM,
49698406000189,BONSUCESSO,
49700200000146,JARDIM DAS OLIVEIRAS,
49701153000155,CANINDEZINHO,
49702421000153,COUTO FERNANDES,
49704433000117,PRAIA DE IRACEMA,
49706269000187,DEMOCRITO ROCHA,
49713245000155,MONTESE,
49717215000117,COACU,
49732723000174,PREFEITO JOSE WALTER,
49732947000186,JANGURUSSU,
49737642000167,RODOLFO TEOFILO,
49737988000165,CENTRO,GEDILSON JOSE NASCIMENTO DE JESUS
49746062000136,PRESIDENTE KENNEDY,
49746593000129,CARLITO PAMPLONA,
49747085000165,PARQUE SAO JOSE,
49749297000181,JANGURUSSU,
49757138000129,DOM LUSTOSA,
49757447000107,COACU,VALDECIR FERNANDES PINHEIRO
49766698000140,MONDUBIM,
49771998000117,CANINDEZINHO,
49774316000120,BARROSO,
49775421000183,AEROPORTO,
49775898000169,ANTONIO BEZERRA,
49777066000181,COCO,
49779503000104,DENDE,
49780391000101,MANOEL SATIRO,
49783758000132,ITAOCA,
49784123000150,FATIMA,
49785630000108,PREFEITO JOSE WALTER,
49789011000191,CONJUNTO CEARA I,
49791853000188,MONTESE,
49795355000103,BARROSO,
49796140000107,MARAPONGA,
49796214000105,EDSON QUEIROZ,
49796839000177,PARQUE DOIS IRMAOS,
49801659000136,PASSARE,
49803383000125,BOM JARDIM,
49809167000197,CONJUNTO ESPERANCA,
49816448000177,BELA VISTA,
49816502000184,ALTO DA BALANCA,
49825041000106,CANINDEZINHO,
49827311000118,CARLITO PAMPLONA,
49828187000105,BONSUCESSO,
49828628000179,DOM LUSTOSA,
49835247000117,VILA PERI,
49835928000185,VILA PERI,
49841188000190,VICENTE PINZON,
49842995000127,BOM JARDIM,
49843007000164,ANTONIO BEZERRA,
49848861000113,MEIRELES,
49854495000105,EDSON QUEIROZ,
49855097000103,MONDUBIM,
49856080000170,ALVARO WEYNE,
49867380000155,DIAS MACEDO,
49867697000191,MONDUBIM,
49870050000119,CIDADE DOS FUNCIONARIOS,
49879931000109,MONDUBIM,
49883657000133,PEDRAS,
49884010000126,SAPIRANGA-COITE,
49889664000142,ARACAPE,
49898436000139,MONDUBIM,
49902625000138,VILA PERI,
49906900000191,CONJUNTO CEARA I,
49920625000160,VILA PERI,
49929883000108,TAUAPE,
49937567000188,PASSARE,
49938821000162,MESSEJANA,
49945048000161,CIDADE DOS FUNCIONARIOS,
49945258000150,CENTRO,
49945563000141,MEIRELES,RODRIGO DINIZ DE CARVALHO
49945624000170,ALDEOTA,RODRIGO DINIZ DE CARVALHO
49947738000150,JOAQUIM TAVORA,GILMAR PEREIRA DE OLIVEIRA JUNIOR
49951929000195,FATIMA,
49952223000148,ALDEOTA,
49953595000199,PIRAMBU,
49953674000108,MONTESE,
49954948000175,PLANALTO AYRTON SENNA,
49957556000160,PARANGABA,
49957687000147,SAO GERARDO,
49971686000157,ALDEOTA,
49975778000105,PARQUELANDIA,
49978579000150,BOM JARDIM,
49978861000138,SAPIRANGA-COITE,
50004286000151,GRANJA PORTUGAL,
50005186000140,MONDUBIM,
50008062000118,SIQUEIRA,
50008246000188,CENTRO,
50013890000144,ALVARO WEYNE,
50014183000172,RODOLFO TEOFILO,
50019203000106,ALDEOTA,YASMIN SILVA MOTA
50026786000194,PARANGABA,
50029568000103,PICI,
50030496000114,VILA VELHA,
50034538000195,CENTRO,
50036515000110,PASSARE,
50048169000190,JOSE BONIFACIO,
50049713000118,PLANALTO AYRTON SENNA,
50050744000199,PARQUE MANIBURA,
50051406000171,BOA VISTA-CASTELAO,
50052975000131,PARQUE MANIBURA,
50054322000191,EDSON QUEIROZ,
50056584000195,RODOLFO TEOFILO,
50057228000196,BOM JARDIM,
50057724000140,DIONISIO TORRES,IGOR SOUZA RIBEIRO
50059010000170,MEIRELES,
50060701000194,NOVO MONDUBIM,
50066591000178,ARACAPE,
50071379000107,SIQUEIRA,
50071382000112,PADRE ANDRADE,
50072977000192,CENTRO,
50075034000113,EDSON QUEIROZ,
50078276000160,LAGOA REDONDA,
50084063000141,HENRIQUE JORGE,
50085345000163,PARQUE PRESIDENTE VARGAS,
50086296000183,AEROLANDIA,
50089830000105,JANGURUSSU,
50095366000160,VILA PERI,MARIA EURILANE DE LIMA SILVA
50106389000122,PARQUE MANIBURA,
50110544000184,BARROSO,
50110704000195,SIQUEIRA,
50114218000145,RODOLFO TEOFILO,
50115785000116,MONDUBIM,
50116758000168,EDSON QUEIROZ,
50123508000155,EDSON QUEIROZ,
50124398000146,BARRA DO CEARA,
50125021000101,JANGURUSSU,
50125653000175,JOAO XXIII,
50127933000112,TAUAPE,
50130639000160,QUINTINO CUNHA,
50131782000176,PREFEITO JOSE WALTER,AYSLANA PEREIRA DA SILVA
50134249000168,DIONISIO TORRES,
50138018000122,VICENTE PINZON,
50138185000173,MESSEJANA,
50144568000154,PARQUE MANIBURA,
50145584000161,CANINDEZINHO,
50145723000157,PARANGABA,
50146467000112,CONJUNTO ESPERANCA,
50147160000136,VICENTE PINZON,
50147210000185,CENTRO,
50148150000115,CANINDEZINHO,
50149430000148,CONJUNTO ESPERANCA,
50158242000186,VILA VELHA,
50166569000108,GRANJA LISBOA,
50167508000157,HENRIQUE JORGE,
50169372000114,CRISTO REDENTOR,
50169587000135,LAGOA REDONDA,
50173029000143,JANGURUSSU,
50173994000116,VICENTE PINZON,
50174901000178,PREFEITO JOSE WALTER,
50176951000194,CENTRO,
50177938000150,BONSUCESSO,
50179972000163,AUTRAN NUNES,
50186198000118,PLANALTO AYRTON SENNA,
50189187000191,ALTO DA BALANCA,
50189896000177,AEROPORTO,
50193195000101,CIDADE 2000,
50196449000145,ANTONIO BEZERRA,
50196738000144,BARRA DO CEARA,
50201007000140,JARDIM IRACEMA,
50202059000130,PARANGABA,
50203945000189,CONJUNTO CEARA II,
50206080000104,FLORESTA,
50206733000155,PAPICU,
50213383000154,SIQUEIRA,
50213870000117,CIDADE DOS FUNCIONARIOS,
50220556000161,CONJUNTO CEARA II,
50225995000167,PAPICU,
50232633000101,MONDUBIM,DERITON HENRIQUE DOS SANTOS FRANCELINO
50233677000148,DIONISIO TORRES,VALNEIDE FERREIRA DA SILVA LIMA
50233679000137,PARREAO,
50233769000128,SIQUEIRA,
50251868000132,CANINDEZINHO,
50254189000117,VILA VELHA,
50254841000101,PANAMERICANO,
50254865000152,PEDRAS,
50254954000107,GRANJA PORTUGAL,
50255203000105,PARQUE PRESIDENTE VARGAS,
50260969000170,SAO GERARDO,
50261298000161,PANAMERICANO,
50263837000100,JOSE BONIFACIO,
50269628000165,BOM JARDIM,
50270028000117,PASSARE,
50271796000195,LAGOA REDONDA,
50272085000135,EDSON QUEIROZ,
50273917000138,CIDADE DOS FUNCIONARIOS,
50277252000130,CONJUNTO CEARA I,
50280588000152,PARQUE SANTA ROSA,
50280836000165,PARANGABA,
50281514000130,BONSUCESSO,
50283406000105,VILA VELHA,
50285400000169,PASSARE,
50303568000150,CAIS DO PORTO,
50304235000145,AUTRAN NUNES,
50304258000150,GRANJA LISBOA,
50304262000118,PICI,
50305342000198,MOURA BRASIL,
50307794000109,PARQUE PRESIDENTE VARGAS,
50310299000159,MEIRELES,
50314649000155,BONSUCESSO,
50316172000147,CARLITO PAMPLONA,
50318428000155,ANTONIO BEZERRA,
50321517000150,QUINTINO CUNHA,
50327429000166,CANINDEZINHO,
50328406000176,ALVARO WEYNE,
50336905000105,CIDADE DOS FUNCIONARIOS,
50339145000190,SAPIRANGA-COITE,
50347659000197,SIQUEIRA,
50351879000194,OLAVO OLIVEIRA,
50352219000128,GRANJA LISBOA,
50355029000164,OLAVO OLIVEIRA,
50357234000169,DOM LUSTOSA,
50362117000193,VILA UNIAO,
50372130000123,SAO GERARDO,MARIA LEANEIDE FREITAS DA SILVA
50378860000131,JARDIM DAS OLIVEIRAS,
50379040000164,PARQUELANDIA,
50379962000171,CANINDEZINHO,
50384276000199,JARDIM GUANABARA,
50387077000134,BOM JARDIM,
50391396000113,CARLITO PAMPLONA,
50394056000146,PIRAMBU,
50396731000176,CANINDEZINHO,
50398725000158,ALDEOTA,TIAGO PARENTE COELHO
50400344000166,PAPICU,
50402118000114,JOSE BONIFACIO,
50404927000165,JARDIM IRACEMA,
50406819000121,SABIAGUABA,
50410291000164,CAIS DO PORTO,
50413408000163,CANINDEZINHO,
50415840000193,CANINDEZINHO,
50416514000109,MARAPONGA,
50419868000107,MEIRELES,
50421325000116,VILA UNIAO,
50421774000164,MESSEJANA,
50421797000179,PAPICU,
50424037000115,BARRA DO CEARA,
50428049000118,VILA UNIAO,
50436216000172,VILA VELHA,
50441333000124,PAUPINA,
50441382000167,VILA UNIAO,
50442849000193,BONSUCESSO,
50450966000107,FATIMA,
50454547000135,JARDIM AMERICA,
50455813000144,JANGURUSSU,
50456636000110,PAUPINA,
50456697000188,CENTRO,
50467047000138,SIQUEIRA,
50479722000149,MANUEL DIAS BRANCO,
50487030000142,GRANJA PORTUGAL,
50487360000138,CENTRO,
50505404000105,HENRIQUE JORGE,
50512859000158,ENGENHEIRO LUCIANO CAVALCANTE,
50513758000100,PARQUE SANTA ROSA,
50513890000103,AUTRAN NUNES,
50515623000175,JANGURUSSU,
50518716000153,PAUPINA,
50521416000123,JARDIM GUANABARA,
50523005000177,CIDADE 2000,SIMONE MELLO CAMPOS OLIVEIRA
50525681000180,VARJOTA,MAYRLLE XEREZ MACIEL
50529170000136,VILA PERI,
50530852000169,MONTESE,
50531726000129,SIQUEIRA,
50532783000122,ARACAPE,
50534386000190,PASSARE,
50535080000158,VILA PERI,
50538323000101,AEROLANDIA,
50541494000190,SAO BENTO,
50541612000160,BOM JARDIM,
50542386000131,SAO BENTO,
50543153000153,JOQUEI CLUBE,
50546814000102,JACARECANGA,
50547874000131,MARAPONGA,OZERLANDIA ARAUJO SILVA GIRAO
50548733000133,HENRIQUE JORGE,
50549932000166,JOQUEI CLUBE,
50551598000185,BOM JARDIM,
50552015000130,MEIRELES,
50561022000107,CRISTO REDENTOR,
50561891000123,JARDIM IRACEMA,
50562157000189,JOAO XXIII,LILIAN KELLY ARAUJO DE FARIAS
50564965000185,SIQUEIRA,
50566023000136,ALDEOTA,
50571665000123,SAPIRANGA-COITE,
50576269000199,PIRAMBU,
50578013000110,PREFEITO JOSE WALTER,
50584058000106,CIDADE DOS FUNCIONARIOS,
50585136000189,MESSEJANA,
50585410000110,PANAMERICANO,
50586136000101,DIAS MACEDO,
50586185000136,MONTE CASTELO,
50587358000130,PARANGABA,
50592824000176,ITAPERI,
50594049000198,ALDEOTA,
50594824000105,NOVO MONDUBIM,
50597315000136,ALDEOTA,
50598356000147,MANOEL SATIRO,
50604418000186,GRANJA LISBOA,
50605365000118,ITAOCA,
50609432000172,PLANALTO AYRTON SENNA,
50609509000104,HENRIQUE JORGE,
50612747000179,MESSEJANA,
50613305000147,MONDUBIM,
50616088000149,TAUAPE,
50616871000102,GRANJA PORTUGAL,
50618284000152,CONJUNTO CEARA I,
50618501000104,GENIBAU,
50619439000175,BONSUCESSO,
50623460000144,TAUAPE,
50627853000126,PIRAMBU,
50631567000134,SIQUEIRA,
50633974000180,BARROSO,
50637973000104,BOM JARDIM,
50638363000125,DEMOCRITO ROCHA,
50640533000106,PAUPINA,
50647065000100,CARLITO PAMPLONA,
50656939000187,PANAMERICANO,
50657128000109,BONSUCESSO,
50659948000121,HENRIQUE JORGE,LINA MARCIA CHAVES VITORIANO GONCALVES
50662534000151,JANGURUSSU,
50663393000191,RODOLFO TEOFILO,
50666091000177,JANGURUSSU,
50675397000190,PAUPINA,
50675452000141,BARROSO,
50676954000197,CAJAZEIRAS,
50687967000161,MONDUBIM,
50692232000126,JANGURUSSU,
50692518000101,PLANALTO AYRTON SENNA,
50692967000150,CENTRO,
50693515000192,PICI,
50693659000149,SIQUEIRA,
50698759000168,SAPIRANGA-COITE,
50700338000124,MARAPONGA,
50701667000190,SAO GERARDO,
50704875000142,PRAIA DO FUTURO II,
50705626000171,DAMAS,
50711215000199,DIAS MACEDO,
50713173000125,VILA UNIAO,
50714291000158,PLANALTO AYRTON SENNA,
50716744000185,JOAO XXIII,
50719337000121,PARANGABA,
50721313000107,CIDADE DOS FUNCIONARIOS,
50726779000103,AEROPORTO,
50727714000174,PARQUELANDIA,
50727919000150,PANAMERICANO,
50729028000132,JARDIM AMERICA,
50729427000101,PARQUE SANTA MARIA,
50732354000107,PRESIDENTE KENNEDY,
50732436000143,PRAIA DO FUTURO II,
50734650000139,MEIRELES,
50737821000183,MOURA BRASIL,
50744111000180,BENFICA,
50744397000102,ITAOCA,
50744439000105,BOM FUTURO,
50745275000122,GRANJA LISBOA,
50750169000137,CENTRO,
50751180000111,JARDIM DAS OLIVEIRAS,
50752744000130,VILA PERI,
50753298000189,GRANJA LISBOA,
50753479000105,VILA VELHA,
50760336000120,BARROSO,
50762212000184,BONSUCESSO,
50763338000173,PARANGABA,
50767621000173,PASSARE,
50767700000184,GRANJA PORTUGAL,
50769968000155,MONTE CASTELO,
50774533000107,BOM FUTURO,
50779915000115,PADRE ANDRADE,
50782442000105,SIQUEIRA,
50783862000106,NOVO MONDUBIM,
50792954000152,ANTONIO BEZERRA,
50801518000100,CARLITO PAMPLONA,
50801839000105,PAPICU,
50806947000162,ALDEOTA,
50812779000118,BELA VISTA,
50817558000132,JOAO XXIII,
50819526000176,SAPIRANGA-COITE,
50821506000130,PICI,
50825020000170,ENGENHEIRO LUCIANO CAVALCANTE,
50827216000101,ANTONIO BEZERRA,
50827891000122,CAJAZEIRAS,
50828948000108,PAPICU,
50833056000103,JOQUEI CLUBE,
50833220000174,PARQUE SANTA MARIA,
50838552000141,BONSUCESSO,
50839657000115,PICI,
50842502000138,GRANJA PORTUGAL,
50843269000108,JANGURUSSU,
50843489000131,FATIMA,
50843724000175,DE LOURDES,
50850757000142,PEDRAS,
50853511000124,CIDADE DOS FUNCIONARIOS,WAGNER MELO DA SILVA
50854836000121,PICI,
50855515000141,PARQUE DOIS IRMAOS,
50858258000100,PICI,
50860736000108,BOM JARDIM,
50864012000132,MANOEL SATIRO,
50865782000108,JACARECANGA,
50866883000195,AEROPORTO,
50872438000138,GRANJA LISBOA,
50873761000126,PLANALTO AYRTON SENNA,
50876669000110,GRANJA LISBOA,
50879399000109,CENTRO,
50879669000173,BOM JARDIM,
50882180000150,SAPIRANGA-COITE,
50882219000130,GENIBAU,
50884827000183,LAGOA REDONDA,
50886016000111,FLORESTA,
50891378000109,JANGURUSSU,
50896288000100,DIAS MACEDO,
50901778000140,SERRINHA,
50905185000151,COUTO FERNANDES,
50912015000102,PREFEITO JOSE WALTER,
50912958000127,PREFEITO JOSE WALTER,
50913477000136,NOVO MONDUBIM,
50914477000150,MEIRELES,
50918848000172,COCO,
50920655000156,BARRA DO CEARA,
50941093000127,PREFEITO JOSE WALTER,
50943130000136,JOAQUIM TAVORA,
50945256000140,PARANGABA,JAIRLANE CESAR DE CASTRO
50947228000161,FATIMA,
50949690000106,PARANGABA,
50952409000186,PAPICU,
50959223000159,JARDIM DAS OLIVEIRAS,
50963226000166,MESSEJANA,
50966173000137,BARRA DO CEARA,
50969144000129,VILA VELHA,
50977219000113,PRESIDENTE KENNEDY,
50978351000140,VILA VELHA,
50979587000109,MANOEL SATIRO,
50980644000161,JOAO XXIII,
50981330000183,JOQUEI CLUBE,
50981897000150,PRESIDENTE KENNEDY,
50984774000172,BONSUCESSO,
50984813000131,MESSEJANA,
50985363000100,AUTRAN NUNES,
50985850000164,SAO GERARDO,
50986879000160,EDSON QUEIROZ,
50988126000194,SERRINHA,
50992006000160,SAPIRANGA / COITE,LAIS MAGALHAES PINHEIRO
50992081000121,GRANJA LISBOA,
50993479000182,BONSUCESSO,
50993574000186,JANGURUSSU,
50996435000106,BARROSO,
50999146000160,FLORESTA,
51013552000175,PEDRAS,
51013715000110,SERRINHA,
51019221000142,MONTESE,
51019544000136,DIAS MACEDO,
51037639000182,PASSARE,
51038716000119,MONTESE,
51039248000105,CARLITO PAMPLONA,
51040783000178,MONDUBIM,
51045182000158,JANGURUSSU,
51045245000176,PARANGABA,
51048896000110,MONDUBIM,
51055132000151,JOAQUIM TAVORA,
51055299000112,CONJUNTO ESPERANCA,
51055482000118,PARQUE SANTA MARIA,
51056585000100,VILA UNIAO,
51058941000117,ALVARO WEYNE,
51059157000123,SIQUEIRA,
51059977000115,JANGURUSSU,
51062770000108,GRANJA LISBOA,
51063654000103,MONDUBIM,
51064647000118,PRAIA DE IRACEMA,
51067272000140,CENTRO,
51072476000179,GRANJA LISBOA,
51083875000135,VILA VELHA,
51087519000190,PRESIDENTE KENNEDY,
51088840000199,BARRA DO CEARA,
51092394000196,BOM JARDIM,
51095688000171,CAIS DO PORTO,
51097437000126,CAIS DO PORTO,
51103875000150,SIQUEIRA,
51104225000129,BARROSO,
51110979000191,CAIS DO PORTO,
51112453000140,MUCURIPE,
51115626000184,CAJAZEIRAS,
51115720000133,MESSEJANA,
51117001000151,AMADEU FURTADO,
51117202000159,PASSARE,
51117456000177,MONTESE,
51120845000151,PLANALTO AYRTON SENNA,
51126965000166,SAO BENTO,
51129366000104,PARQUE SANTA MARIA,
51130986000155,GRANJA LISBOA,
51135179000125,QUINTINO CUNHA,
51143243000110,JARDIM DAS OLIVEIRAS,
51148692000150,ARACAPE,
51149471000105,CENTRO,
51154897000149,JANGURUSSU,
51155655000170,VICENTE PINZON,
51162839000167,PIRAMBU,
51174477000124,VICENTE PINZON,
51178405000155,BOM JARDIM,
51185302000112,AMADEU FURTADO,
51187492000107,BOM JARDIM,
51192459000175,GRANJA LISBOA,
51196072000197,MONTE CASTELO,
51201025000194,GRANJA PORTUGAL,
51202947000116,SAPIRANGA-COITE,
51213926000104,MONTE CASTELO,
51217189000100,PANAMERICANO,
51218035000132,CONJUNTO CEARA II,
51219719000159,COCO,
51219944000195,MEIRELES,
51220202000180,CIDADE 2000,
51221594000100,GUARARAPES,
51222468000161,CAJAZEIRAS,
51232586000150,JOAQUIM TAVORA,
51240665000103,PAPICU,
51249405000107,SERRINHA,
51252466000115,EDSON QUEIROZ,ANA MELISSA DE SOUSA LINHARES DA FROTA
51253020000105,ARACAPE,
51256207000162,GENIBAU,
51257916000162,DIONISIO TORRES,
51258263000136,GRANJA PORTUGAL,
51258320000187,MUCURIPE,
51263209000189,CONJUNTO CEARA II,
51286229000175,JARDIM CEARENSE,
51289118000112,MUCURIPE,
51299685000150,PICI,
51302066000177,PARANGABA,
51302205000162,BONSUCESSO,
51307371000151,PARQUE SANTA ROSA,
51326669000109,DIAS MACEDO,
51339335000170,MARAPONGA,
51339534000188,COUTO FERNANDES,
51341353000196,PAPICU,ANDERSON SILVA NASCIMENTO
51341383000100,CONJUNTO PALMEIRAS,
51343809000157,JARDIM CEARENSE,
51345404000158,AUTRAN NUNES,
51349885000170,MONDUBIM,
51350137000107,CRISTO REDENTOR,
51358082000181,CENTRO,
51366919000134,SIQUEIRA,
51367145000166,BONSUCESSO,
51369125000124,SIQUEIRA,
51375394000101,VICENTE PINZON,
51380005000128,PARANGABA,
51380071000106,JANGURUSSU,
51381402000114,TAUAPE,
51383821000195,GUAJERU,
51385270000107,BOM JARDIM,
51399381000164,SIQUEIRA,
51401209000106,AMADEU FURTADO,
51404573000111,CIDADE DOS FUNCIONARIOS,
51405432000113,PARQUE DOIS IRMAOS,ALINE TAVARES RATTS
51406892000166,CONJUNTO ESPERANCA,
51410912000172,MANOEL SATIRO,
51413258000150,GENIBAU,
51421197000173,ARACAPE,
51436641000124,ITAPERI,
51437673000144,BONSUCESSO,
51443819000164,RACHEL DE QUEIROZ,
51448368000158,JOAQUIM TAVORA,
51448441000191,ALDEOTA,
51455402000111,TAUAPE,
51455782000194,AUTRAN NUNES,
51457093000119,PASSARE,
51459476000126,CIDADE DOS FUNCIONARIOS,
51459577000105,GENIBAU,ALINE TEIXEIRA DA SILVA VITAL
51460740000141,BOM JARDIM,
51463462000186,DIONISIO TORRES,ISMAEL LEITAO DA SILVA
51464031000134,PADRE ANDRADE,
51464313000131,BARROSO,
51471578000167,JARDIM GUANABARA,
51481413000176,HENRIQUE JORGE,
51486319000100,CONJUNTO PALMEIRAS,
51498260000170,BARROSO,
51498976000177,ENGENHEIRO LUCIANO CAVALCANTE,
51499410000160,VILA PERI,
51509852000140,GRANJA LISBOA,
51512270000112,DIONISIO TORRES,FRANCISCO MOTA PEREIRA NETO
51516682000120,MONDUBIM,
51523171000136,BONSUCESSO,
51526669000152,GRANJA LISBOA,
51543343000133,SABIAGUABA,
51545004000196,MONTESE,MARIA DO SOCORRO ALVES
51547227000192,ALVARO WEYNE,
51550601000109,BOM JARDIM,
51554041000160,PICI,
51554907000133,PASSARE,
51559297000160,JARDIM DAS OLIVEIRAS,
51563858000103,PLANALTO AYRTON SENNA,
51569118000176,JANGURUSSU,
51571924000189,GENIBAU,
51575758000199,LAGOA REDONDA,
51577342000100,MEIRELES,MARIA JOANA PALMEIRA DOS SANTOS
51583801000168,BARROSO,
51586354000109,AMADEU FURTADO,
51599549000185,PREFEITO JOSE WALTER,
51599609000160,PARQUE SAO JOSE,
51600433000119,CANINDEZINHO,
51601287000146,VILA PERI,
51609433000180,FLORESTA,
51611563000157,JANGURUSSU,
51613959000133,TAUAPE,
51614258000119,PARREAO,
51614575000135,MEIRELES,
51630189000137,ALVARO WEYNE,
51633316000151,ITAPERI,
51639188000153,ENGENHEIRO LUCIANO CAVALCANTE,
51648342000153,NOVO MONDUBIM,
51648682000184,MONDUBIM,
51648803000198,PARQUE PRESIDENTE VARGAS,
51649439000180,NOVO MONDUBIM,
51650005000109,JOQUEI CLUBE,
51654013000115,MANOEL SATIRO,
51656968000101,CIDADE 2000,
51661252000100,MONDUBIM,
51661975000100,VARJOTA,
51671924000150,MONTESE,
51673866000102,SIQUEIRA,
51675238000158,SIQUEIRA,
51676028000184,PEDRAS,
51676116000186,AUTRAN NUNES,
51677370000107,JACARECANGA,
51678277000109,MONTE CASTELO,
51685317000140,PARANGABA,
51686573000151,PRESIDENTE KENNEDY,JESSIKA PIERRI DOS SANTOS
51687837000191,NOVO MONDUBIM,
51690676000195,ANTONIO BEZERRA,
51690713000165,CANINDEZINHO,
51691139000160,MONTE CASTELO,
51696188000195,JARDIM DAS OLIVEIRAS,
51697800000144,JOAO XXIII,
51699168000178,ALTO DA BALANCA,
51702184000172,PARQUE MANIBURA,
51709928000180,JANGURUSSU,
51711882000134,CIDADE DOS FUNCIONARIOS,
51713015000138,BOA VISTA-CASTELAO,
51715029000190,PARQUE SANTA ROSA,
51716580000159,JOQUEI CLUBE,JOSE WILSON MARQUES DOS SANTOS
51725427000198,ITAOCA,
51733692000118,PRAIA DO FUTURO II,
51736290000177,MONDUBIM,
51739660000120,SAO GERARDO,
51742923000150,PARQUE SAO JOSE,
51747585000149,EDSON QUEIROZ,
51750455000165,OLAVO OLIVEIRA,
51752842000130,JARDIM IRACEMA,
51755785000143,FARIAS BRITO,
51765155000150,MONDUBIM,
51766367000151,PAPICU,REJANE FLAVIA DA SILVA SANDES
51770731000157,BONSUCESSO,
51771443000117,JARDIM AMERICA,
51773769000183,ANCURI,
51776089000113,JOQUEI CLUBE,EVELANE EVELLY PEREIRA BARROS
51789655000121,VILA VELHA,
51794299000134,LAGOA REDONDA,
51798012000144,PLANALTO AYRTON SENNA,
51800081000145,BARRA DO CEARA,
51802658000158,MESSEJANA,
51813661000177,PRAIA DO FUTURO II,
51816200000158,JANGURUSSU,
51816764000190,PAUPINA,
51817035000159,ALVARO WEYNE,
51822033000158,MONTESE,
51822959000143,ELLERY,
51827013000170,GENIBAU,
51828369000128,PARANGABA,
51830199000116,PAUPINA,
51834526000108,PASSARE,
51838644000194,RACHEL DE QUEIROZ,
51846089000142,CENTRO,
51847031000113,BOM JARDIM,
51856836000123,CONJUNTO CEARA I,
51856927000169,JOSE DE ALENCAR,
51860994000157,BENFICA,
51861288000120,VILA VELHA,
51865440000142,ENGENHEIRO LUCIANO CAVALCANTE,GABRIELA HENRIQUE OLIVEIRA MARCELINO
51871745000167,BONSUCESSO,
51874066000141,BOA VISTA-CASTELAO,
51874207000126,BARROSO,
51874960000111,CONJUNTO CEARA I,
51875610000170,MESSEJANA,
51876165000162,PARQUE SANTA MARIA,
51876602000148,PLANALTO AYRTON SENNA,
51881441000180,PARQUE ARAXA,
51881553000131,DEMOCRITO ROCHA,
51896113000158,BONSUCESSO,
51896384000103,JOAO XXIII,
51897788000111,BARRA DO CEARA,
51898109000129,SIQUEIRA,
51901929000122,PAUPINA,
51902392000115,VILA UNIAO,
51905675000110,CONJUNTO CEARA II,
51906179000181,PAUPINA,
51907052000187,BELA VISTA,
51914755000132,ANCURI,
51917751000108,CENTRO,
51921741000146,GRANJA LISBOA,
51923923000156,ALVARO WEYNE,
51928370000124,JANGURUSSU,
51932431000127,CONJUNTO CEARA II,
51932601000173,GUARARAPES,FATIMA MARTINS FIORENZA
51935421000145,CONJUNTO PALMEIRAS,
51935715000177,SAPIRANGA-COITE,
51938003000101,PARQUELANDIA,
51938372000102,PARQUE DOIS IRMAOS,
51945536000110,JOQUEI CLUBE,
51954762000168,MONTE CASTELO,
51966228000171,ANCURI,
51972880000107,JANGURUSSU,
51975112000107,CONJUNTO ESPERANCA,
51977453000103,MESSEJANA,
51978693000122,MONTE CASTELO,
51979163000107,BOM FUTURO,
51980476000177,OLAVO OLIVEIRA,
51989197000174,CAIS DO PORTO,
51989356000130,PRESIDENTE KENNEDY,
51996523000170,PRAIA DO FUTURO I,
51998255000126,DIONISIO TORRES,BRUNO RAFAEL DE SOUZA
51998792000176,RODOLFO TEOFILO,
52001423000120,MONDUBIM,
52002949000124,PAUPINA,
52007312000120,PASSARE,
52009995000155,VILA PERI,
52010948000121,VILA PERI,
52014098000130,ENGENHEIRO LUCIANO CAVALCANTE,
52015030000175,JARDIM DAS OLIVEIRAS,
52015438000147,CAIS DO PORTO,
52019631000156,JARDIM GUANABARA,
52021340000100,LAGOA REDONDA,
52022161000180,BONSUCESSO,
52022650000131,CANINDEZINHO,
52026863000131,ALVARO WEYNE,
52027701000118,NOVO MONDUBIM,
52032443000168,QUINTINO CUNHA,
52035749000178,MANOEL SATIRO,
52037476000109,JOSE BONIFACIO,
52039329000160,MANOEL SATIRO,
52040665000122,GRANJA LISBOA,
52041119000106,VICENTE PINZON,
52041665000147,SAO GERARDO,
52051112000175,PASSARE,
52052326000166,CANINDEZINHO,
52052501000115,VILA UNIAO,
52061367000119,HENRIQUE JORGE,
52061477000180,ALDEOTA,
52064138000158,SAO BENTO,
52064625000110,ARACAPE,
52067143000114,GRANJA LISBOA,
52069035000180,TAUAPE,
52075102000170,BARROSO,
52078182000117,BARRA DO CEARA,
52079416000140,PLANALTO AYRTON SENNA,
52079499000178,HENRIQUE JORGE,
52093122000173,SERRINHA,
52093393000129,FATIMA,
52094396000187,VARJOTA,
52095073000108,JANGURUSSU,
52100504000187,CONJUNTO PALMEIRAS,
52105313000108,PAUPINA,
52108137000168,MANOEL SATIRO,
52108825000128,BARRA DO CEARA,
52113084000173,CARLITO PAMPLONA,
52116503000120,DE LOURDES,
52120155000165,MUCURIPE,
52120257000180,GRANJA PORTUGAL,
52121990000110,ALVARO WEYNE,
52125922000129,PREFEITO JOSE WALTER,
52133217000173,PASSARE,
52134436000177,PARQUE DOIS IRMAOS,
52136366000196,GUAJERU,
52136541000145,CENTRO,
52139758000109,GRANJA LISBOA,
52146049000150,AEROLANDIA,
52146178000149,CANINDEZINHO,
52149691000193,GRANJA PORTUGAL,
52154889000165,BARROSO,
52159905000102,ALVARO WEYNE,
52164396000106,PICI,
52166619000174,PLANALTO AYRTON SENNA,
52171090000187,MEIRELES,
52174221000180,TAUAPE,
52176259000191,FLORESTA,
52178108000172,COACU,
52179620000133,PARQUELANDIA,
52184502000113,ARACAPE,
52192087000140,FATIMA,
52206095000106,HENRIQUE JORGE,
52218379000104,COACU,
52219960000140,TAUAPE,
52221395000156,FATIMA,
52221760000122,BOM JARDIM,
52223861000132,ANTONIO BEZERRA,
52232715000173,MESSEJANA,ANTONIO RODRIGO BARBOSA DA SILVA
52237499000159,VILA UNIAO,
52260457000139,GRANJA PORTUGAL,
52265189000148,JARDIM AMERICA,
52266922000149,MONDUBIM,
52270754000165,VILA VELHA,
52271868000120,AEROLANDIA,
52275715000150,JOSE DE ALENCAR,
52276120000110,PANAMERICANO,
52278500000193,CAMBEBA,
52278681000158,SAPIRANGA-COITE,
52285022000149,CONJUNTO CEARA I,
52291802000100,GENIBAU,
52292017000163,BARROSO,
52292354000150,PARQUE SANTA MARIA,
52293687000102,GENIBAU,
52293996000174,PAPICU,
52294368000103,GUARARAPES,
52296000000184,VILA VELHA,
52299921000109,JARDIM DAS OLIVEIRAS,
52302617000165,SIQUEIRA,
52303709000160,EDSON QUEIROZ,
52308975000185,CONJUNTO CEARA I,ANTONIO FILHO DA SILVA ALMEIDA
52314875000161,CAJAZEIRAS,
52319154000144,CENTRO,
52330431000110,PANAMERICANO,
52333774000138,SERRINHA,
52334200000184,PADRE ANDRADE,
52335889000161,EDSON QUEIROZ,
52339430000136,COUTO FERNANDES,
52340883000182,GRANJA PORTUGAL,
52353225000125,BARROSO,
52356928000107,SERRINHA,
52374158000125,PARQUE PRESIDENTE VARGAS,
52375965000162,PAPICU,
52376680000146,VILA VELHA,
52377456000179,LAGOA REDONDA,
52379701000187,BENFICA,
52380916000118,SAPIRANGA-COITE,
52382262000161,SIQUEIRA,
52382551000160,BOM JARDIM,
52384176000198,VILA PERI,
52388572000193,EDSON QUEIROZ,
52391153000100,EDSON QUEIROZ,
52391807000104,JOAO XXIII,
52394024000176,GRANJA LISBOA,
52406066000180,PRAIA DO FUTURO II,
52406901000181,VICENTE PINZON,
52415792000169,BOA VISTA-CASTELAO,
52416086000131,VARJOTA,
52418133000186,FATIMA,
52425838000120,AUTRAN NUNES,
52432921000127,SERRINHA,
52433127000106,TAUAPE,
52434012000128,PADRE ANDRADE,
52434189000124,GRANJA LISBOA,
52435990000194,PARQUE ARAXA,
52436733000177,PAPICU,
52436988000130,BOM JARDIM,
52438418000189,SAPIRANGA-COITE,
52439307000197,VILA VELHA,
52439699000194,MONDUBIM,
52440839000144,AUTRAN NUNES,
52444706000146,PARQUE SANTA MARIA,
52449582000191,PARQUELANDIA,
52454351000176,GRANJA LISBOA,
52459615000184,BELA VISTA,
52459850000156,BELA VISTA,
52463451000169,CONJUNTO CEARA II,
52466862000108,COACU,
52466929000104,JARDIM DAS OLIVEIRAS,
52467273000144,JOAO XXIII,
52468422000190,GRANJA LISBOA,
52470707000165,LAGOA REDONDA,
52475371000123,QUINTINO CUNHA,
52476364000146,EDSON QUEIROZ,
52483564000126,JARDIM DAS OLIVEIRAS,
52489129000109,VICENTE PINZON,
52490942000107,MONTE CASTELO,
52491141000158,SERRINHA,
52492418000167,JACARECANGA,
52499668000129,JARDIM IRACEMA,
52502907000152,CONJUNTO ESPERANCA,
52514412000143,NOVO MONDUBIM,
52516755000147,PASSARE,
52519996000140,ALDEOTA,
52522239000125,SIQUEIRA,
52522837000102,PREFEITO JOSE WALTER,
52524591000108,PASSARE,
52526644000111,GRANJA PORTUGAL,
52535344000107,EDSON QUEIROZ,
52535731000135,PREFEITO JOSE WALTER,
52536212000191,CONJUNTO ESPERANCA,
52537520000131,CONJUNTO CEARA I,
52540897000140,PARREAO,
52540975000106,MESSEJANA,
52541359000170,PARQUE ARAXA,
52541589000139,DIONISIO TORRES,GECIENE FERREIRA DE PAULA
52546550000104,CURIO,
52546904000110,COACU,
52547570000108,ENGENHEIRO LUCIANO CAVALCANTE,
52548684000164,PARQUE DOIS IRMAOS,
52549885000186,VILA VELHA,
52552896000115,PARANGABA,
52555954000164,VICENTE PINZON,
52559295000134,JARDIM DAS OLIVEIRAS,
52559402000124,JACARECANGA,
52560694000115,JARDIM CEARENSE,
52564231000121,MUCURIPE,
52564257000170,JARDIM CEARENSE,
52566803000101,ANCURI,
52567969000142,PAUPINA,ISA SARA LOPES DA COSTA
52572531000152,JACARECANGA,
52576342000158,BARRA DO CEARA,
52577656000175,ALDEOTA,GABRIELA GELEILATE CAVALCANTE
52584390000198,LAGOA REDONDA,
52588885000195,JARDIM AMERICA,
52590561000191,GRANJA PORTUGAL,
52591514000162,PASSARE,
52592546000182,BONSUCESSO,
52592669000113,DEMOCRITO ROCHA,
52594222000183,VILA VELHA,
52594815000140,JANGURUSSU,
52596040000141,ALTO DA BALANCA,
52600075000107,ALDEOTA,
52600393000178,JARDIM IRACEMA,
52605347000161,DIONISIO TORRES,
52609599000169,TAUAPE,
52611579000122,GRANJA PORTUGAL,
52614621000169,CONJUNTO CEARA I,
52616383000120,ALDEOTA,BRUNO RAFAEL DE SOUZA
52623563000130,JARDIM IRACEMA,
52634234000194,NOVO MONDUBIM,
52641910000157,PAPICU,
52641980000105,PASSARE,
52643585000161,BARROSO,
52647303000102,SERRINHA,
52649879000109,PREFEITO JOSE WALTER,
52651960000115,JARDIM DAS OLIVEIRAS,
52653108000187,NOVO MONDUBIM,
52671042000158,MONTESE,
52671759000108,DAMAS,
52676896000127,JOSE DE ALENCAR,
52677883000172,ALDEOTA,ARNALDO BISPO DOS SANTOS
52685990000142,BOM JARDIM,
52687450000106,BOM JARDIM,
52689697000153,BOM FUTURO,
52692477000189,PARANGABA,
52695875000159,AUTRAN NUNES,
52711912000175,SAPIRANGA-COITE,
52712497000174,ALDEOTA,
52712552000126,PAUPINA,
52713594000181,PRAIA DO FUTURO I,
52719009000150,PREFEITO JOSE WALTER,
52724693000169,RACHEL DE QUEIROZ,
52727455000107,ENGENHEIRO LUCIANO CAVALCANTE,
52728183000160,PRESIDENTE KENNEDY,
52738524000188,CARLITO PAMPLONA,
52739140000180,JARDIM DAS OLIVEIRAS,
52739871000125,ALTO DA BALANCA,
52744456000160,PRESIDENTE KENNEDY,
52746266000181,DIAS MACEDO,
52747111000160,ITAOCA,
52748776000198,AEROLANDIA,
52749980000123,QUINTINO CUNHA,
52750340000133,PREFEITO JOSE WALTER,
52751327000107,QUINTINO CUNHA,
52752781000174,GRANJA PORTUGAL,
52757110000104,PARANGABA,
52758842000100,HENRIQUE JORGE,
52770714000182,BARRA DO CEARA,
52773118000156,AUTRAN NUNES,
52786879000142,PIRAMBU,
52790448000150,CIDADE DOS FUNCIONARIOS,
52791877000141,CIDADE DOS FUNCIONARIOS,
52793824000160,PAPICU,
52796586000146,BOM FUTURO,
52800153000117,FLORESTA,
52817008000149,BARRA DO CEARA,
52818746000100,MANUEL DIAS BRANCO,
52820012000166,GRANJA LISBOA,
52824157000135,ALVARO WEYNE,
52831421000168,RODOLFO TEOFILO,
52831543000154,BOM JARDIM,
52832973000190,DIONISIO TORRES,LEANDRO PEREIRA NUNES
52835256000112,VILA VELHA,
52842533000114,AEROPORTO,
52842604000189,JOQUEI CLUBE,
52846119000183,JOAO XXIII,
52847538000130,PRAIA DO FUTURO I,
52848905000110,BARROSO,
52849334000138,JANGURUSSU,
52850588000176,GENIBAU,
52850653000163,PARANGABA,
52853607000118,COACU,
52855179000162,VICENTE PINZON,
52860662000135,CAMBEBA,ANA CLAUDIA RIBEIRO RUBENS
52862188000180,ALTO DA BALANCA,
52868513000112,GRANJA LISBOA,
52869114000176,PREFEITO JOSE WALTER,
52870551000100,GRANJA LISBOA,
52874348000101,PLANALTO AYRTON SENNA,
52886767000163,JARDIM IRACEMA,
52888196000104,AUTRAN NUNES,
52895433000156,DEMOCRITO ROCHA,
52896811000116,CIDADE 2000,
52900041000138,ALDEOTA,
52903570000195,PLANALTO AYRTON SENNA,
52910236000169,PARQUE DOIS IRMAOS,
52918888000140,FLORESTA,
52922731000198,CARLITO PAMPLONA,
52922874000108,ALVARO WEYNE,
52923576000124,JANGURUSSU,
52926050000106,SIQUEIRA,
52928577000161,MESSEJANA,
52931057000108,GENIBAU,
52937078000130,CENTRO,
52941559000110,CARLITO PAMPLONA,
52943102000144,AEROPORTO,
52943128000192,CARLITO PAMPLONA,
52943715000181,GRANJA PORTUGAL,
52946328000107,CONJUNTO ESPERANCA,
52952925000136,VILA UNIAO,
52955988000146,PAUPINA,
52956601000176,BENFICA,
52957071000180,GRANJA PORTUGAL,
52963856000166,DIAS MACEDO,
52969214000174,JARDIM DAS OLIVEIRAS,
52979334000152,MARAPONGA,
52981245000140,PIRAMBU,
52981334000197,PIRAMBU,
52983048000160,BARRA DO CEARA,
52984110000139,FARIAS BRITO,
52988182000154,CONJUNTO PALMEIRAS,
52989623000132,MONTESE,
52994769000176,HENRIQUE JORGE,
53010285000108,FATIMA,
53013042000123,PLANALTO AYRTON SENNA,
53015450000114,PARANGABA,
53018902000111,MUCURIPE,
53025866000113,PADRE ANDRADE,
53034090000106,BARROSO,
53040399000109,PARANGABA,
53047503000189,COCO,
53058302000187,VICENTE PINZON,
53068440000147,VILA VELHA,
53069171000133,PADRE ANDRADE,JESSIKA PIERRI DOS SANTOS
53074750000174,GRANJA LISBOA,
53080219000104,PREFEITO JOSE WALTER,
53080356000149,BELA VISTA,
53082454000115,VILA VELHA,
53087056000191,PASSARE,
53087933000124,MUCURIPE,
53091420000197,PRESIDENTE KENNEDY,
53096175000100,PADRE ANDRADE,
53100478000150,JOQUEI CLUBE,JESSIKA PIERRI DOS SANTOS
53101039000161,PLANALTO AYRTON SENNA,
53106664000104,PLANALTO AYRTON SENNA,
53108730000177,DIONISIO TORRES,ROSA MARIA GOMES MOREIRA
53112677000188,VICENTE PINZON,
53126841000106,HENRIQUE JORGE,
53133225000182,MANOEL SATIRO,
53135238000190,CONJUNTO PALMEIRAS,
53135249000170,MONTESE,
53135801000120,MONTESE,
53139805000187,PREFEITO JOSE WALTER,
53147541000103,MUCURIPE,
53148494000112,MONDUBIM,
53149428000167,BARRA DO CEARA,
53151540000132,ALDEOTA,
53152528000142,PARQUE PRESIDENTE VARGAS,
53166337000130,VICENTE PINZON,
53177181000192,PAPICU,
53188714000131,CENTRO,
53191394000179,GRANJA LISBOA,
53195338000102,MONTESE,
53195747000109,ITAOCA,
53198668000151,GENIBAU,
53207781000156,GRANJA LISBOA,
53209828000110,BARRA DO CEARA,
53216068000179,MESSEJANA,
53220246000135,CONJUNTO PALMEIRAS,
53251172000102,BARRA DO CEARA,
53259117000150,JARDIM DAS OLIVEIRAS,
53261266000154,PADRE ANDRADE,
53261423000121,CENTRO,
53262336000199,BARRA DO CEARA,
53262348000113,VILA VELHA,
53264013000134,PAPICU,
53269750000120,PAPICU,
53272229000141,PARQUE SANTA ROSA,
53280976000121,ALTO DA BALANCA,
53285421000172,ITAOCA,
53289494000132,ALDEOTA,IGOR HENRICO SANCHEZ DE CARVALHO
53295203000119,PARQUE SANTA MARIA,
53295297000126,PLANALTO AYRTON SENNA,
53297143000173,JARDIM CEARENSE,
53298528000155,OLAVO OLIVEIRA,
53299035000130,FLORESTA,
53306768000154,PARQUE DOIS IRMAOS,
53311368000137,BARROSO,
53319033000165,SAO JOAO DO TAUAPE,
53319899000176,CENTRO,
53325795000174,COACU,
53328785000192,PLANALTO AYRTON SENNA,
53334532000121,PARANGABA,
53354376000160,BOA VISTA-CASTELAO,
53357450000100,MESSEJANA,CARLOS EDUARDO NOGUEIRA SANTOS FILHO
53370254000168,PRESIDENTE KENNEDY,
53371964000102,JANGURUSSU,
53381189000176,AEROPORTO,
53387172000126,FLORESTA,
53394093000142,CONJUNTO PALMEIRAS,
53394135000145,DOM LUSTOSA,
53394354000124,SALINAS,
53396068000106,CAMBEBA,
53396837000168,PRESIDENTE KENNEDY,
53399239000142,SAO GERARDO,
53400319000170,SAPIRANGA-COITE,
53420760000114,VILA VELHA,
53423063000117,NOVO MONDUBIM,
53425584000103,TAUAPE,
53427494000151,PARANGABA,
53430933000185,CARLITO PAMPLONA,
53432567000101,VILA VELHA,
53436172000179,PRAIA DO FUTURO II,
53439770000100,BOA VISTA-CASTELAO,
53441346000191,CENTRO,
53442213000130,EDSON QUEIROZ,
53448892000154,BARRA DO CEARA,
53452149000178,BOM FUTURO,
53453034000106,PRESIDENTE KENNEDY,
53456856000132,CONJUNTO CEARA II,
53463499000130,ALVARO WEYNE,
53464045000183,BARRA DO CEARA,
53464753000114,SAPIRANGA-COITE,
53471534000162,MONTE CASTELO,
53474475000186,CAJAZEIRAS,
53475720000170,EDSON QUEIROZ,
53480657000160,PRESIDENTE KENNEDY,
53480707000109,VICENTE PINZON,
53486398000184,BARROSO,
53494361000106,COCO,
53496229000125,PREFEITO JOSE WALTER,
53498993000130,GRANJA PORTUGAL,
53499385000140,FLORESTA,
53511391000175,MUCURIPE,
53512077000107,CANINDEZINHO,
53513341000127,JACARECANGA,
53513895000124,PICI,
53519667000161,PASSARE,
53522542000190,ALVARO WEYNE,
53527590000171,PARQUELANDIA,
53533538000128,GRANJA LISBOA,
53542522000181,PASSARE,
53549297000105,MESSEJANA,
53551635000143,CENTRO,
53555213000146,PRESIDENTE KENNEDY,DAMARES DA SILVA TEIXEIRA DE SOUSA
53559101000163,MEIRELES,
53559887000119,PREFEITO JOSE WALTER,
53564143000192,ALDEOTA,
53564447000150,JARDIM CEARENSE,
53564990000157,PARQUELANDIA,
53571100000134,COCO,MAIKON ROBSON DA ROCHA BASTOS
53574970000167,ALDEOTA,
53576201000106,MONTE CASTELO,
53577041000101,PARQUE ARAXA,
53584848000171,BARROSO,
53593001000153,BARROSO,
53601248000174,LAGOA REDONDA,
53602544000190,COACU,
53603050000120,SIQUEIRA,
53606340000127,JOAQUIM TAVORA,
53610890000110,CIDADE DOS FUNCIONARIOS,
53613314000126,QUINTINO CUNHA,
53615348000150,PRESIDENTE KENNEDY,
53615353000162,PARANGABA,
53621528000144,BOM JARDIM,
53623950000139,ALVARO WEYNE,
53625884000136,ELLERY,
53628457000101,MUCURIPE,
53632811000171,PAUPINA,
53633026000133,GENIBAU,
53637378000167,DEMOCRITO ROCHA,
53640171000141,PARQUE DOIS IRMAOS,
53645773000191,PAUPINA,
53652056000197,BARROSO,
53652133000109,SALINAS,
53657204000166,MARAPONGA,
53658838000133,QUINTINO CUNHA,
53669272000145,ENGENHEIRO LUCIANO CAVALCANTE,
53671754000130,EDSON QUEIROZ,
53676939000137,EDSON QUEIROZ,
53681632000124,AEROLANDIA,
53684021000130,BELA VISTA,
53690777000191,CONJUNTO CEARA I,
53694716000100,FATIMA,
53694934000137,LAGOA REDONDA,
53696330000120,GRANJA LISBOA,
53700767000190,DEMOCRITO ROCHA,
53715805000188,ALDEOTA,
53725147000105,JANGURUSSU,
53730918000152,GRANJA PORTUGAL,
53731389000101,PRESIDENTE KENNEDY,
53736751000137,SIQUEIRA,
53738269000136,CONJUNTO CEARA I,
53745490000111,JANGURUSSU,
53770625000107,BOA VISTA-CASTELAO,
53772743000146,PRAIA DE IRACEMA,
53776263000153,BARRA DO CEARA,
53777630000133,GENIBAU,
53781542000105,FLORESTA,
53789991000108,RACHEL DE QUEIROZ,
53792808000115,PARANGABA,
53793395000193,PASSARE,
53793614000134,LAGOA REDONDA,
53797391000183,CENTRO,
53805471000133,DAMAS,
53808353000189,MESSEJANA,
53809294000163,PRAIA DO FUTURO II,
53815355000103,PREFEITO JOSE WALTER,
53815824000186,BONSUCESSO,
53818502000190,SAPIRANGA-COITE,
53823999000135,JARDIM CEARENSE,
53829231000179,PARREAO,
53830617000109,AEROLANDIA,
53836893000176,ALDEOTA,LEONARDO CASTELO FREITAS
53837169000167,ALVARO WEYNE,
53838709000127,ELLERY,
53841778000190,CENTRO,
53851343000126,BELA VISTA,
53856063000100,QUINTINO CUNHA,
53862270000178,PREFEITO JOSE WALTER,
53862709000162,ALDEOTA,ANTONIO CARLOS COELHO REIS
53865449000189,ALDEOTA,LEONARDO CASTELO FREITAS
53875295000106,GRANJA LISBOA,
53878590000116,ALDEOTA,DEBORA KATILENE FRANCESCONI MOREIRA
53878686000184,ALVARO WEYNE,
53883965000136,LAGOA REDONDA,
53888518000170,BARRA DO CEARA,
53891582000100,AUTRAN NUNES,
53897593000105,BELA VISTA,
53907495000101,CIDADE DOS FUNCIONARIOS,
53907567000102,PEDRAS,
53909474000117,FARIAS BRITO,
53910338000147,PAPICU,
53918735000165,PLANALTO AYRTON SENNA,
53922231000119,JANGURUSSU,
53925143000170,PAPICU,
53932762000192,ITAPERI,
53942089000171,GRANJA PORTUGAL,
53947074000104,PIRAMBU,
53952083000185,PAUPINA,
53954777000151,ITAPERI,
53955890000151,VICENTE PINZON,
53956357000104,VICENTE PINZON,
53959949000180,FARIAS BRITO,
53960744000114,MARAPONGA,
53960916000150,BARRA DO CEARA,
53968312000150,PARQUE SANTA ROSA,
53974652000193,JOAO XXIII,
53975805000117,VICENTE PINZON,
53979368000100,MONDUBIM,
53981911000103,GENIBAU,
53982498000100,SAPIRANGA-COITE,
53985183000108,ITAPERI,
53989139000176,ALDEOTA,
53990949000142,JARDIM DAS OLIVEIRAS,
53991161000150,BELA VISTA,
53995119000108,FATIMA,
53998781000111,MONTESE,
54014387000164,MANOEL SATIRO,
54016405000147,CIDADE 2000,
54016689000171,MEIRELES,ANTONIO RAFAEL RODRIGUES DA SILVA
54017386000173,MEIRELES,ANTONIO RAFAEL RODRIGUES DA SILVA
54040966000181,EDSON QUEIROZ,
54049800000126,PICI,
54051355000139,PARQUE ARAXA,
54053151000137,VILA VELHA,
54058471000180,JANGURUSSU,FRANCISCO ANTONIO DINIZ TABOSA
54060574000184,ALVARO WEYNE,
54060957000152,CONJUNTO PALMEIRAS,
54061103000190,EDSON QUEIROZ,
54062635000142,EDSON QUEIROZ,
54062859000154,SAO GERARDO,
54067374000153,PARREAO,
54070375000157,NOVO MONDUBIM,
54074184000163,JARDIM IRACEMA,
54079528000127,DAMAS,
54091779000127,VILA PERI,
54094671000198,MONDUBIM,KATIANA MARIA ALEXANDRE BRAGA
54100676000186,PARQUELANDIA,
54102567000106,PARQUE DOIS IRMAOS,
54110716000170,PASSARE,
54113971000177,VARJOTA,
54114710000171,CAIS DO PORTO,
54115269000142,PLANALTO AYRTON SENNA,
54115953000124,CARLITO PAMPLONA,
54119322000183,ITAPERI,
54120162000192,VILA VELHA,
54121962000128,BARRA DO CEARA,
54129536000130,MONTESE,
54130640000145,MESSEJANA,MARIA MOHANA VIEIRA DANTAS
54132479000149,ITAPERI,
54146340000154,MEIRELES,
54151299000104,BONSUCESSO,
54156511000126,JANGURUSSU,
54161251000187,BOM JARDIM,
54167510000187,PARANGABA,
54167590000170,CENTRO,
54173461000195,PAPICU,
54178997000101,ENGENHEIRO LUCIANO CAVALCANTE,
54181352000110,ANTONIO BEZERRA,
54188729000162,MEIRELES,MARIA VALDECLEIDE SANTIAGO RODRIGUES
54202302000171,VILA VELHA,
54205931000155,PREFEITO JOSE WALTER,
54221954000153,PREFEITO JOSE WALTER,
54230566000139,CARLITO PAMPLONA,
54235943000122,BARRA DO CEARA,
54237161000122,PICI,
54237848000168,MANOEL SATIRO,
54243946000108,CENTRO,EDWIN ANDRES GAMBOA LEMUS
54253065000178,PANAMERICANO,
54268528000175,PIRAMBU,
54281782000103,SABIAGUABA,
54287041000130,PRAIA DO FUTURO I,
54289114000122,BELA VISTA,
54290379000140,PARANGABA,
54291702000109,PIRAMBU,
54293849000120,PADRE ANDRADE,
54296888000180,PAUPINA,
54305920000147,PAUPINA,
54307047000121,LAGOA REDONDA,
54317549000133,VARJOTA,
54317886000120,VICENTE PINZON,
54319200000130,PLANALTO AYRTON SENNA,
54320812000143,MONDUBIM,
54323210000140,SAPIRANGA-COITE,
54324618000136,QUINTINO CUNHA,
54325227000136,SAO BENTO,
54325897000152,ALTO DA BALANCA,
54326211000148,JARDIM GUANABARA,
54335157000105,PAPICU,
54341337000191,MEIRELES,FATIMA CRISTINA CARIOCA SAMPAIO
54342180000119,ALDEOTA,
54351615000191,CAMBEBA,
54354368000187,ALVARO WEYNE,
54363237000166,JANGURUSSU,
54371841000134,JARDIM DAS OLIVEIRAS,
54372267000139,LAGOA REDONDA,
54382659000189,JOAO XXIII,
54384043000147,CANINDEZINHO,
54395882000160,MEIRELES,LIA RAQUEL HOLANDA MUNIZ
54396949000181,VICENTE PINZON,
54397217000106,SERRINHA,
54401960000192,LAGOA REDONDA,
54402867000100,AEROPORTO,
54403265000160,BARROSO,
54405703000129,FATIMA,
54415908000195,PREFEITO JOSE WALTER,
54418619000140,MESSEJANA,BRENNDA JUNIA LIMA E SILVA
54423127000142,PAPICU,
54425282000106,CIDADE DOS FUNCIONARIOS,
54432319000115,CRISTO REDENTOR,
54433879000194,PARQUE DOIS IRMAOS,
54435104000158,HENRIQUE JORGE,ROBERIO CARLOS VIANA DO NASCIMENTO
54438292000178,MONDUBIM,
54440996000185,ITAPERI,
54441656000179,BENFICA,
54447417000126,MONDUBIM,
54449531000195,VICENTE PINZON,
54452535000122,MANOEL SATIRO,
54472792000126,LAGOA REDONDA,
54483788000163,GUAJERU,
54485227000101,MONDUBIM,
54485338000100,GRANJA LISBOA,
54486328000199,ARACAPE,
54503351000144,VILA VELHA,
54512112000150,BONSUCESSO,
54512948000155,GRANJA LISBOA,
54515954000166,CONJUNTO CEARA II,
54518516000151,CARLITO PAMPLONA,
54518819000174,MARAPONGA,
54519513000132,SERRINHA,
54521799000190,LAGOA REDONDA,
54523888000176,PARQUELANDIA,
54526566000180,MONTESE,
54528576000155,BARRA DO CEARA,
54535300000102,GENIBAU,
54551708000160,PRESIDENTE KENNEDY,
54551944000186,CIDADE 2000,
54552873000136,JOAQUIM TAVORA,
54560124000150,AUTRAN NUNES,
54560199000131,GUARARAPES,VICTORIA OLIVEIRA DO VALE
54562998000147,CARLITO PAMPLONA,
54564758000181,JOQUEI CLUBE,
54568903000100,MONTESE,
54573046000129,RODOLFO TEOFILO,
54575762000145,QUINTINO CUNHA,
54576470000127,MONTESE,
54577824000158,CENTRO,
54580263000146,EDSON QUEIROZ,
54582443000167,BARROSO,
54582602000123,BOM JARDIM,
54585086000190,PANAMERICANO,
54587459000162,PRESIDENTE KENNEDY,
54594135000151,VILA VELHA,
54603932000158,ALDEOTA,
54604606000165,PAUPINA,
54605975000172,CARLITO PAMPLONA,
54606316000150,CARLITO PAMPLONA,
54607515000183,CENTRO,
54615657000192,ANTONIO BEZERRA,
54617658000176,HENRIQUE JORGE,
54619906000118,DOM LUSTOSA,
54625545000112,BOM JARDIM,
54627189000176,CANINDEZINHO,
54630524000195,ALDEOTA,LUCIGLEIDE ELEUTERIO DE LIMA LINHARES
54631143000120,PASSARE,
54632404000127,BELA VISTA,
54637639000101,CENTRO,
54640581000155,PARQUELANDIA,
54648188000108,CARLITO PAMPLONA,
54654275000178,NOVO MONDUBIM,
54654940000123,PARANGABA,MARIA MERYLANNE MENDES DE SOUSA
54656330000169,GRANJA PORTUGAL,
54656927000103,SAO BENTO,
54657502000119,JARDIM AMERICA,
54665090000169,CARLITO PAMPLONA,
54665347000182,CARLITO PAMPLONA,
54665363000175,OLAVO OLIVEIRA,
54665368000106,PARANGABA,
54669979000114,GENIBAU,
54671793000108,TAUAPE,
54673507000135,PRESIDENTE KENNEDY,
54673617000105,CAMBEBA,
54675176000172,COACU,
54676049000198,CARLITO PAMPLONA,
54676749000182,MANUEL DIAS BRANCO,
54679015000157,JACARECANGA,
54680170000193,CAJAZEIRAS,
54682993000158,PICI,
54686163000107,COCO,
54688511000177,PARQUELANDIA,MARIA JASMILINA MARTINS SOARES
54689645000102,JARDIM DAS OLIVEIRAS,
54692084000109,JOAQUIM TAVORA,
54692507000182,ALDEOTA,JOAO PAULO DE SOUSA FURTADO
54693042000184,BARRA DO CEARA,
54693665000157,DAMAS,
54704991000112,CENTRO,
54722545000130,CIDADE 2000,
54723543000166,BARRA DO CEARA,
54726742000128,GENIBAU,
54735124000144,JANGURUSSU,
54747015000147,NOVO MONDUBIM,
54755902000167,ALDEOTA,VALERIA ARAUJO BESSA
54758566000106,GRANJA PORTUGAL,
54762634000100,ALVARO WEYNE,
54772741000110,COACU,
54778656000169,SIQUEIRA,
54783674000139,MEIRELES,
54786818000100,PANAMERICANO,
54792462000118,DEMOCRITO ROCHA,
54793714000123,ALDEOTA,
54797633000100,OLAVO OLIVEIRA,
54799369000135,GRANJA LISBOA,
54799880000137,FATIMA,
54804022000133,CIDADE 2000,
54804145000174,CIDADE DOS FUNCIONARIOS,
54805733000122,BARROSO,
54806522000104,PIRAMBU,
54807636000179,GENIBAU,
54808427000140,OLAVO OLIVEIRA,
54810381000101,JARDIM DAS OLIVEIRAS,
54810943000109,QUINTINO CUNHA,
54811459000102,VILA VELHA,
54813304000105,PARQUE SANTA MARIA,
54814948000100,COUTO FERNANDES,
54818955000180,MEIRELES,
54819158000117,CONJUNTO PALMEIRAS,
54823131000106,BOM JARDIM,
54829945000140,LAGOA REDONDA,
54831500000102,PARQUELANDIA,PAULO HENRIQUE BEZERRA PINTO
54835683000126,PASSARE,
54846487000157,PICI,
54847445000130,SALINAS,
54853701000100,QUINTINO CUNHA,
54863770000197,PREFEITO JOSE WALTER,
54865713000147,GRANJA LISBOA,
54868031000198,GRANJA LISBOA,
54868067000171,JARDIM CEARENSE,
54868100000163,CAJAZEIRAS,
54869692000138,PREFEITO JOSE WALTER,
54872500000142,MONDUBIM,
54879854000119,ARACAPE,
54881699000175,AMADEU FURTADO,
54881992000132,MEIRELES,
54883371000198,CRISTO REDENTOR,
54885156000126,ELLERY,
54893601000108,MESSEJANA,
54893892000126,FARIAS BRITO,
54904855000176,MONDUBIM,
54908501000108,JANGURUSSU,
54909547000133,PARREAO,
54909581000108,AEROLANDIA,
54910853000190,CANINDEZINHO,
54918534000120,ENGENHEIRO LUCIANO CAVALCANTE,
54923250000122,DEMOCRITO ROCHA,
54934407000115,PRESIDENTE KENNEDY,GLAYBSON YAGO SOUZA LISBOA
54935190000168,LAGOA REDONDA,
54936167000198,LAGOA REDONDA,
54938619000170,PARREAO,
54938868000166,FLORESTA,
54940889000116,ITAPERI,
54941390000123,SAPIRANGA-COITE,
54942159000154,CENTRO,
54951752000167,PICI,
54952093000183,AEROPORTO,
54954970000155,PREFEITO JOSE WALTER,
54955655000142,JANGURUSSU,
54955721000184,JANGURUSSU,
54960285000131,PARQUE DOIS IRMAOS,
54980275000168,MESSEJANA,
54981268000180,ALTO DA BALANCA,
54981517000138,PASSARE,
54988481000114,PASSARE,
54990109000142,BARRA DO CEARA,
54993921000121,JANGURUSSU,
54999002000165,MOURA BRASIL,
55002241000161,PICI,
55002363000158,CONJUNTO PALMEIRAS,
55003418000144,PASSARE,
55004325000134,VICENTE PINZON,
55005495000133,PARQUE DOIS IRMAOS,
55007871000129,COCO,
55009728000176,BONSUCESSO,
55012043000189,CENTRO,
55013682000169,JARDIM GUANABARA,
55013704000190,MONDUBIM,
55018922000118,PADRE ANDRADE,
55024674000118,CARLITO PAMPLONA,
55029795000152,MUCURIPE,
55030919000110,CIDADE DOS FUNCIONARIOS,
55031202000192,MONTESE,
55043986000179,JOAQUIM TAVORA,MARAYSE ISMARIA PAULA FERNANDES DA SILVA
55044914000146,MEIRELES,
55051761000164,ALTO DA BALANCA,
55052532000164,CANINDEZINHO,
55053871000165,SAPIRANGA-COITE,
55061310000108,VICENTE PINZON,
55061909000141,PICI,
55062198000120,GRANJA PORTUGAL,
55081246000127,BARROSO,
55082712000199,GENIBAU,
55082898000186,ALDEOTA,TAMYRES DOS SANTOS RODRIGUES CARNEIRO
55099736000150,JANGURUSSU,
55100659000101,CAIS DO PORTO,
55101754000120,PARANGABA,
55103932000151,PARANGABA,
55109658000128,MEIRELES,
55109824000196,MONDUBIM,
55112232000123,PARANGABA,
55114103000174,PARQUE DOIS IRMAOS,
55123986000189,CARLITO PAMPLONA,
55124772000127,VILA UNIAO,
55125300000199,GRANJA PORTUGAL,
55125604000156,PASSARE,DANIEL CAVALCANTE NASCIMENTO
55128675000102,FLORESTA,
55138388000183,JOSE DE ALENCAR,
55139271000114,SERRINHA,
55140159000101,PASSARE,
55141650000149,MEIRELES,
55142330000103,GRANJA PORTUGAL,
55142989000160,ITAOCA,
55150603000161,ALDEOTA,CATARINA MARIA CAVALCANTE ROCHA
55154706000108,CARLITO PAMPLONA,
55154992000101,JANGURUSSU,
55156599000149,GRANJA PORTUGAL,
55156854000153,SERRINHA,
55162410000120,PAPICU,
55163305000106,MESSEJANA,
55167417000135,PAPICU,
55177945000175,GRANJA LISBOA,
55180456000172,SIQUEIRA,
55180563000109,PADRE ANDRADE,
55184418000198,PARQUE SANTA ROSA,
55187481000188,GRANJA LISBOA,
55196787000109,PAUPINA,
55200785000138,GRANJA LISBOA,
55208354000118,GRANJA LISBOA,
55209504000108,ITAOCA,
55213594000100,ALDEOTA,
55216871000139,PARQUE SANTA MARIA,
55221727000190,MONDUBIM,
55222056000182,PASSARE,
55225959000117,ALDEOTA,DANILO AZIN PINHEIRO
55226795000142,CONJUNTO CEARA II,
55234333000177,COUTO FERNANDES,
55235217000172,JARDIM CEARENSE,
55237677000130,CENTRO,
55240210000149,ELLERY,
55246114000108,PARQUE DOIS IRMAOS,
55247828000130,BARROSO,
55250913000158,PARQUE DOIS IRMAOS,
55251942000134,VILA VELHA,
55253818000108,ELLERY,
55255489000134,JACARECANGA,
55260496000124,BELA VISTA,
55263418000183,SAPIRANGA-COITE,
55272158000102,PADRE ANDRADE,
55276358000133,GRANJA PORTUGAL,
55276371000192,MESSEJANA,
55276749000158,VICENTE PINZON,
55281967000180,PIRAMBU,
55295710000188,PARANGABA,
55299190000181,MONDUBIM,
55299433000181,BOM JARDIM,
55307217000130,PASSARE,
55308856000110,EDSON QUEIROZ,
55309484000147,PEDRAS,
55312919000102,PARQUE PRESIDENTE VARGAS,
55315051000102,BOM JARDIM,
55319397000170,SERRINHA,
55320464000177,VILA VELHA,
55320952000184,PARQUELANDIA,
55321077000155,JANGURUSSU,
55330075000122,ARACAPE,
55334522000111,BELA VISTA,
55335677000172,VICENTE PINZON,
55337475000160,CIDADE DOS FUNCIONARIOS,RENATO FERREIRA BARROS
55337684000103,JOAQUIM TAVORA,
55338225000144,SAPIRANGA-COITE,
55341258000143,GENIBAU,
55351403000177,CANINDEZINHO,
55353103000127,CONJUNTO CEARA I,
55354800000100,ANCURI,
55354905000151,ITAPERI,
55356325000101,MONDUBIM,
55361145000100,JOQUEI CLUBE,
55361951000188,CIDADE DOS FUNCIONARIOS,
55366583000160,PREFEITO JOSE WALTER,ENIO VIANA DE CARVALHO
55368655000109,DE LOURDES,
55372100000130,MONDUBIM,
55373804000128,PEDRAS,
55395010000165,VILA VELHA,
55398675000122,VILA VELHA,
55399509000140,BENFICA,
55400009000181,MONTE CASTELO,
55400271000126,MESSEJANA,
55401260000160,SAPIRANGA-COITE,
55406807000110,PAPICU,
55412781000113,BONSUCESSO,
55421650000100,JOQUEI CLUBE,
55441889000134,LAGOA REDONDA,
55447774000157,JARDIM DAS OLIVEIRAS,
55448144000105,ENGENHEIRO LUCIANO CAVALCANTE,
55448993000150,BOA VISTA-CASTELAO,
55449939000120,PARQUE SANTA ROSA,
55451882000101,CONJUNTO CEARA I,
55453049000191,BARRA DO CEARA,
55463184000118,PASSARE,
55465349000190,AMADEU FURTADO,JOAO MENELEU GONCALVES DA SILVA
55469017000184,BONSUCESSO,
55475666000198,DEMOCRITO ROCHA,
55476644000142,JANGURUSSU,
55477878000104,QUINTINO CUNHA,
55487671000110,ARACAPE,
55488460000100,CAMBEBA,
55494716000184,PASSARE,
55495794000101,MARAPONGA,
55498848000184,LAGOA REDONDA,
55500179000138,JOQUEI CLUBE,
55500347000195,VILA VELHA,HYGOR DE SOUSA TAVARES
55504293000136,CONJUNTO ESPERANCA,
55507069000106,FATIMA,
55512736000130,PLANALTO AYRTON SENNA,
55519251000179,GRANJA PORTUGAL,
55521227000174,JOSE DE ALENCAR,
55527126000100,QUINTINO CUNHA,
55530013000164,CENTRO,
55537113000112,GRANJA LISBOA,
55541753000104,BONSUCESSO,
55543877000110,VILA VELHA,
55544469000183,CONJUNTO CEARA II,
55546750000155,JOSE DE ALENCAR,
55551903000152,MESSEJANA,
55553231000114,CENTRO,
55553819000178,BOA VISTA-CASTELAO,
55555157000175,SABIAGUABA,
55556919000158,RODOLFO TEOFILO,
55558060000116,PARQUELANDIA,
55564438000194,PEDRAS,
55568531000177,BARROSO,
55575410000152,RODOLFO TEOFILO,
55575455000127,PREFEITO JOSE WALTER,
55575503000187,BONSUCESSO,
55577174000103,CAIS DO PORTO,
55581285000193,VARJOTA,
55583404000147,JANGURUSSU,
55584131000155,CARLITO PAMPLONA,
55585008000159,LAGOA REDONDA,
55585519000170,MONDUBIM,
55589798000140,DAMAS,
55592415000193,MESSEJANA,
55594081000197,VILA VELHA,
55597361000159,AEROLANDIA,
55598444000162,PASSARE,
55601356000172,MONTE CASTELO,
55605772000149,DEMOCRITO ROCHA,
55607307000147,ARACAPE,
55608035000108,LAGOA REDONDA,
55611403000169,JARDIM GUANABARA,
55612039000151,MESSEJANA,
55612770000187,MESSEJANA,
55615266000130,PLANALTO AYRTON SENNA,
55621334000174,CARLITO PAMPLONA,
55631500000113,NOVO MONDUBIM,
55631828000130,LAGOA REDONDA,
55632851000149,PARQUE SANTA MARIA,
55633653000108,PARQUELANDIA,
55638303000126,PASSARE,
55642982000107,BOM JARDIM,
55643465000152,CARLITO PAMPLONA,
55649360000100,HENRIQUE JORGE,
55651866000154,BARRA DO CEARA,
55651958000134,NOVO MONDUBIM,
55653218000137,ALDEOTA,JOAO VICTOR COSTA MONTEIRO DE SOUZA
55656527000160,FLORESTA,
55659113000195,SIQUEIRA,
55659776000100,FLORESTA,
55662981000124,VICENTE PINZON,
55664233000180,CIDADE DOS FUNCIONARIOS,
55671000000105,JARDIM DAS OLIVEIRAS,
55673403000193,VILA VELHA,
55678404000120,JARDIM DAS OLIVEIRAS,
55684764000135,PARQUE SAO JOSE,
55685540000148,VICENTE PINZON,
55690076000188,CRISTO REDENTOR,
55690733000197,CENTRO,
55690778000161,GRANJA LISBOA,
55695913000161,ALVARO WEYNE,
55698809000120,PAUPINA,
55699921000186,PAUPINA,
55701074000147,RACHEL DE QUEIROZ,ERICA ARRUDA DE ALMEIDA
55704723000163,PARQUE SAO JOSE,
55709549000141,MESSEJANA,
55709838000140,ANCURI,
55711403000130,ALDEOTA,
55711882000195,ITAPERI,
55711957000138,CIDADE DOS FUNCIONARIOS,
55712479000180,SIQUEIRA,
55718681000110,PASSARE,
55723466000107,PRESIDENTE KENNEDY,
55734196000130,VILA VELHA,
55735865000198,CONJUNTO CEARA II,
55737260000136,VILA VELHA,
55738627000136,BENFICA,
55741889000150,MANOEL SATIRO,
55745734000191,GRANJA PORTUGAL,
55746462000144,DEMOCRITO ROCHA,
55746707000133,SAPIRANGA-COITE,
55748395000105,PASSARE,
55757429000110,JANGURUSSU,
55757648000107,CAJAZEIRAS,
55761600000164,ALDEOTA,
55763794000137,BOM FUTURO,
55764412000190,SAO BENTO,
55765512000130,PAUPINA,
55766179000184,FLORESTA,
55766973000128,TAUAPE,
55768858000192,SIQUEIRA,
55771818000108,VILA VELHA,
55776870000149,PAPICU,
55777671000155,PREFEITO JOSE WALTER,
55778080000100,SERRINHA,
55779988000120,MESSEJANA,
55787605000166,ALDEOTA,
55793015000146,VILA VELHA,
55795267000104,MESSEJANA,
55796864000153,SIQUEIRA,
55804830000163,SERRINHA,
55808888000185,GRANJA PORTUGAL,
55817882000174,ALDEOTA,MARIA DO SOCORRO SOUZA
55823576000140,AEROLANDIA,
55825524000103,PEDRAS,
55828094000183,ITAPERI,
55828856000141,MONDUBIM,
55832301000173,SERRINHA,
55832938000160,SERRINHA,
55833196000197,JANGURUSSU,
55834005000101,JARDIM DAS OLIVEIRAS,
55841934000148,MARAPONGA,
55842474000172,ALDEOTA,
55844893000143,VILA VELHA,
55849514000108,FATIMA,
55849683000148,PARANGABA,
55850042000103,GENIBAU,
55850601000185,JOAO XXIII,
55851667000190,SERRINHA,
55851871000100,SIQUEIRA,
55852774000132,SIQUEIRA,
55854834000156,PREFEITO JOSE WALTER,
55866902000105,PAPICU,JONATAN IGOR SILVA DAS MERCES
55867581000155,JARDIM DAS OLIVEIRAS,
55871950000183,ALVARO WEYNE,
55876034000136,DIONISIO TORRES,
55876339000148,JOAO XXIII,
55876795000198,PARQUELANDIA,
55877777000120,SIQUEIRA,
55882789000143,SAPIRANGA-COITE,
55883720000134,MONDUBIM,
55891590000181,ANTONIO BEZERRA,
55891826000180,MESSEJANA,
55891962000170,SERRINHA,
55894704000147,ALTO DA BALANCA,
55895032000194,JANGURUSSU,
55895777000153,JANGURUSSU,
55899190000112,ALVARO WEYNE,
55900353000130,ANTONIO BEZERRA,
55904933000103,PLANALTO AYRTON SENNA,
55906014000160,QUINTINO CUNHA,
55911631000154,TAUAPE,
55914616000160,MEIRELES,
55916850000126,SAPIRANGA-COITE,
55919301000105,PREFEITO JOSE WALTER,
55920552000100,ITAPERI,
55922880000145,CONJUNTO PALMEIRAS,
55922921000101,PLANALTO AYRTON SENNA,
55923020000126,BELA VISTA,
55928037000176,CONJUNTO CEARA I,
55932557000152,ARACAPE,
55937802000114,MUCURIPE,RODRIGO DINIZ DE CARVALHO
55938148000163,VICENTE PINZON,
55943266000160,PARQUE SANTA ROSA,
55949631000143,SIQUEIRA,
55952811000184,MONTESE,
55959584000119,VICENTE PINZON,
55959839000143,GRANJA LISBOA,
55960150000139,QUINTINO CUNHA,
55967587000102,BENFICA,
55972736000113,JANGURUSSU,
55973860000101,VILA VELHA,
55975261000119,PREFEITO JOSE WALTER,
55980624000104,PASSARE,
55982929000155,PAUPINA,
55983534000177,MONDUBIM,
55988866000144,TAUAPE,
55989913000174,PASSARE,
55998735000148,QUINTINO CUNHA,
55999034000123,CONJUNTO PALMEIRAS,
56004775000190,JOAQUIM TAVORA,
56005136000149,SERRINHA,
56005685000113,JOQUEI CLUBE,
56010619000131,CENTRO,
56011579000142,BENFICA,
56011781000174,JARDIM GUANABARA,
56014318000186,TAUAPE,
56015710000140,JARDIM GUANABARA,
56029818000191,ALDEOTA,
56032357000106,COACU,
56033993000152,PAPICU,
56034418000174,CAJAZEIRAS,
56036321000109,PARQUELANDIA,
56041610000198,JARDIM DAS OLIVEIRAS,
56042320000169,PLANALTO AYRTON SENNA,
56048609000195,GENIBAU,
56048955000173,JARDIM GUANABARA,
56049722000195,MONDUBIM,
56055335000161,VICENTE PINZON,
56057084000154,SIQUEIRA,
56061794000158,DEMOCRITO ROCHA,
56076396000105,JARDIM DAS OLIVEIRAS,
56077672000150,MESSEJANA,
56079802000193,CARLITO PAMPLONA,
56089130000105,SIQUEIRA,
56100992000183,CAMBEBA,
56103032000177,JOQUEI CLUBE,
56104560000140,MONDUBIM,
56106477000100,BOM JARDIM,
56108122000150,HENRIQUE JORGE,
56108183000118,ELLERY,
56113630000127,PRAIA DE IRACEMA,
56113738000110,GRANJA LISBOA,
56115950000116,MESSEJANA,
56116697000115,AUTRAN NUNES,
56120101000150,PARQUE MANIBURA,
56124452000130,JARDIM IRACEMA,
56126310000101,OLAVO OLIVEIRA,
56127023000116,MARAPONGA,
56129048000159,BARRA DO CEARA,
56129662000110,JOQUEI CLUBE,
56131560000130,GENIBAU,LUCAS BARBOSA MARTINS
56135210000141,CIDADE DOS FUNCIONARIOS,
56137049000145,PARQUELANDIA,
56147232000121,PLANALTO AYRTON SENNA,
56155164000142,BARRA DO CEARA,
56157773000130,MONDUBIM,
56158147000169,GUARARAPES,ERICK FERREIRA MONTEIRO
56161186000115,PRESIDENTE KENNEDY,
56162838000136,DIONISIO TORRES,
56167207000100,JARDIM DAS OLIVEIRAS,
56167884000128,CAIS DO PORTO,
56172342000143,PRAIA DO FUTURO II,
56174551000126,PARQUE DOIS IRMAOS,
56184801000109,DIAS MACEDO,
56185293000183,PLANALTO AYRTON SENNA,
56186360000184,BARROSO,
56190111000162,SERRINHA,
56198549000197,PRESIDENTE KENNEDY,
56200296000149,JANGURUSSU,
56211864000107,JOSE DE ALENCAR,
56218606000152,OLAVO OLIVEIRA,
56225074000180,PREFEITO JOSE WALTER,
56229284000147,SERRINHA,
56238007000109,VILA PERI,
56248327000131,JARDIM DAS OLIVEIRAS,
56258525000186,VICENTE PINZON,
56258919000134,PARQUE PRESIDENTE VARGAS,
56264398000128,BENFICA,
56266555000134,BOM FUTURO,
56267986000115,BARRA DO CEARA,
56283196000123,HENRIQUE JORGE,
56284382000187,QUINTINO CUNHA,
56296039000152,PARANGABA,
56298983000149,AUTRAN NUNES,
56298988000171,PADRE ANDRADE,
56300283000141,MONTESE,
56304096000136,EDSON QUEIROZ,
56304791000106,VILA UNIAO,
56335660000188,PREFEITO JOSE WALTER,
56342741000105,VILA VELHA,
56345161000171,VICENTE PINZON,
56345466000183,HENRIQUE JORGE,
56345962000137,CONJUNTO PALMEIRAS,
56346230000161,BELA VISTA,
56364767000154,BARRA DO CEARA,
56378195000162,BARRA DO CEARA,
56386932000179,PRAIA DO FUTURO II,
56389824000150,VILA VELHA,
56390942000188,OLAVO OLIVEIRA,
56412389000137,CRISTO REDENTOR,
56412582000178,JOSE BONIFACIO,
56414232000140,PLANALTO AYRTON SENNA,
56414805000136,CONJUNTO PALMEIRAS,
56416404000115,PASSARE,
56419250000115,ALTO DA BALANCA,JOSE WILSON DANTAS DA SILVA FILHO
56423558000134,GENIBAU,EDIMARA CLISSE CABRAL PEREIRA
56424452000155,OLAVO OLIVEIRA,
56424875000175,JOAO XXIII,
56426725000109,SIQUEIRA,
56430834000191,CARLITO PAMPLONA,
56434555000104,LAGOA REDONDA,
56434972000149,CANINDEZINHO,
56435438000157,PREFEITO JOSE WALTER,
56435945000190,VILA VELHA,
56436525000129,VILA VELHA,
56439556000133,PREFEITO JOSE WALTER,
56441886000163,MONTE CASTELO,
56481066000103,MONDUBIM,
56481543000122,CAIS DO PORTO,
56608743000101,MEIRELES,
56616609000144,VILA VELHA,
56634367000111,CONJUNTO PALMEIRAS,
56636864000159,VILA VELHA,
56658595000121,PICI,
56661305000107,PLANALTO AYRTON SENNA,
56662354000156,PAUPINA,
56682202000115,DEMOCRITO ROCHA,
56687400000171,SERRINHA,
56689848000124,PARQUE MANIBURA,MARIA CRISTIANE DO PRADO DANTAS
56690552000123,SERRINHA,WILLIAN FIRMINO PEREIRA
56702934000120,ANTONIO BEZERRA,
56704170000101,PARQUE PRESIDENTE VARGAS,
56706791000124,CAJAZEIRAS,
56747718000109,BARRA DO CEARA,
56877629000179,VARJOTA,
56884010000191,VILA UNIAO,
56884447000125,PASSARE,
56884631000175,ALDEOTA,
56886908000107,VILA VELHA,
56887068000199,VILA VELHA,
56889825000163,CENTRO,
56890891000153,VILA VELHA,
56894958000128,JACARECANGA,
56894997000125,CONJUNTO CEARA II,
56895425000160,VILA VELHA,
56902036000115,JARDIM GUANABARA,
56906169000160,PRAIA DO FUTURO I,
56908716000146,COACU,
56909438000141,JANGURUSSU,
56915791000134,CANINDEZINHO,
56916826000150,PREFEITO JOSE WALTER,
56919017000100,SAPIRANGA-COITE,
56923372000144,SIQUEIRA,
56924110000102,BOA VISTA-CASTELAO,
56927016000107,BOM JARDIM,
56932381000100,PRAIA DE IRACEMA,
56939284000130,SERRINHA,
56947285000127,VILA VELHA,
56949523000133,PAPICU,
56955740000136,VILA VELHA,
56956457000129,ALVARO WEYNE,
56956547000110,CONJUNTO CEARA II,
56960913000104,JARDIM DAS OLIVEIRAS,
56963089000146,PREFEITO JOSE WALTER,
56963528000110,BARROSO,
56966988000100,SAO GERARDO,
56967663000134,ALDEOTA,
56967736000198,SIQUEIRA,
56969233000151,SIQUEIRA,
56972289000165,GRANJA LISBOA,
56976003000110,PARQUE SANTA ROSA,
56976308000121,SABIAGUABA,
56976746000190,CONJUNTO CEARA II,
56977308000146,JARDIM IRACEMA,
56983762000100,CRISTO REDENTOR,
56984256000135,NOVO MONDUBIM,
56985284000177,MARAPONGA,
56996706000100,VILA VELHA,
57000834000114,ARACAPE,
57004952000109,LAGOA REDONDA,
57006567000192,VILA VELHA,
57009872000138,RODOLFO TEOFILO,
57009937000145,VILA VELHA,
57011408000186,CARLITO PAMPLONA,
57013169000101,QUINTINO CUNHA,
57015507000136,VILA VELHA,
57019877000141,COACU,
57020875000172,VILA VELHA,
57022366000189,JANGURUSSU,
57027878000138,JARDIM DAS OLIVEIRAS,
57029011000111,PLANALTO AYRTON SENNA,
57030237000132,PICI,
57032786000146,CARLITO PAMPLONA,
57033811000106,SIQUEIRA,
57034588000111,ALDEOTA,
57034731000175,BARROSO,
57035047000108,PASSARE,
57037792000196,OLAVO OLIVEIRA,
57041158000127,PEDRAS,
57044110000172,MARAPONGA,
57045349000167,DIAS MACEDO,
57049477000189,CAIS DO PORTO,
57050665000127,PRESIDENTE KENNEDY,
57052414000181,MONDUBIM,THALLYTIANA CAMPINA BEZERRA
57053034000161,GRANJA LISBOA,
57054487000102,PARQUELANDIA,
57057305000157,MESSEJANA,
57062212000110,SIQUEIRA,
57068854000127,CENTRO,
57070065000120,CENTRO,
57070290000167,PAPICU,
57071671000160,JARDIM GUANABARA,
57071761000151,VILA VELHA,
57074277000186,ANTONIO BEZERRA,
57076932000135,CANINDEZINHO,
57079920000164,ANTONIO BEZERRA,
57080886000148,PLANALTO AYRTON SENNA,
57080924000162,MARAPONGA,JOSE DOS SANTOS LIMA
57083323000103,MONDUBIM,
57084807000177,CONJUNTO CEARA II,
57085526000139,GENIBAU,
57085874000106,TAUAPE,
57086893000157,BARRA DO CEARA,
57089265000125,CANINDEZINHO,
57095133000106,SIQUEIRA,
57096654000188,BARRA DO CEARA,
57101882000107,AUTRAN NUNES,
57110034000156,AUTRAN NUNES,
57115558000130,MUCURIPE,
57132794000164,MUCURIPE,
57141702000102,VILA VELHA,
57144923000134,JARDIM DAS OLIVEIRAS,
57147687000100,BOM JARDIM,
57150188000171,ITAPERI,
57153234000196,PARQUE DOIS IRMAOS,
57153534000175,PLANALTO AYRTON SENNA,
57153745000108,JACARECANGA,
57156113000106,GENIBAU,
57160853000108,ARACAPE,
57162541000133,GENIBAU,
57172111000100,PREFEITO JOSE WALTER,
57173261000120,CAMBEBA,ANA BEATRIZ OLIVEIRA NOBREGA DA FONTE
57174525000160,ALVARO WEYNE,
57174570000115,PASSARE,
57175188000126,AUTRAN NUNES,
57179116000157,BOA VISTA / CASTELAO,PABLO AUGUSTO PEREIRA PIRES
57181303000175,CARLITO PAMPLONA,
57182997000165,MEIRELES,SILVANA CAVALCANTE MAGALHAES
57193403000111,SIQUEIRA,
57197859000150,SAPIRANGA-COITE,
57210532000170,SIQUEIRA,
57212996000116,CONJUNTO CEARA II,
57214582000126,JOSE DE ALENCAR,
57215641000180,MESSEJANA,
57217532000100,PARREAO,ELIZABETH PEREIRA BATISTA
57217921000128,PRAIA DO FUTURO II,
57224520000103,BARROSO,
57228523000107,JARDIM DAS OLIVEIRAS,
57228544000122,SERRINHA,
57236567000189,BOA VISTA-CASTELAO,
57241908000104,VILA VELHA,
57242253000199,ALVARO WEYNE,
57243358000162,JANGURUSSU,
57247663000122,MONDUBIM,
57248983000105,PREFEITO JOSE WALTER,
57249018000149,ITAOCA,
57256777000139,PREFEITO JOSE WALTER,
57257204000120,ANTONIO BEZERRA,
57257619000101,FATIMA,CLARISSA FERREIRA LOBO
57258083000130,ELLERY,
57259276000106,DIAS MACEDO,
57259990000102,JARDIM CEARENSE,
57261866000173,SERRINHA,
57262225000133,PARQUE DOIS IRMAOS,
57263678000184,FLORESTA,
57267799000102,PARQUE DOIS IRMAOS,
57268407000111,CENTRO,
57270106000122,MANUEL DIAS BRANCO,
57278836000170,PARQUE DOIS IRMAOS,
57278883000113,PICI,
57278995000174,DIONISIO TORRES,
57282019000195,GENIBAU,
57282033000199,SERRINHA,
57283234000100,BARRA DO CEARA,
57287003000175,OLAVO OLIVEIRA,
57289484000158,BOM JARDIM,
57297786000178,CONJUNTO PALMEIRAS,
57297978000184,DIAS MACEDO,
57298659000193,BOM FUTURO,
57309995000194,GENIBAU,
57316197000190,EDSON QUEIROZ,
57318036000135,SAPIRANGA-COITE,
57319103000136,CENTRO,
57324140000132,TAUAPE,
57327802000128,CONJUNTO PALMEIRAS,
57329685000131,JARDIM GUANABARA,
57333133000105,SIQUEIRA,
57333448000144,BARRA DO CEARA,
57333474000172,JANGURUSSU,
57337864000110,GUARARAPES,
57338986000121,GUARARAPES,
57339262000100,DEMOCRITO ROCHA,
57339296000197,GRANJA LISBOA,
57340250000198,GUARARAPES,
57342519000175,CONJUNTO CEARA II,
57343982000131,GUARARAPES,
57345137000103,GENIBAU,
57350668000186,PARQUE PRESIDENTE VARGAS,
57352588000160,AEROLANDIA,
57353283000172,GRANJA PORTUGAL,
57357703000199,PARQUE DOIS IRMAOS,
57359907000169,PARQUE PRESIDENTE VARGAS,
57359961000104,PREFEITO JOSE WALTER,
57372886000111,PARREAO,
57378181000101,BARROSO,
57383417000106,PASSARE,
57384269000136,PARQUE PRESIDENTE VARGAS,
57389289000108,CARLITO PAMPLONA,
57394950000165,MOURA BRASIL,
57399053000144,MESSEJANA,
57401537000180,ARACAPE,
57401546000171,MONDUBIM,
57401587000168,SIQUEIRA,
57404652000109,CAIS DO PORTO,
57405006000166,PASSARE,
57408431000109,ALDEOTA,
57408964000190,BELA VISTA,
57413880000145,SIQUEIRA,
57414723000154,ALDEOTA,
57416545000109,RODOLFO TEOFILO,
57419635000145,BELA VISTA,
57420039000185,DIONISIO TORRES,LAIS MONTEIRO CONRADO UCHOA
57421792000195,PASSARE,
57422178000148,PRAIA DE IRACEMA,
57423384000172,ALDEOTA,
57429933000116,ALDEOTA,
57430214000115,JANGURUSSU,
57431227000109,GENIBAU,
57433635000108,PARQUE PRESIDENTE VARGAS,
57436323000140,ALDEOTA,DAVI MOREIRA PINTO CUNHA
57436496000168,MONDUBIM,
57441499000190,ITAOCA,
57441583000103,MONDUBIM,
57450997000107,JANGURUSSU,
57451067000160,AEROPORTO,
57467420000108,CONJUNTO PALMEIRAS,
57468859000147,JOAQUIM TAVORA,
57471182000104,PASSARE,
57474160000190,PRAIA DE IRACEMA,
57484076000157,VICENTE PINZON,
57485520000159,JARDIM IRACEMA,
57485932000199,SAPIRANGA-COITE,
57487102000109,JARDIM DAS OLIVEIRAS,
57488477000185,GUARARAPES,
57494010000148,VILA VELHA,
57494201000100,SIQUEIRA,
57495708000188,TAUAPE,
57495864000149,VARJOTA,
57497622000194,ELLERY,
57500351000189,SIQUEIRA,
57500592000128,ANTONIO BEZERRA,
57504867000100,MONDUBIM,
57505249000176,CURIO,
57511142000130,CURIO,
57512887000114,CENTRO,
57514618000197,BOA VISTA-CASTELAO,
57516334000130,CENTRO,
57518500000137,VILA VELHA,
57518751000111,JOAO XXIII,
57527914000122,DAMAS,
57529183000154,ALDEOTA,PAULA APARECIDA FERREIRA DE SOUSA
57530769000139,BONSUCESSO,
57531380000108,CENTRO,
57537272000142,JOAQUIM TAVORA,
57542414000160,PRAIA DE IRACEMA,
57543528000124,MONTESE,
57543699000153,MEIRELES,
57543865000111,MONTE CASTELO,
57546842000160,MEIRELES,
57548514000101,BARRA DO CEARA,
57549887000199,PAPICU,
57550880000197,JANGURUSSU,
57564699000130,CIDADE DOS FUNCIONARIOS,ISRAEL LEAL BANDEIRA NETO
57565015000114,RODOLFO TEOFILO,
57568688000128,DIONISIO TORRES,ISRAEL LEAL BANDEIRA NETO
57577545000182,SIQUEIRA,
57580101000104,DAMAS,
57584441000103,GRANJA PORTUGAL,
57593134000180,CENTRO,DANILO DA SILVA OLIVEIRA
57593148000102,VILA VELHA,
57598059000140,CAMBEBA,IANE MAYARA DA SILVA GALVAO
57603660000184,MONTESE,
57603880000108,AUTRAN NUNES,
57606848000186,GRANJA PORTUGAL,
57620521000169,PRESIDENTE KENNEDY,
57620968000138,BOM JARDIM,
57621431000192,SIQUEIRA,
57625421000125,BONSUCESSO,
57627032000139,CAJAZEIRAS,
57627128000105,CANINDEZINHO,
57627683000129,CONJUNTO CEARA I,
57629739000184,QUINTINO CUNHA,ISABEL MARIA RIBEIRO DE SOUSA
57630997000180,PREFEITO JOSE WALTER,
57634652000103,JACARECANGA,
57635919000179,PAUPINA,
57637006000191,MESSEJANA,
57638253000102,LAGOA REDONDA,
57640010000109,BARRA DO CEARA,
57642398000187,SALINAS,
57643684000167,PICI,
57644216000107,VICENTE PINZON,
57645462000183,AUTRAN NUNES,
57646284000105,SABIAGUABA,
57647177000100,GENIBAU,
57648981000103,PIRAMBU,
57648991000130,PARQUE DOIS IRMAOS,
57650622000182,SIQUEIRA,
57651516000113,JACARECANGA,
57655469000186,FLORESTA,
57660543000152,JARDIM GUANABARA,
57662073000166,DOM LUSTOSA,
57662940000163,PLANALTO AYRTON SENNA,
57665874000185,SAO BENTO,
57672679000182,VILA UNIAO,
57681954000124,VICENTE PINZON,
57688027000136,HENRIQUE JORGE,
57692704000190,SAPIRANGA-COITE,
57695179000166,VILA PERI,
57695669000162,GRANJA PORTUGAL,
57700637000108,PLANALTO AYRTON SENNA,
57701486000102,PARANGABA,
57703031000126,ITAPERI,
57706998000161,GRANJA LISBOA,
57707448000167,DAMAS,
57709033000122,VILA VELHA,EDLENE SALES DE PAULA
57709604000129,ENGENHEIRO LUCIANO CAVALCANTE,ISABELLY SANTIAGO CARVALHO DE OLIVEIRA
57711494000130,CONJUNTO PALMEIRAS,
57715911000112,JANGURUSSU,
57718646000126,PRESIDENTE KENNEDY,JESSIKA PIERRI DOS SANTOS
57720326000100,VILA PERI,
57722283000100,JANGURUSSU,
57725570000166,VILA VELHA,
57727461000188,OLAVO OLIVEIRA,
57730333000193,PARQUE SAO JOSE,
57731597000161,MUCURIPE,
57733813000108,JANGURUSSU,
57733975000146,JANGURUSSU,
57734115000127,PICI,
57736584000185,PARQUE PRESIDENTE VARGAS,
57738123000141,PARQUELANDIA,
57738133000187,JANGURUSSU,
57738649000121,CONJUNTO ESPERANCA,
57741048000178,ALDEOTA,
57743956000109,CRISTO REDENTOR,
57744726000156,PARQUE SANTA ROSA,
57745932000180,JARDIM IRACEMA,
57747423000197,ALDEOTA,HILMERSON PEREIRA DA SILVA
57753260000155,PASSARE,
57753937000155,QUINTINO CUNHA,
57755972000103,SIQUEIRA,
57758879000152,CAJAZEIRAS,
57760251000191,EDSON QUEIROZ,
57765271000155,QUINTINO CUNHA,
57776337000102,ALDEOTA,JOAO PAULO DANIEL BORGES PINHEIRO
57782226000109,CRISTO REDENTOR,
57783322000171,MESSEJANA,
57788073000107,CONJUNTO CEARA I,
57791381000191,ALDEOTA,MARIA DA CONCEICAO DE MACEDO MATOS
57792050000176,QUINTINO CUNHA,
57793064000104,CIDADE DOS FUNCIONARIOS,
57799641000175,ALDEOTA,JUAN ANTONIO FRAILE GOMEZ
57802550000141,BOM JARDIM,
57806573000124,PEDRAS,
57806830000128,MARAPONGA,TARCIO DE OLIVEIRA MAIA
57807127000134,MONDUBIM,
57808819000105,BARRA DO CEARA,
57818024000170,MARAPONGA,
57820760000162,JARDIM IRACEMA,
57821249000185,GRANJA LISBOA,
57821750000141,BARRA DO CEARA,
57821856000145,CONJUNTO ESPERANCA,
57823687000182,COUTO FERNANDES,
57824140000100,AUTRAN NUNES,
57824830000150,JARDIM CEARENSE,
57825243000186,MONTE CASTELO,
57832606000100,DEMOCRITO ROCHA,
57839012000121,BONSUCESSO,
57843049000123,BOM JARDIM,
57848476000102,GRANJA LISBOA,
57848502000194,ALDEOTA,
57853825000176,MANOEL SATIRO,
57855763000131,PAUPINA,
57856185000158,JARDIM CEARENSE,
57859441000160,GRANJA LISBOA,
57862524000109,ANCURI,
57862956000110,ARACAPE,
57863497000199,SAPIRANGA-COITE,
57884345000172,MESSEJANA,
57893966000112,DIONISIO TORRES,
57898121000110,JARDIM GUANABARA,
57898813000168,DIONISIO TORRES,GIANCARLO SEVERI
57899894000110,BOM JARDIM,
57902473000100,JOQUEI CLUBE,
57903488000184,VILA VELHA,
57908230000170,EDSON QUEIROZ,
57911151000119,ALDEOTA,JOHNATAN ALISSON DE OLIVEIRA SOUSA
57922354000100,SAPIRANGA / COITE,REIDENY DOS SANTOS RODRIGUES
57923795000127,MONDUBIM,AMAIRLA TEIXEIRA SOUZA VIEIRA
57924160000144,DEMOCRITO ROCHA,
57925618000180,SABIAGUABA,
57927762000155,VILA UNIAO,
57930898000114,PREFEITO JOSE WALTER,
57939840000131,JOAO XXIII,
57941035000142,SAPIRANGA-COITE,
57941039000120,CENTRO,
57941082000196,JOQUEI CLUBE,
57945276000160,PREFEITO JOSE WALTER,
57956327000159,PARANGABA,
57959139000184,ANTONIO BEZERRA,
57963505000179,CANINDEZINHO,
57968913000113,PAUPINA,
57973009000104,SIQUEIRA,
57975033000174,MEIRELES,
57975431000190,SERRINHA,
57976080000132,MANOEL SATIRO,
57977612000156,JOAQUIM TAVORA,
57985073000105,VICENTE PINZON,
57985242000107,HENRIQUE JORGE,
57987880000159,GRANJA PORTUGAL,
57988705000186,ALTO DA BALANCA,
57989653000162,GRANJA PORTUGAL,
57991914000189,BOA VISTA-CASTELAO,
57993080000140,ITAPERI,
57993374000172,ALVARO WEYNE,
57993732000147,BARRA DO CEARA,
57997466000120,VICENTE PINZON,
57997730000126,BELA VISTA,
57997758000163,GENIBAU,
57998255000102,VILA VELHA,
57998724000193,JOQUEI CLUBE,
57999841000171,BOA VISTA / CASTELAO,ALICE GUIMARAES DA SILVA
58009331000172,BOM JARDIM,
58009956000134,GENIBAU,
58012331000121,BARRA DO CEARA,
58012812000137,MONDUBIM,
58014588000112,PANAMERICANO,
58017250000114,BOA VISTA-CASTELAO,
58018034000193,BOM JARDIM,
58020925000184,QUINTINO CUNHA,
58022777000137,ANCURI,
58036142000199,GRANJA LISBOA,
58036320000181,CIDADE 2000,
58047293000142,CAJAZEIRAS,
58049381000183,DIONISIO TORRES,LADY MARIANA SALES AMARAL
58062041000192,BOM JARDIM,
58062147000196,MESSEJANA,
58062259000147,CONJUNTO PALMEIRAS,
58062521000153,BARROSO,
58075606000176,MESSEJANA,
58077704000142,CARLITO PAMPLONA,
58081460000171,CONJUNTO CEARA II,
58089695000100,CIDADE DOS FUNCIONARIOS,
58091970000120,PARQUE SAO JOSE,
58095411000198,MONTE CASTELO,
58104403000160,ANTONIO BEZERRA,
58107344000184,QUINTINO CUNHA,
58110855000155,MONDUBIM,
58115004000103,ALDEOTA,
58120757000107,JACARECANGA,
58125325000180,SAPIRANGA-COITE,
58125989000140,JACARECANGA,
58129866000187,JANGURUSSU,
58129904000100,JANGURUSSU,
58134324000100,CENTRO,
58138398000107,GRANJA PORTUGAL,
58138574000100,CENTRO,
58140710000105,MOURA BRASIL,
58149107000186,MONDUBIM,
58151710000100,JACARECANGA,
58152983000161,JACARECANGA,
58158581000174,JACARECANGA,
58161573000187,ALVARO WEYNE,
58162043000153,SAO GERARDO,
58165657000199,LAGOA REDONDA,
58165833000192,CONJUNTO CEARA I,
58166403000195,JARDIM DAS OLIVEIRAS,
58168698000139,CENTRO,LARA MARTINS SAMPAIO MARQUES
58172417000111,MESSEJANA,
58173875000175,TAUAPE,
58175336000175,JARDIM DAS OLIVEIRAS,
58177412000181,PASSARE,
58181357000101,ALDEOTA,
58182386000180,BARRA DO CEARA,
58191934000138,GRANJA PORTUGAL,
58192029000100,CONJUNTO CEARA I,
58195052000140,CARLITO PAMPLONA,
58196091000162,GENIBAU,
58200956000117,GENIBAU,
58202478000184,SIQUEIRA,
58203030000185,JARDIM GUANABARA,
58203349000100,JACARECANGA,
58204096000190,MOURA BRASIL,
58204511000105,SIQUEIRA,
58206969000101,FARIAS BRITO,
58209429000173,PRESIDENTE KENNEDY,
58215596000127,PARREAO,TAINARA OLIVEIRA DE LIMA
58223210000129,CAMBEBA,
58224581000125,FLORESTA,
58226797000120,VILA VELHA,
58231410000123,ARACAPE,
58233144000178,ELLERY,
58244846000157,MONTESE,
58253449000141,CIDADE DOS FUNCIONARIOS,
58256825000151,BONSUCESSO,
58259917000195,CARLITO PAMPLONA,
58261557000166,SIQUEIRA,
58263110000126,BARRA DO CEARA,
58268597000130,FLORESTA,
58269510000149,EDSON QUEIROZ,
58273763000196,JOAQUIM TAVORA,
58273904000170,CIDADE 2000,
58275813000174,PICI,
58276499000144,ARACAPE,
58276880000103,VICENTE PINZON,
58277403000162,PEDRAS,
58277991000134,PRAIA DO FUTURO II,
58293826000176,PASSARE,
58294325000104,BENFICA,
58299861000100,CANINDEZINHO,
58302096000122,MANUEL DIAS BRANCO,
58305488000145,CONJUNTO CEARA I,
58307781000141,BOM JARDIM,
58307852000106,SABIAGUABA,
58311902000129,JARDIM CEARENSE,
58312467000157,ANTONIO BEZERRA,
58319019000185,JANGURUSSU,
58321025000177,SAO BENTO,
58326223000123,PREFEITO JOSE WALTER,
58326498000167,CONJUNTO PALMEIRAS,
58326986000174,JARDIM IRACEMA,
58329486000196,SALINAS,
58331961000169,FATIMA,
58332540000152,MONTESE,CICERA DE SOUSA
58335314000125,JARDIM DAS OLIVEIRAS,
58337181000126,ITAPERI,
58337227000107,PARQUE DOIS IRMAOS,
58341946000100,CONJUNTO CEARA I,
58342662000120,PARQUE SANTA ROSA,
58344370000126,PIRAMBU,
58344373000160,HENRIQUE JORGE,
58348714000175,BOM JARDIM,
58349624000107,TAUAPE,
58351085000132,GRANJA LISBOA,
58351217000126,JOSE BONIFACIO,
58353515000155,CONJUNTO PALMEIRAS,
58355357000172,ALTO DA BALANCA,
58356785000110,CANINDEZINHO,
58357804000122,MANOEL SATIRO,
58358718000134,VILA UNIAO,
58362672000127,BOM JARDIM,
58368610000122,SERRINHA,
58368735000152,PREFEITO JOSE WALTER,
58369348000130,AEROPORTO,
58369459000147,PRESIDENTE KENNEDY,
58373381000134,PICI,
58377087000109,EDSON QUEIROZ,PABLO LUAN LOPES RIBEIRO DOS SANTOS
58377428000138,GENIBAU,
58377665000107,EDSON QUEIROZ,
58378734000199,ARACAPE,
58382077000153,CAMBEBA,
58382160000122,CAMBEBA,
58383211000130,AEROLANDIA,
58383213000120,JOQUEI CLUBE,
58390842000187,BOM JARDIM,
58391033000190,MESSEJANA,
58393138000188,FLORESTA,
58395472000170,ITAPERI,
58401329000144,MONDUBIM,
58401782000150,CONJUNTO PALMEIRAS,
58409415000101,ITAOCA,
58413631000112,SERRINHA,
58415151000190,VILA VELHA,
58420958000111,CONJUNTO ESPERANCA,
58425714000121,SIQUEIRA,
58431091000108,FLORESTA,
58431472000189,SAPIRANGA-COITE,
58438066000148,EDSON QUEIROZ,
58438077000128,BARRA DO CEARA,
58449530000100,SAPIRANGA-COITE,
58450324000101,VILA UNIAO,
58453704000108,EDSON QUEIROZ,
58454980000182,FLORESTA,
58457936000126,ITAOCA,
58460527000189,AUTRAN NUNES,
58460600000112,BARRA DO CEARA,
58462021000109,BARRA DO CEARA,
58462091000167,PIRAMBU,
58463154000108,PASSARE,
58464659000189,BARRA DO CEARA,
58466581000131,JARDIM DAS OLIVEIRAS,
58466733000104,ALDEOTA,
58474391000166,GRANJA LISBOA,
58476232000109,OLAVO OLIVEIRA,
58478105000130,JANGURUSSU,
58479610000108,PICI,
58491098000107,PARANGABA,
58497733000163,SAPIRANGA-COITE,
58497765000169,MANUEL DIAS BRANCO,
58504589000145,GRANJA PORTUGAL,
58506258000144,BOM JARDIM,
58516563000117,JOAQUIM TAVORA,
58519428000125,PREFEITO JOSE WALTER,
58522631000150,CURIO,
58523193000145,BOM JARDIM,
58523250000196,BOM JARDIM,
58524312000184,CENTRO,
58525284000110,GUAJERU,
58529973000100,BARROSO,
58532294000182,MUCURIPE,
58535718000162,CARLITO PAMPLONA,
58537459000109,CONJUNTO CEARA I,
58542177000108,MESSEJANA,
58542711000178,PASSARE,
58545215000178,CIDADE 2000,
58546834000187,MONTESE,
58550358000178,VICENTE PINZON,
58551686000199,CANINDEZINHO,
58556610000156,CENTRO,
58558732000181,DIONISIO TORRES,
58564784000160,SIQUEIRA,
58570860000140,MONDUBIM,
58572529000160,AEROPORTO,
58573086000121,BARRA DO CEARA,
58574036000169,BARRA DO CEARA,
58574554000182,QUINTINO CUNHA,
58575565000187,AEROPORTO,
58577783000150,AEROPORTO,
58595064000162,PARQUE DOIS IRMAOS,
58603222000189,GUARARAPES,
58603918000105,MONTESE,
58604611000129,MONTESE,
58606788000164,GRANJA LISBOA,
58611395000149,CONJUNTO CEARA II,
58612298000170,FLORESTA,
58612323000116,PAUPINA,
58619182000163,JACARECANGA,
58621063000145,AEROLANDIA,
58623264000181,MONTESE,
58624817000110,JARDIM DAS OLIVEIRAS,
58626488000147,PARQUE ARAXA,
58629038000108,BOM JARDIM,
58632198000106,AUTRAN NUNES,
58632959000120,BENFICA,
58639639000100,JOSE DE ALENCAR,
58640553000199,PARQUE DOIS IRMAOS,
58643708000140,JANGURUSSU,
58644729000180,SAPIRANGA-COITE,
58646844000194,BARRA DO CEARA,
58647628000163,JARDIM DAS OLIVEIRAS,
58648396000168,ANCURI,
58648511000102,MESSEJANA,
58650669000109,MEIRELES,
58653948000126,ENGENHEIRO LUCIANO CAVALCANTE,
58659334000151,MUCURIPE,
58659816000101,JARDIM IRACEMA,
58664437000100,JANGURUSSU,
58664768000140,CONJUNTO CEARA II,
58669206000199,FLORESTA,
58669213000190,AUTRAN NUNES,
58670119000151,SERRINHA,
58672042000159,RACHEL DE QUEIROZ,
58675156000152,VICENTE PINZON,
58677751000127,GRANJA PORTUGAL,
58679178000190,GUARARAPES,
58679586000142,ALDEOTA,
58681794000186,CANINDEZINHO,
58682514000154,CARLITO PAMPLONA,
58687887000118,OLAVO OLIVEIRA,
58688828000164,PARQUE PRESIDENTE VARGAS,
58690482000139,PIRAMBU,
58691808000142,VARJOTA,
58694235000100,COUTO FERNANDES,
58696765000198,CRISTO REDENTOR,
58696877000149,CENTRO,
58702227000169,HENRIQUE JORGE,
58702344000122,SERRINHA,
58702835000173,ALDEOTA,
58705759000150,JANGURUSSU,
58712582000119,FATIMA,
58712982000124,PLANALTO AYRTON SENNA,
58715857000178,BONSUCESSO,
58717693000118,PLANALTO AYRTON SENNA,
58718777000176,OLAVO OLIVEIRA,
58720411000131,CAIS DO PORTO,
58724372000140,DIONISIO TORRES,ANA PAULA ALVES DE OLIVEIRA
58724475000100,NOVO MONDUBIM,
58730942000105,DAMAS,
58732838000150,FATIMA,
58733998000113,MESSEJANA,
58735676000103,PREFEITO JOSE WALTER,
58737384000100,PLANALTO AYRTON SENNA,
58739737000100,GRANJA LISBOA,
58739963000191,BOA VISTA-CASTELAO,
58741650000178,AUTRAN NUNES,
58741879000102,ITAPERI,
58743698000115,ALDEOTA,
58745673000150,GUAJERU,
58746137000170,JOAO XXIII,
58746327000197,MEIRELES,
58747225000196,PASSARE,
58748622000182,VICENTE PINZON,
58750975000117,JANGURUSSU,
58751282000149,ANTONIO BEZERRA,RICARDO DIEGO DA SILVA RIVERA
58752735000151,TAUAPE,
58753769000160,ALTO DA BALANCA,
58754538000171,CENTRO,
58754915000172,TAUAPE,
58755056000136,CANINDEZINHO,
58757833000181,ALDEOTA,
58760813000160,CARLITO PAMPLONA,
58760995000179,PARANGABA,
58762682000150,BARRA DO CEARA,
58763636000175,DEMOCRITO ROCHA,
58769364000110,JOAQUIM TAVORA,
58772375000150,ITAPERI,
58773450000105,SERRINHA,
58776065000103,FLORESTA,
58776368000126,CIDADE DOS FUNCIONARIOS,
58776405000104,COCO,
58778534000123,DIONISIO TORRES,
58781135000111,HENRIQUE JORGE,
58782711000145,PARQUE SANTA MARIA,
58787908000177,CAIS DO PORTO,
58790639000106,SIQUEIRA,
58791312000140,PREFEITO JOSE WALTER,
58794137000145,JOAQUIM TAVORA,
58794224000100,PASSARE,
58795017000162,AEROPORTO,
58795206000135,MANOEL SATIRO,
58797021000160,AUTRAN NUNES,
58798540000142,MONDUBIM,
58799074000110,FLORESTA,
58799647000105,CAIS DO PORTO,
58802795000131,JARDIM CEARENSE,
58802993000103,PAUPINA,
58808167000163,MESSEJANA,
58819594000147,ENGENHEIRO LUCIANO CAVALCANTE,
58820018000110,JOAO XXIII,
58820669000100,PRAIA DO FUTURO II,
58822936000188,PAPICU,
58825186000106,BARRA DO CEARA,
58825559000130,PARANGABA,GABRIEL MARLEY ROCHA DA SILVA
58825749000158,BARRA DO CEARA,
58833825000177,BARRA DO CEARA,
58836122000100,PARQUE SANTA MARIA,
58836606000141,PARQUE IRACEMA,
58838714000153,GRANJA LISBOA,
58844379000104,GRANJA LISBOA,
58846275000120,PARQUE SANTA ROSA,
58847464000118,BARRA DO CEARA,
58848823000151,VICENTE PINZON,
58850569000126,JARDIM IRACEMA,
58852059000198,PARQUE PRESIDENTE VARGAS,
58852316000191,JANGURUSSU,
58854008000103,CENTRO,
58859529000145,CIDADE 2000,
58860890000191,MARAPONGA,
58877571000199,SABIAGUABA,
58878371000150,JOSE BONIFACIO,CAIO FELIPE DA SILVA CAVALCANTE
58880067000148,PREFEITO JOSE WALTER,
58883981000142,CIDADE DOS FUNCIONARIOS,
58887321000130,OLAVO OLIVEIRA,
58892666000181,CAIS DO PORTO,
58895346000185,CENTRO,
58896445000181,LAGOA REDONDA,
58900007000140,DIONISIO TORRES,
58902162000103,CARLITO PAMPLONA,
58903150000195,PARANGABA,
58904662000176,PRESIDENTE KENNEDY,
58909126000163,MEIRELES,
58909304000156,MESSEJANA,
58911005000156,LAGOA REDONDA,
58912380000110,COUTO FERNANDES,
58917194000174,DEMOCRITO ROCHA,
58917620000170,PARANGABA,
58919222000192,MESSEJANA,
58919601000182,CONJUNTO CEARA I,
58921711000189,PARANGABA,
58926195000185,AMADEU FURTADO,
58927173000130,SAPIRANGA-COITE,
58928021000151,TAUAPE,
58933084000104,MEIRELES,
58933109000161,SAPIRANGA-COITE,
58935774000194,ARACAPE,
58937973000131,BOM JARDIM,
58939221000100,DIONISIO TORRES,
58941194000100,MONDUBIM,
58943219000104,MONDUBIM,
58943310000120,CONJUNTO PALMEIRAS,
58945720000100,NOVO MONDUBIM,
58946841000176,MONDUBIM,
58951771000144,PASSARE,
58951879000137,PARQUE DOIS IRMAOS,
58953747000144,SAPIRANGA-COITE,
58958833000140,PREFEITO JOSE WALTER,LUCILENE DE OLIVEIRA BEZERRA CAMURCA
58960842000175,AEROPORTO,
58962889000178,PREFEITO JOSE WALTER,
58965681000102,PRESIDENTE KENNEDY,
58967776000165,BARRA DO CEARA,
58968770000102,ALTO DA BALANCA,
58969381000100,ITAPERI,
58969406000167,PARQUE SAO JOSE,
58976490000146,GENIBAU,
58976974000195,CONJUNTO CEARA II,
58983265000137,CENTRO,
58984979000160,MONTESE,
58986110000154,BARRA DO CEARA,
58986192000137,JARDIM CEARENSE,
58986473000190,FATIMA,
58986559000112,CANINDEZINHO,
58988394000118,COCO,KATHIA REJANE ABADESSA DA IGREJA
58993382000181,PREFEITO JOSE WALTER,
58999898000133,PREFEITO JOSE WALTER,
59002459000177,PAPICU,
59002828000121,JOSE BONIFACIO,
59005522000129,BENFICA,ALLISON RODRIGUES VITAL
59006390000150,GRANJA LISBOA,
59009348000192,BONSUCESSO,EVELINE FERREIRA DIAS
59009715000158,PASSARE,
59010662000195,CONJUNTO CEARA II,
59010834000120,JOAQUIM TAVORA,
59016986000130,JARDIM CEARENSE,
59017801000102,SERRINHA,
59018718000158,COUTO FERNANDES,
59021289000178,GRANJA PORTUGAL,
59026034000106,VICENTE PINZON,
59027256000135,JOQUEI CLUBE,
59031824000171,MESSEJANA,EDINOA PEREIRA BARBOSA DA SILVA
59032204000157,ARACAPE,
59041057000181,AEROPORTO,
59046687000149,GRANJA PORTUGAL,
59049183000182,VILA VELHA,
59053294000162,CIDADE DOS FUNCIONARIOS,
59057391000123,JARDIM DAS OLIVEIRAS,
59059918000159,PRESIDENTE KENNEDY,
59062558000144,QUINTINO CUNHA,
59064405000136,MONDUBIM,
59065332000105,JOAO XXIII,
59065691000154,PARQUE MANIBURA,THAIS DE OLIVEIRA LOPES ARRUDA
59067754000101,PAPICU,
59068325000159,MONDUBIM,
59073659000110,SIQUEIRA,
59075299000196,PARQUE DOIS IRMAOS,
59080421000112,JANGURUSSU,
59081022000176,PARQUE DOIS IRMAOS,
59081121000158,PARQUE DOIS IRMAOS,
59081541000134,PARQUE DOIS IRMAOS,
59098498000110,BARRA DO CEARA,
59100102000121,SAPIRANGA-COITE,
59113782000118,GENIBAU,
59113786000104,JOSE DE ALENCAR,
59117728000140,PARQUE SANTA ROSA,
59118396000119,ALTO DA BALANCA,
59120422000143,RODOLFO TEOFILO,
59122486000183,JANGURUSSU,
59122756000156,SAPIRANGA-COITE,
59125290000142,EDSON QUEIROZ,
59128362000105,JARDIM DAS OLIVEIRAS,
59131982000101,PIRAMBU,
59135213000173,CRISTO REDENTOR,
59135232000108,JANGURUSSU,
59136997000154,COCO,
59140390000148,PARQUE DOIS IRMAOS,
59147084000133,ALVARO WEYNE,
59149770000143,PASSARE,
59152043000135,HENRIQUE JORGE,
59170956000184,PARANGABA,
59175964000113,COCO,KEILIANY BATISTA DE CASTRO
59178619000133,RODOLFO TEOFILO,
59186768000144,AEROLANDIA,
59203609000100,DIONISIO TORRES,
59206410000136,BARRA DO CEARA,
59211676000177,JANGURUSSU,
59216487000197,CANINDEZINHO,
59217904000116,BENFICA,
59227245000107,PARQUE SAO JOSE,
59231723000144,VILA VELHA,
59232000000160,BELA VISTA,
59232466000165,BARRA DO CEARA,
59236868000138,BOM JARDIM,
59241730000127,ANTONIO BEZERRA,
59242212000128,FATIMA,
59242228000130,PARQUE PRESIDENTE VARGAS,
59246404000102,JARDIM AMERICA,CARLOS FILIPE RIBEIRO BARROCAS
59249410000113,ITAOCA,
59257975000142,PAUPINA,
59261350000154,CANINDEZINHO,
59263027000110,ANTONIO BEZERRA,
59267067000130,JARDIM GUANABARA,
59268063000176,PREFEITO JOSE WALTER,
59270104000169,CENTRO,ALEXSANDRO SOUSA DE AGUIAR
59271330000164,GRANJA LISBOA,
59273657000175,SAO BENTO,
59281397000180,VILA VELHA,
59288490000116,BENFICA,
59288642000180,ALDEOTA,
59290994000170,MESSEJANA,
59291307000131,PARQUELANDIA,
59304458000187,NOVO MONDUBIM,
59304541000156,CIDADE DOS FUNCIONARIOS,
59304992000193,PARQUE PRESIDENTE VARGAS,
59306904000192,PREFEITO JOSE WALTER,
59307013000150,PARQUE DOIS IRMAOS,
59309287000189,JARDIM IRACEMA,
59318966000114,CENTRO,
59320761000173,VILA PERI,
59320811000112,MESSEJANA,
59321154000128,CONJUNTO CEARA I,
59321576000101,RODOLFO TEOFILO,
59322959000196,MEIRELES,LUANNA SIMOES PEREIRA
59324568000100,MONDUBIM,
59327292000114,PLANALTO AYRTON SENNA,
59327696000108,GRANJA LISBOA,
59329428000125,VICENTE PINZON,
59330098000198,COCO,MARCELINO CANELADA CAMPOS
59330319000128,BOM JARDIM,
59331604000163,PICI,
59332053000152,ARACAPE,
59332083000169,PRESIDENTE KENNEDY,
59332372000168,SAO GERARDO,
59338180000169,PAPICU,
59345346000174,GENIBAU,
59345581000146,PICI,
59351630000153,BONSUCESSO,
59351810000135,MONTESE,
59353112000179,PEDRAS,
59353469000157,JARDIM GUANABARA,
59355873000160,CENTRO,
59356770000114,JARDIM IRACEMA,
59361540000143,PAPICU,
59361649000180,QUINTINO CUNHA,
59362088000134,ALDEOTA,
59364986000121,PARQUE DOIS IRMAOS,
59375079000188,CRISTO REDENTOR,
59377742000183,ALVARO WEYNE,
59380921000170,VILA VELHA,
59387315000186,JARDIM DAS OLIVEIRAS,
59388056000108,PANAMERICANO,
59394876000102,EDSON QUEIROZ,
59400811000122,MONDUBIM,
59400914000192,VICENTE PINZON,
59401457000150,RODOLFO TEOFILO,
59404777000164,GENIBAU,
59405388000153,VILA VELHA,
59413789000155,SIQUEIRA,
59415123000136,BARRA DO CEARA,
59416199000186,PAUPINA,
59416207000194,BARROSO,
59419600000131,JOSE DE ALENCAR,
59424102000187,TAUAPE,
59424453000198,GENIBAU,
59427184000113,ENGENHEIRO LUCIANO CAVALCANTE,
59430949000174,VICENTE PINZON,
59431279000100,PLANALTO AYRTON SENNA,
59432627000164,ALDEOTA,
59433833000199,ITAPERI,
59436653000160,PRAIA DO FUTURO II,
59439564000178,ITAPERI,
59445859000157,VILA UNIAO,
59447061000144,JARDIM IRACEMA,
59447492000100,PAUPINA,
59454351000115,PASSARE,
59455273000173,VICENTE PINZON,
59456738000100,PRAIA DO FUTURO II,
59457510000135,PAPICU,
59462857000176,PARQUE DOIS IRMAOS,
59465466000105,JARDIM IRACEMA,
59469038000150,PREFEITO JOSE WALTER,
59471578000179,FATIMA,
59471670000139,ALDEOTA,
59475006000168,ANTONIO BEZERRA,
59485986000180,CAIS DO PORTO,
59486586000199,PIRAMBU,
59491698000138,AUTRAN NUNES,
59495017000100,PRAIA DO FUTURO I,
59506783000122,HENRIQUE JORGE,
59507589000161,JARDIM AMERICA,
59514070000100,GRANJA LISBOA,
59514442000107,DOM LUSTOSA,
59516433000147,BONSUCESSO,
59517464000112,PAUPINA,
59520594000104,VICENTE PINZON,
59520598000192,DIAS MACEDO,
59523815000106,CAMBEBA,ANTONIA NADIANE JORGE DO NASCIMENTO
59524285000102,JANGURUSSU,
59526339000179,OLAVO OLIVEIRA,
59527467000137,ITAPERI,
59531124000146,ANTONIO BEZERRA,
59532520000198,CONJUNTO CEARA I,LUCICLEIDE QUEIROZ DE SOUZA
59533139000143,PARQUE DOIS IRMAOS,
59535085000155,PRAIA DE IRACEMA,
59535234000186,DOM LUSTOSA,
59536627000104,GRANJA PORTUGAL,
59538243000120,JANGURUSSU,
59541046000160,MONDUBIM,
59543270000191,JOAO XXIII,
59546391000197,MEIRELES,
59550586000100,PARANGABA,
59550625000170,GENIBAU,
59551254000140,PAPICU,
59555566000122,MONDUBIM,
59560589000125,ANCURI,
59561185000156,JOSE DE ALENCAR,
59561267000109,CONJUNTO CEARA II,
59571369000105,PRESIDENTE KENNEDY,
59571704000167,JARDIM GUANABARA,
59573242000117,GRANJA LISBOA,
59573713000197,OLAVO OLIVEIRA,
59574196000170,ANTONIO BEZERRA,
59574431000104,JOSE BONIFACIO,
59575231000176,MARAPONGA,
59576655000155,ALDEOTA,
59580815000130,DIONISIO TORRES,
59583058000158,ALDEOTA,ALEXANDRE NOBRE AQUINO
59585427000141,PRAIA DO FUTURO II,
59592153000118,MOURA BRASIL,
59593790000109,PRAIA DO FUTURO II,
59594449000178,SIQUEIRA,
59597071000166,CENTRO,
59600307000176,ALVARO WEYNE,
59605073000150,NOVO MONDUBIM,
59605146000103,PLANALTO AYRTON SENNA,
59609217000146,PAUPINA,
59610288000169,ALDEOTA,
59618210000190,SIQUEIRA,
59623495000158,VILA VELHA,
59626979000150,JANGURUSSU,
59627027000151,JOAO XXIII,
59627144000115,AMADEU FURTADO,FRANCISCA ELAINNY PAULA QUEIROZ
59638560000119,CENTRO,
59639477000164,PIRAMBU,
59640332000183,MEIRELES,LIA RODRIGUES ROCHA
59646894000134,GUARARAPES,
59647570000110,PAUPINA,
59648697000154,SIQUEIRA,
59649134000180,MONTESE,
59649211000100,PANAMERICANO,
59651165000176,JOAQUIM TAVORA,MARIA SOCORRO RUFINO PINTO
59654378000151,RACHEL DE QUEIROZ,
59654676000141,CENTRO,IURY FERREIRA SARAIVA DO NASCIMENTO
59656832000103,RODOLFO TEOFILO,
59660247000187,CONJUNTO CEARA II,
59662550000119,CANINDEZINHO,
59662614000181,PREFEITO JOSE WALTER,
59665468000148,JANGURUSSU,
59666468000162,SALINAS,
59668359000184,JOAQUIM TAVORA,
59669331000161,EDSON QUEIROZ,
59673530000143,PARQUE SAO JOSE,
59674894000148,BARRA DO CEARA,
59678528000167,BOM JARDIM,
59683113000181,JOAQUIM TAVORA,
59687944000121,PAPICU,
59690822000194,CENTRO,
59692601000155,BELA VISTA,
59693212000144,PAPICU,
59694111000198,MANOEL SATIRO,
59695839000134,MUCURIPE,
59707624000196,GRANJA LISBOA,
59712444000100,GENIBAU,
59715189000141,SABIAGUABA,
59728156000136,JACARECANGA,
59736377000156,JANGURUSSU,
59736985000160,VICENTE PINZON,
59747037000120,DAMAS,
59751387000160,JARDIM IRACEMA,
59754452000101,JARDIM IRACEMA,
59756527000193,AEROLANDIA,
59760589000179,SAPIRANGA-COITE,
59763188000172,BARROSO,
59769797000139,SABIAGUABA,
59771348000125,PAUPINA,
59776391000183,SIQUEIRA,
59780228000194,MONDUBIM,
59780298000142,COCO,
59799631000165,BONSUCESSO,
59801981000119,CANINDEZINHO,
59803654000104,PRESIDENTE KENNEDY,
59803705000190,PASSARE,
59806822000107,GRANJA PORTUGAL,
59807177000147,DIAS MACEDO,
59815325000175,JANGURUSSU,
59817630000104,GRANJA PORTUGAL,
59830723000160,CENTRO,
59852613000108,SAO GERARDO,
59852836000167,CAIS DO PORTO,
59856002000120,MOURA BRASIL,
59860202000156,SAPIRANGA-COITE,
59862072000190,ALDEOTA,JOSE WELLISON BARBOSA MARREIRA
59866684000151,BARRA DO CEARA,
59868956000152,PRAIA DE IRACEMA,
59871352000165,ALVARO WEYNE,
59875600000146,VILA VELHA,
59878387000126,ALDEOTA,
59883225000186,JANGURUSSU,
59883563000118,PIRAMBU,
59885692000145,PARQUE SANTA ROSA,
59886155000110,PREFEITO JOSE WALTER,
59886500000115,MOURA BRASIL,
59887195000186,SERRINHA,
59887838000191,SERRINHA,
59891439000102,JARDIM DAS OLIVEIRAS,
59892713000150,PASSARE,REIDENY DOS SANTOS RODRIGUES
59903074000180,PRESIDENTE KENNEDY,
59907898000129,CURIO,
59908733000171,GRANJA PORTUGAL,
59914717000191,VICENTE PINZON,
59915560000119,BARRA DO CEARA,
59919385000138,JANGURUSSU,
59922433000147,ALDEOTA,
59924098000116,CANINDEZINHO,
59927241000123,PASSARE,
59928666000157,PARQUE DOIS IRMAOS,
59931500000190,ALDEOTA,LIVIA LUISA LIMA NUNES
59932504000192,BARROSO,
59933303000100,EDSON QUEIROZ,
59933559000117,AUTRAN NUNES,
59946490000166,VILA PERI,
59947434000146,SIQUEIRA,
59949505000140,GENIBAU,
59953146000102,SERRINHA,
59956758000140,MESSEJANA,
59965520000181,GENIBAU,
59970622000195,JARDIM CEARENSE,
59985404000124,PARQUE ARAXA,
59995312000125,SIQUEIRA,
59996547000131,JANGURUSSU,
60003169000127,TAUAPE,
60008268000100,JOQUEI CLUBE,
60011090000148,AMADEU FURTADO,ADALBERTO VENANCIO DE SOUSA
60011457000123,ITAPERI,
60013012000182,SAO BENTO,LUIS EDUARDO SEDA CORREIA
60014653000151,MEIRELES,
60015150000109,BOA VISTA-CASTELAO,
60017900000173,BARRA DO CEARA,
60021674000102,JANGURUSSU,
60023618000107,PASSARE,
60024978000115,QUINTINO CUNHA,
60025283000158,BONSUCESSO,
60027044000137,JANGURUSSU,
60029210000134,MONDUBIM,
60030224000178,GRANJA PORTUGAL,
60039299000110,ENGENHEIRO LUCIANO CAVALCANTE,
60046366000123,PARQUE SAO JOSE,
60056077000105,SERRINHA,
60057780000138,SALINAS,
60066390000124,PAUPINA,
60070486000166,PASSARE,
60072205000104,FATIMA,
60072555000170,SIQUEIRA,
60091645000109,CIDADE DOS FUNCIONARIOS,
60092125000110,MESSEJANA,
60092645000123,CONJUNTO CEARA II,
60092860000124,PLANALTO AYRTON SENNA,
60098664000167,MONTESE,
60099365000147,CONJUNTO CEARA I,
60100135000150,MEIRELES,
60102298000172,SAPIRANGA-COITE,
60105911000105,PEDRAS,
60107225000173,VILA VELHA,
60123059000107,JARDIM CEARENSE,LEMOEL SANCHES DE SALES FEIJAO
60129181000182,VILA UNIAO,
60134716000103,JOAO XXIII,
60142484000135,CENTRO,
60143919000166,PARANGABA,
60157036000105,PRESIDENTE KENNEDY,
60157931000120,CIDADE DOS FUNCIONARIOS,
60166820000180,PRAIA DE IRACEMA,
60167628000108,BARRA DO CEARA,
60171827000190,PICI,
60171882000180,PASSARE,
60173082000106,JARDIM DAS OLIVEIRAS,
60175649000175,PAPICU,
60180309000132,JACARECANGA,JOSE ADALISSON ALVES NERGINO
60191473000145,PRESIDENTE KENNEDY,
60193705000102,ALDEOTA,
60198174000132,ALDEOTA,
60206783000196,PARQUELANDIA,FERNANDA DE ARAUJO PORTELA ROLIM
60207004000177,PREFEITO JOSE WALTER,
60208638000144,ALDEOTA,
60208784000170,JARDIM DAS OLIVEIRAS,
60210086000109,TAUAPE,
60211813000152,VILA VELHA,
60216209000119,CAIS DO PORTO,
60225329000182,JANGURUSSU,
60225660000100,PLANALTO AYRTON SENNA,
60232102000164,CONJUNTO CEARA II,
60234215000107,ITAPERI,BRENDA RODRIGUES DE OLIVEIRA
60237627000192,PASSARE,
60240988000198,MONDUBIM,
60243717000196,MESSEJANA,
60244772000109,PIRAMBU,
60245106000187,CANINDEZINHO,
60248767000166,QUINTINO CUNHA,
60251397000116,MESSEJANA,
60254822000120,PRESIDENTE KENNEDY,
60255798000144,DOM LUSTOSA,
60257325000186,AEROLANDIA,
60258895000190,JANGURUSSU,
60265347000198,SERRINHA,
60265424000100,PARANGABA,
60284017000140,BOM JARDIM,
60286161000115,PAPICU,
60287855000177,PARQUE PRESIDENTE VARGAS,
60302748000170,CARLITO PAMPLONA,
60317337000159,PARANGABA,
60318584000170,CENTRO,
60322178000180,CAIS DO PORTO,
60334006000127,TAUAPE,
60338875000120,VARJOTA,RODNER SANTOS DO NASCIMENTO
60344909000199,BOM FUTURO,
60353707000103,CONJUNTO CEARA II,
60355268000178,GRANJA LISBOA,
60359065000150,PARQUE PRESIDENTE VARGAS,
60360947000135,CIDADE 2000,
60363289000135,DEMOCRITO ROCHA,
60367236000192,JANGURUSSU,
60378215000172,PIRAMBU,
60384942000142,PARANGABA,
60394159000160,ENGENHEIRO LUCIANO CAVALCANTE,
60395237000140,PASSARE,
60399770000180,CANINDEZINHO,
60404629000129,BONSUCESSO,
60413428000198,BARRA DO CEARA,
60416194000132,PASSARE,
60417115000108,SAPIRANGA-COITE,
60417291000140,PARQUE DOIS IRMAOS,
60418953000104,JOSE DE ALENCAR,
60420432000183,HENRIQUE JORGE,
60426097000120,AUTRAN NUNES,
60426730000180,RODOLFO TEOFILO,
60428613000156,PRAIA DO FUTURO II,
60429327000105,VILA VELHA,
60429723000132,GENIBAU,
60431478000106,BOA VISTA-CASTELAO,
60432737000105,VICENTE PINZON,
60434246000101,PARQUE IRACEMA,
60451667000132,MOURA BRASIL,
60456149000101,PARQUE SANTA MARIA,
60461037000149,VARJOTA,
60468362000133,CIDADE DOS FUNCIONARIOS,
60470883000125,DEMOCRITO ROCHA,
60471510000179,MESSEJANA,
60472657000183,MANOEL SATIRO,
60478833000194,PASSARE,
60481335000109,PASSARE,
60485035000190,AUTRAN NUNES,
60485039000178,JARDIM DAS OLIVEIRAS,
60485442000105,COACU,
60489818000141,DIAS MACEDO,
60497975000107,CAMBEBA,
60501891000191,SIQUEIRA,
60503482000124,AUTRAN NUNES,
60503997000124,PARQUELANDIA,
60509847000128,BARRA DO CEARA,
60510452000145,MESSEJANA,
60516221000149,AUTRAN NUNES,
60518066000108,GRANJA PORTUGAL,
60518240000104,DIAS MACEDO,
60519575000147,GRANJA LISBOA,
60520199000100,CAIS DO PORTO,
60520901000136,CAIS DO PORTO,
60521298000107,ALVARO WEYNE,
60522623000156,JARDIM IRACEMA,
60522634000136,ALDEOTA,LEONARDO AZEVEDO MARQUES
60522690000170,VILA VELHA,
60522940000172,PARQUE IRACEMA,SILVANA SATOMI PEDROSA NAGAURA
60526295000166,PIRAMBU,
60526317000198,CONJUNTO ESPERANCA,
60529384000166,JANGURUSSU,
60538522000173,ITAPERI,
60541080000114,BOA VISTA-CASTELAO,
60542171000174,AUTRAN NUNES,
60544124000160,AUTRAN NUNES,
60549684000107,SIQUEIRA,
60554272000165,PADRE ANDRADE,
60554744000180,CANINDEZINHO,
60555886000161,JACARECANGA,
60557082000100,CONJUNTO CEARA II,
60564983000110,CONJUNTO PALMEIRAS,
60574138000126,ALDEOTA,SIDNEI KNIJNIK
60575650000197,AUTRAN NUNES,
60575789000130,BELA VISTA,
60576508000164,AUTRAN NUNES,
60577180000109,SIQUEIRA,
60580502000160,JANGURUSSU,
60581525000190,CONJUNTO PALMEIRAS,
60586301000170,DIONISIO TORRES,MATHEUS MAURILIO SCHULZ SILVA
60586441000149,BOM JARDIM,
60591576000100,MARAPONGA,
60591613000172,PREFEITO JOSE WALTER,
60592973000199,JARDIM DAS OLIVEIRAS,ROBSON GOMES FAEL EVANGELISTA
60597362000133,MONDUBIM,
60604431000199,JANGURUSSU,
60609952000139,VICENTE PINZON,
60614509000156,PARQUE IRACEMA,MARIA LUCIVANIA SANTIAGO BRITO RABELO
60615872000196,SAPIRANGA-COITE,
60617147000157,PASSARE,
60617387000151,PARQUE PRESIDENTE VARGAS,
60617574000135,SIQUEIRA,
60617840000120,EDSON QUEIROZ,
60622043000130,AUTRAN NUNES,
60623589000106,MONTE CASTELO,
60624155000120,SERRINHA,
60625785000110,DEMOCRITO ROCHA,
60629676000170,COACU,
60630550000116,BOM JARDIM,
60635761000141,BARRA DO CEARA,
60639157000193,PAUPINA,
60639719000107,FLORESTA,
60642348000104,AUTRAN NUNES,
60650898000175,ALVARO WEYNE,
60655392000159,MONDUBIM,
60656066000166,GENIBAU,
60657229000125,CANINDEZINHO,
60663377000152,ALDEOTA,
60664337000125,CENTRO,
60669106000104,ALVARO WEYNE,
60672486000136,SERRINHA,
60672950000194,ALDEOTA,
60674578000155,MONTESE,
60681086000197,CONJUNTO CEARA I,
60693027000139,GRANJA PORTUGAL,
60700501000102,CANINDEZINHO,
60707690000145,SAPIRANGA-COITE,
60720647000110,PARQUE ARAXA,MARCIA MARIA DOS REIS
60720771000185,DIAS MACEDO,
60721001000157,VICENTE PINZON,
60721683000106,DEMOCRITO ROCHA,
60729243000197,AUTRAN NUNES,
60735445000141,ALVARO WEYNE,
60741993000184,GRANJA LISBOA,
60745267000130,CENTRO,
60745480000141,JARDIM AMERICA,
60755186000110,PEDRAS,
60758500000119,SERRINHA,
60762811000151,VILA PERI,
60764649000100,MONTESE,
60764997000188,FLORESTA,
60765417000177,PEDRAS,
60776590000170,HENRIQUE JORGE,
60786995000190,FLORESTA,
60791518000112,PAUPINA,
60792239000173,CAMBEBA,
60797513000105,FLORESTA,
60798722000165,SIQUEIRA,
60812163000109,AUTRAN NUNES,
60814994000101,ALDEOTA,FRANCISCA LETICIA DA SILVA FREITAS
60815506000180,AUTRAN NUNES,
60815988000179,PRAIA DO FUTURO II,
60818509000178,EDSON QUEIROZ,
60822444000134,MONDUBIM,
60823098000109,PREFEITO JOSE WALTER,
60823567000190,SAPIRANGA-COITE,
60824181000100,JANGURUSSU,
60833377000153,PARQUELANDIA,
60840574000108,GUARARAPES,
60852277000174,JARDIM AMERICA,
60855610000107,DIONISIO TORRES,
60858168000164,AUTRAN NUNES,
60860886000175,JOQUEI CLUBE,
60862889000148,GRANJA PORTUGAL,
60865199000142,MONDUBIM,
60866491000180,MONDUBIM,
60871744000103,VICENTE PINZON,
60872759000196,VILA VELHA,
60876055000191,PARANGABA,
60881491000159,SAO GERARDO,
60884598000150,PREFEITO JOSE WALTER,
60885920000166,NOVO MONDUBIM,
60890351000147,ARACAPE,
60892120000172,PARQUE DOIS IRMAOS,
60897797000101,PLANALTO AYRTON SENNA,
60900330000165,PRAIA DO FUTURO II,
60901891000189,PARQUE DOIS IRMAOS,
60902704000181,PARQUE DOIS IRMAOS,
60903154000115,CIDADE 2000,
60903375000193,SAO GERARDO,
60903548000173,PARQUELANDIA,
60903709000129,SERRINHA,
60905235000154,JARDIM IRACEMA,
60906803000131,JANGURUSSU,
60909226000131,CAIS DO PORTO,
60912678000172,SAPIRANGA-COITE,
60916791000126,MONDUBIM,
60919554000119,BARROSO,
60920275000175,VILA VELHA,
60924308000155,VILA VELHA,
60932612000144,PARANGABA,
60934955000148,PANAMERICANO,
60935075000196,MARAPONGA,
60942431000107,JARDIM DAS OLIVEIRAS,
60944008000138,BARRA DO CEARA,
60946237000191,EDSON QUEIROZ,
60949026000102,MESSEJANA,
60950574000152,MUCURIPE,
60951149000188,PICI,
60951567000175,VARJOTA,
60951640000109,RODOLFO TEOFILO,JONATHAN CARNEIRO DE MOURA
60954016000165,SIQUEIRA,
60955538000181,PARQUE SAO JOSE,
60959576000102,TAUAPE,
60960765000103,BONSUCESSO,
60965960000118,DEMOCRITO ROCHA,
60969434000126,MOURA BRASIL,
60973027000192,CANINDEZINHO,
60973970000103,ALDEOTA,LUCIANA HELENA SANTANA OLIVEIRA
60977777000132,MOURA BRASIL,
60980069000150,PARANGABA,
60982356000108,MARAPONGA,
60987242000142,ENGENHEIRO LUCIANO CAVALCANTE,
60988016000186,AUTRAN NUNES,
60989773000174,COACU,
60991329000193,ALVARO WEYNE,
60991539000181,FARIAS BRITO,
60998213000186,CONJUNTO CEARA II,
61002586000118,PAUPINA,
61006768000167,CARLITO PAMPLONA,
61008121000174,PARQUE MANIBURA,
61009996000190,PAPICU,
61012925000147,PAPICU,
61013079000180,CURIO,
61013131000106,MEIRELES,
61013383000127,MEIRELES,
61014139000189,MEIRELES,
61014385000130,QUINTINO CUNHA,
61017686000118,BOM JARDIM,
61017739000109,ITAPERI,
61019891000112,GRANJA PORTUGAL,
61022188000163,JACARECANGA,
61022298000125,VILA VELHA,
61024374000131,JARDIM DAS OLIVEIRAS,
61025465000191,PREFEITO JOSE WALTER,
61027817000148,FLORESTA,
61031238000179,JOQUEI CLUBE,
61031691000185,PARQUE PRESIDENTE VARGAS,
61033710000102,CONJUNTO PALMEIRAS,
61034624000114,PARQUE MANIBURA,
61035989000163,BARRA DO CEARA,
61038829000178,PLANALTO AYRTON SENNA,
61041971000174,BOM JARDIM,
61042507000100,PARQUE MANIBURA,
61043940000152,JARDIM CEARENSE,
61044223000145,JOAQUIM TAVORA,
61045794000102,PASSARE,
61046418000124,PLANALTO AYRTON SENNA,
61047430000153,BARRA DO CEARA,
61048889000171,AUTRAN NUNES,
61049669000162,EDSON QUEIROZ,
61054328000185,MESSEJANA,
61055437000117,MOURA BRASIL,
61057041000109,BOM JARDIM,
61059371000133,CURIO,
61061835000146,JANGURUSSU,
61063767000154,CRISTO REDENTOR,
61064612000132,PARQUE SAO JOSE,
61065775000130,AEROLANDIA,
61068810000174,MOURA BRASIL,
61068835000178,PARQUELANDIA,
61069140000100,PREFEITO JOSE WALTER,
61069499000188,PASSARE,
61069615000169,ALDEOTA,
61070433000108,AUTRAN NUNES,
61074268000162,AUTRAN NUNES,
61074461000101,VICENTE PINZON,
61081103000118,PARQUELANDIA,
61081804000157,FATIMA,
61083351000106,COACU,
61083834000100,PICI,
61086460000179,FATIMA,DANIEL VASCONCELOS AMORIM
61089372000120,CONJUNTO CEARA II,
61089987000157,MONDUBIM,
61092424000118,ALVARO WEYNE,
61092616000124,VICENTE PINZON,
61093706000130,MOURA BRASIL,
61097557000187,JOAQUIM TAVORA,
61104177000122,PARQUE SAO JOSE,
61105410000191,PLANALTO AYRTON SENNA,
61112552000186,PREFEITO JOSE WALTER,
61113215000103,ANTONIO BEZERRA,
61114041000101,FLORESTA,
61122216000114,JARDIM IRACEMA,
61126650000172,MESSEJANA,
61128918000105,JACARECANGA,
61135518000127,PREFEITO JOSE WALTER,
61135957000130,VILA VELHA,
61135995000192,EDSON QUEIROZ,
61136428000150,ANTONIO BEZERRA,
61136566000130,CAMBEBA,
61137301000156,ARACAPE,
61138589000183,FLORESTA,
61140694000157,TAUAPE,
61142929000140,ALDEOTA,
61143577000147,CENTRO,
61143807000178,CENTRO,
61146533000170,CONJUNTO PALMEIRAS,
61150896000180,CENTRO,
61151034000171,RODOLFO TEOFILO,
61152250000131,ANTONIO BEZERRA,
61152428000144,MUCURIPE,
61156141000192,AEROLANDIA,
61156763000110,TAUAPE,
61157841000100,CONJUNTO PALMEIRAS,
61161718000154,BENFICA,
61162677000110,AUTRAN NUNES,
61162765000112,AUTRAN NUNES,
61164404000105,CURIO,
61170242000118,PARANGABA,
61175489000127,HENRIQUE JORGE,
61180651000103,PRESIDENTE KENNEDY,
61184745000142,BARRA DO CEARA,
61185234000145,MESSEJANA,
61186500000154,BENFICA,
61198944000100,DEMOCRITO ROCHA,
61200938000140,GRANJA PORTUGAL,
61201659000109,JARDIM IRACEMA,
61203090000102,PRAIA DO FUTURO II,
61205542000195,RACHEL DE QUEIROZ,
61206607000117,CONJUNTO CEARA II,
61208175000183,CONJUNTO CEARA II,
61211680000187,JARDIM GUANABARA,
61212012000174,OLAVO OLIVEIRA,
61214527000103,JACARECANGA,
61215477000189,MONTESE,
61217309000122,JACARECANGA,
61220576000159,ITAPERI,FRANCISCO HILDERLAN PAIVA BEZERRA
61220587000139,BONSUCESSO,
61224672000175,JARDIM GUANABARA,
61225821000110,PARQUE ARAXA,
61227811000114,CONJUNTO ESPERANCA,MARIA DE FATIMA CONRRADO DOS SANTOS
61230288000185,JARDIM DAS OLIVEIRAS,
61232226000102,AEROPORTO,
61232673000161,VILA VELHA,
61232678000194,FATIMA,
61233908000130,JARDIM GUANABARA,
61234534000177,GRANJA LISBOA,
61236647000101,SIQUEIRA,
61236724000123,PRAIA DO FUTURO II,
61236902000116,LAGOA REDONDA,
61237619000109,PARANGABA,
61239086000102,BARRA DO CEARA,
61239852000120,BENFICA,
61244827000135,BARROSO,
61247295000190,BENFICA,
61247609000154,SIQUEIRA,
61252374000199,CAJAZEIRAS,
61253686000117,CENTRO,
61259786000150,MONDUBIM,
61262253000128,MEIRELES,
61265231000111,CONJUNTO CEARA II,
61269920000102,VICENTE PINZON,
61274850000172,SALINAS,
61279153000104,LAGOA REDONDA,
61285365000102,BOA VISTA-CASTELAO,
61287352000164,VILA UNIAO,
61290010000101,MEIRELES,
61291965000175,BARRA DO CEARA,
61300584000105,VICENTE PINZON,
61300749000149,SAPIRANGA-COITE,
61300757000195,BARRA DO CEARA,
61310149000161,FATIMA,
61315940000164,SAPIRANGA-COITE,
61323724000160,BOM FUTURO,
61329271000180,LAGOA REDONDA,
61330399000163,AUTRAN NUNES,
61330506000153,RODOLFO TEOFILO,
61331758000105,GRANJA PORTUGAL,
61336992000117,BENFICA,
61339403000154,HENRIQUE JORGE,
61340076000150,DAMAS,
61343287000147,CENTRO,
61345470000181,OLAVO OLIVEIRA,
61349266000139,JOSE DE ALENCAR,
61350387000109,RODOLFO TEOFILO,
61355736000177,BARROSO,
61355787000107,PASSARE,
61356238000149,FATIMA,
61357343000100,ANTONIO BEZERRA,
61361803000166,JARDIM DAS OLIVEIRAS,
61362469000165,GENIBAU,
61362657000193,ELLERY,
61363328000167,VICENTE PINZON,
61364132000197,PICI,
61364343000120,JARDIM CEARENSE,
61364452000147,BELA VISTA,
61365123000110,JOSE DE ALENCAR,
61365629000120,ANTONIO BEZERRA,
61366876000140,GENIBAU,
61367047000182,JARDIM CEARENSE,DANIELE SOUSA DE FREITAS
61369235000140,PASSARE,
61375917000165,GRANJA LISBOA,
61378391000177,BENFICA,
61379611000187,CENTRO,
61381518000107,HENRIQUE JORGE,
61381838000167,BARRA DO CEARA,
61384363000162,BENFICA,
61384737000140,BARRA DO CEARA,
61387264000134,VILA PERI,
61387597000163,CARLITO PAMPLONA,
61393524000184,MONTESE,
61397028000107,JOQUEI CLUBE,
61410046000173,MEIRELES,
61410187000196,CRISTO REDENTOR,
61413372000134,FATIMA,MIKAEL DE SOUZA LIMA
61417558000161,ALDEOTA,CARMEN LUCIA LOPES DE ALBUQUERQUE
61427922000174,QUINTINO CUNHA,
61431286000154,SIQUEIRA,
61438971000102,DIAS MACEDO,
61444504000195,SIQUEIRA,
61451408000174,BOM JARDIM,
61456310000100,BARROSO,
61457585000168,CARLITO PAMPLONA,
61461416000100,PARANGABA,
61464677000175,PLANALTO AYRTON SENNA,
61467250000120,VARJOTA,
61468747000163,SAO BENTO,
61473430000115,DOM LUSTOSA,
61481830000172,GRANJA LISBOA,
61484284000123,SIQUEIRA,
61487057000151,MESSEJANA,
61487923000104,PARQUE PRESIDENTE VARGAS,
61490370000149,JARDIM DAS OLIVEIRAS,
61491283000106,DEMOCRITO ROCHA,
61493831000137,ALDEOTA,
61495117000188,BONSUCESSO,
61496276000105,PARQUELANDIA,
61497697000142,BARROSO,
61502988000181,MUCURIPE,
61505989000180,AEROPORTO,
61510136000136,AUTRAN NUNES,
61511041000137,AMADEU FURTADO,
61512080000159,LAGOA REDONDA,
61513732000170,VILA UNIAO,
61518929000100,GRANJA LISBOA,
61531066000100,MESSEJANA,
61533888000112,BARROSO,
61536590000166,FLORESTA,
61543236000169,PICI,
61548946000181,PAUPINA,DEBORA GUERRA FREITAS
61552175000104,CIDADE DOS FUNCIONARIOS,
61552319000114,DIONISIO TORRES,
61557364000161,BONSUCESSO,
61561868000155,MONDUBIM,
61562086000130,AUTRAN NUNES,
61565009000134,CENTRO,
61568673000137,BARRA DO CEARA,
61569093000164,PIRAMBU,
61571861000114,BARRA DO CEARA,
61572258000157,AUTRAN NUNES,
61573265000173,ALDEOTA,ANGELO GRANGEIRO FURTADO GOMES DA CRUZ
61576570000119,CIDADE DOS FUNCIONARIOS,
61578501000144,CIDADE DOS FUNCIONARIOS,
61579022000142,DOM LUSTOSA,
61579358000105,PRAIA DO FUTURO I,
61581056000171,AUTRAN NUNES,
61582381000159,BONSUCESSO,
61582455000157,COCO,KATIANA MARIA ALEXANDRE BRAGA
61583267000143,SIQUEIRA,
61585226000196,JARDIM DAS OLIVEIRAS,
61586635000107,MONDUBIM,
61588508000147,MESSEJANA,
61593111000143,PICI,
61594576000119,AUTRAN NUNES,
61597188000191,BENFICA,
61597504000125,CAIS DO PORTO,
61597573000139,BENFICA,
61598103000190,NOVO MONDUBIM,
61602675000103,AUTRAN NUNES,
61605748000102,OLAVO OLIVEIRA,
61607380000111,GENIBAU,
61609740000114,PASSARE,
61612306000193,OLAVO OLIVEIRA,
61616221000183,CARLITO PAMPLONA,
61616529000129,PASSARE,
61617543000147,QUINTINO CUNHA,
61632548000149,PAUPINA,
61634813000128,ALVARO WEYNE,
61641390000173,ALVARO WEYNE,
61643392000100,AMADEU FURTADO,
61644645000151,MEIRELES,
61646421000189,JACARECANGA,
61649882000105,ALDEOTA,ANTOMARIO SARAIVA DA HORA
61652965000153,ALVARO WEYNE,
61659420000179,MESSEJANA,
61659794000194,ALDEOTA,THAIS OLIVEIRA DE AGUIAR
61659840000155,PARQUE PRESIDENTE VARGAS,
61662538000156,SAPIRANGA-COITE,
61662628000147,CONJUNTO CEARA II,
61663857000186,JARDIM GUANABARA,
61664305000192,MEIRELES,
61669304000130,BARRA DO CEARA,
61680673000124,VICENTE PINZON,
61687340000127,EDSON QUEIROZ,
61687792000109,ALTO DA BALANCA,
61688469000150,JANGURUSSU,
61688772000152,QUINTINO CUNHA,
61688945000132,PAUPINA,
61689029000117,MONTESE,
61689767000164,BONSUCESSO,
61690514000100,PIRAMBU,
61690906000170,AUTRAN NUNES,
61691487000190,BENFICA,
61692889000100,AUTRAN NUNES,
61694898000130,PARREAO,BARBARA HENRILLE FLORENCIO
61701261000123,DIAS MACEDO,
61701510000180,PREFEITO JOSE WALTER,
61704245000194,SIQUEIRA,
61706664000165,HENRIQUE JORGE,
61713005000156,BOM JARDIM,
61714525000183,CONJUNTO PALMEIRAS,
61715477000148,GRANJA LISBOA,
61716873000190,LAGOA REDONDA,
61718525000151,SERRINHA,
61727233000185,PREFEITO JOSE WALTER,
61731939000110,NOVO MONDUBIM,
61736392000146,CONJUNTO CEARA I,
61738587000125,JARDIM IRACEMA,
61739237000183,BOM JARDIM,
61740664000181,TAUAPE,
61741440000194,PARQUE MANIBURA,
61752360000134,PREFEITO JOSE WALTER,
61759533000146,SERRINHA,
61759733000107,GRANJA LISBOA,
61762425000122,BARROSO,
61769700000130,ALDEOTA,
61771695000108,CAMBEBA,
61774248000102,PARREAO,
61776080000166,MONDUBIM,
61776216000138,BARRA DO CEARA,
61776673000122,BARRA DO CEARA,
61777170000171,MONTE CASTELO,
61780127000165,BARRA DO CEARA,
61782533000167,PRAIA DO FUTURO I,
61783382000161,JARDIM CEARENSE,
61786630000128,MOURA BRASIL,
61787640000188,GENIBAU,
61787793000125,MEIRELES,ROSA MARIA PITOMBEIRA GOMES VIANA
61788826000151,OLAVO OLIVEIRA,
61790240000121,BOA VISTA-CASTELAO,
61790467000177,BARRA DO CEARA,
61793239000150,MEIRELES,
61809568000142,DIONISIO TORRES,CLEMILSON SOUSA MOURA
61811367000180,MEIRELES,
61816007000170,ALVARO WEYNE,FRANCISCO EVERTON CASSIO PEREIRA DOS SANTOS
61821418000154,JARDIM DAS OLIVEIRAS,
61821959000182,PASSARE,
61832677000180,ENGENHEIRO LUCIANO CAVALCANTE,
61834543000107,GRANJA PORTUGAL,
61838344000169,BARRA DO CEARA,
61851602000147,CIDADE DOS FUNCIONARIOS,
61854270000154,FATIMA,
61854984000162,NOVO MONDUBIM,
61855429000155,PARQUE DOIS IRMAOS,
61855742000193,SAPIRANGA-COITE,
61856927000112,PARREAO,JOSE RIBAMAR DE SOUSA FILHO
61860891000140,AUTRAN NUNES,
61861107000119,ARACAPE,
61862604000131,ARACAPE,
61865209000102,GRANJA PORTUGAL,
61870430000159,DEMOCRITO ROCHA,
61871062000163,PICI,
61872877000167,DIAS MACEDO,
61873955000148,ALDEOTA,
61876495000101,CARLITO PAMPLONA,
61886846000165,PARQUE DOIS IRMAOS,
61889839000117,ALDEOTA,DULCE MARIA COSTA LIMA
61891506000122,JANGURUSSU,
61894194000100,CONJUNTO ESPERANCA,
61894628000172,SIQUEIRA,
61894847000151,ALTO DA BALANCA,
61898962000102,SAPIRANGA-COITE,
61899184000168,MUCURIPE,
61900778000141,BARRA DO CEARA,
61900845000128,BOM JARDIM,
61905701000164,GENIBAU,
61906918000199,LAGOA REDONDA,
61909981000189,AUTRAN NUNES,
61910806000101,CONJUNTO CEARA I,
61915810000162,PARQUE SAO JOSE,
61919745000143,OLAVO OLIVEIRA,
61919982000104,OLAVO OLIVEIRA,
61925567000163,MONTE CASTELO,
61926479000186,ALDEOTA,RICARDO MARTINS BARBOSA
61926965000102,CONJUNTO CEARA I,
61928847000125,BOM FUTURO,FRANCISCA EDUARDA BRANDAO DA SILVA
61929289000112,SIQUEIRA,
61938046000140,HENRIQUE JORGE,
61939295000150,MONTE CASTELO,
61947165000160,CENTRO,
61947709000193,ALDEOTA,
61953838000194,FLORESTA,
61954181000180,MESSEJANA,
61958951000162,MESSEJANA,MARIA CRISTIANE MACHADO DE ANDRADE
61960299000110,PARANGABA,
61965501000105,SAPIRANGA-COITE,
61974326000104,JARDIM CEARENSE,VINICIUS QUEIROZ DIOGENES
61987157000147,CIDADE DOS FUNCIONARIOS,
61987596000150,PLANALTO AYRTON SENNA,
61992461000182,VILA PERI,
61993042000165,VILA PERI,
61993914000195,DIAS MACEDO,
61995693000194,FLORESTA,
61998349000159,SAO GERARDO,
62001374000189,CAJAZEIRAS,
62006357000134,JARDIM IRACEMA,
62008291000111,VICENTE PINZON,
62009073000100,FLORESTA,
62014713000161,BELA VISTA,CECILIA RODRIGUES DE ABREU
62016039000154,CONJUNTO PALMEIRAS,
62016378000130,VILA VELHA,
62019363000126,SERRINHA,
62019917000195,AMADEU FURTADO,
62020190000166,MEIRELES,
62022593000144,PLANALTO AYRTON SENNA,
62036294000169,ENGENHEIRO LUCIANO CAVALCANTE,
62044483000183,AMADEU FURTADO,
62046931000188,GRANJA LISBOA,
62048718000105,VILA VELHA,
62051290000150,MESSEJANA,
62060873000147,FLORESTA,
62065238000152,NOVO MONDUBIM,
62066937000117,AUTRAN NUNES,
62068682000121,NOVO MONDUBIM,
62075103000178,BOM FUTURO,
62079639000161,BARRA DO CEARA,
62084525000100,CAJAZEIRAS,
62087849000100,LAGOA REDONDA,
62087904000153,FLORESTA,
62088099000182,FLORESTA,
62091639000187,JARDIM IRACEMA,
62094284000180,BARRA DO CEARA,
62095747000128,FLORESTA,
62096066000184,GRANJA PORTUGAL,
62097366000188,CAMBEBA,
62104602000146,BARRA DO CEARA,
62104980000120,SIQUEIRA,
62107789000131,RODOLFO TEOFILO,
62113849000129,ITAPERI,
62114300000159,MONTE CASTELO,
62115601000105,PRESIDENTE KENNEDY,
62119787000162,BARROSO,
62122669000103,JANGURUSSU,
62124880000165,MUCURIPE,ANNA LUIZA AVELINO MAGALHAES LIMA
62125872000133,ARACAPE,
62133419000179,CENTRO,
62134674000136,VILA UNIAO,
62140615000170,VILA VELHA,
62140757000138,BARRA DO CEARA,
62143322000147,PARQUE IRACEMA,
62147417000139,BOM JARDIM,
62153193000178,BARRA DO CEARA,
62153241000128,QUINTINO CUNHA,
62153324000117,ALVARO WEYNE,
62153936000100,VICENTE PINZON,
62154248000164,BELA VISTA,
62154633000101,AUTRAN NUNES,
62159724000130,JARDIM DAS OLIVEIRAS,
62161793000188,JARDIM AMERICA,
62164168000190,CONJUNTO PALMEIRAS,
62167155000174,PARANGABA,
62168206000182,PARANGABA,
62173577000152,BARRA DO CEARA,
62174227000100,ALVARO WEYNE,
62174855000196,CENTRO,
62180006000145,SAPIRANGA-COITE,
62180415000141,JARDIM DAS OLIVEIRAS,
62181579000193,CARLITO PAMPLONA,
62182086000178,GRANJA LISBOA,
62185783000182,CONJUNTO PALMEIRAS,
62188773000109,CONJUNTO CEARA II,
62189668000186,GRANJA LISBOA,
62192546000149,CONJUNTO ESPERANCA,
62192957000134,BELA VISTA,
62193028000140,BARRA DO CEARA,
62193094000110,VICENTE PINZON,
62194340000158,JANGURUSSU,
62198200000158,JANGURUSSU,
62201734000196,ITAOCA,
62204088000110,CONJUNTO CEARA II,
62204834000176,CENTRO,
62205815000164,PARQUE SANTA MARIA,
62208234000186,ENGENHEIRO LUCIANO CAVALCANTE,
62209640000163,TAUAPE,
62212332000197,ALDEOTA,
62213826000196,JANGURUSSU,
62223479000182,FLORESTA,
62225439000170,ENGENHEIRO LUCIANO CAVALCANTE,
62226016000174,BOA VISTA-CASTELAO,
62227523000122,LAGOA REDONDA,
62228289000158,PAUPINA,
62229351000126,BARROSO,
62246976000104,CONJUNTO PALMEIRAS,
62247519000126,JARDIM CEARENSE,
62258193000132,CARLITO PAMPLONA,
62260258000184,CAJAZEIRAS,
62261776000112,CURIO,
62267347000152,PASSARE,
62268793000181,JANGURUSSU,
62269214000115,BELA VISTA,
62269939000103,DEMOCRITO ROCHA,
62270107000107,MOURA BRASIL,
62278339000101,JANGURUSSU,
62284544000180,ALVARO WEYNE,
62285238000168,PARANGABA,
62292812000105,PARANGABA,
62293165000156,PARQUELANDIA,REJANE LIMA ALVES
62293404000178,FLORESTA,
62300139000108,MONDUBIM,
62301153000126,JANGURUSSU,
62301788000123,PARANGABA,
62302339000108,MESSEJANA,
62302635000109,BONSUCESSO,
62304427000130,PARANGABA,
62306759000154,GRANJA PORTUGAL,
62315245000165,VILA VELHA,
62317652000101,FLORESTA,
62318038000164,JOQUEI CLUBE,
62326924000130,SERRINHA,
62327037000186,BELA VISTA,
62337645000171,GENIBAU,
62339937000143,JOAO XXIII,
62340305000108,GENIBAU,
62340676000181,VICENTE PINZON,
62341453000139,PIRAMBU,
62350543000196,JOAQUIM TAVORA,
62353448000146,DIONISIO TORRES,
62355697000170,DIONISIO TORRES,
62359774000160,AUTRAN NUNES,
62360446000184,PARQUELANDIA,
62362605000180,BARRA DO CEARA,
62365359000110,BARROSO,
62370386000180,CONJUNTO PALMEIRAS,
62372718000166,GENIBAU,
62373234000131,SIQUEIRA,
62376429000135,BOM JARDIM,
62378411000172,BOA VISTA-CASTELAO,
62378487000106,ENGENHEIRO LUCIANO CAVALCANTE,
62388424000122,SERRINHA,
62391372000143,CENTRO,
62400906000150,PLANALTO AYRTON SENNA,
62404931000102,NOVO MONDUBIM,
62406243000181,GRANJA PORTUGAL,
62406385000149,GRANJA LISBOA,
62406740000180,PAPICU,RAFAEL FERREIRA DA SILVA
62406896000160,LAGOA REDONDA,
62409159000111,JARDIM DAS OLIVEIRAS,
62411796000122,MONTE CASTELO,
62414282000120,SIQUEIRA,
62415035000149,SAPIRANGA-COITE,
62418395000102,ALTO DA BALANCA,
62421174000185,JACARECANGA,
62424769000194,BARRA DO CEARA,
62424927000106,MONDUBIM,
62429213000190,ALDEOTA,
62430494000100,PICI,
62430536000102,BENFICA,
62443246000195,RACHEL DE QUEIROZ,
62443951000192,PARANGABA,
62444859000147,VICENTE PINZON,
62451443000156,ARACAPE,
62453356000138,BARRA DO CEARA,
62458183000140,RODOLFO TEOFILO,
62460353000121,PARQUE DOIS IRMAOS,
62468191000178,CAMBEBA,ARIELY KELLY ARAUJO LIMA MENDES
62473211000107,ENGENHEIRO LUCIANO CAVALCANTE,
62476311000189,JANGURUSSU,
62478583000118,CAMBEBA,
62478871000172,LAGOA REDONDA,
62482694000106,JANGURUSSU,
62483274000136,BONSUCESSO,
62485642000185,SIQUEIRA,
62486644000199,AUTRAN NUNES,
62487722000170,ARACAPE,
62488375000108,BONSUCESSO,
62493276000106,AUTRAN NUNES,
62493482000116,JANGURUSSU,
62494085000169,PASSARE,
62497390000104,ALTO DA BALANCA,
62497972000190,CAIS DO PORTO,
62509850000177,BENFICA,
62512779000181,OLAVO OLIVEIRA,
62516957000142,SAO BENTO,
62520363000105,LAGOA REDONDA,
62523090000152,ANTONIO BEZERRA,
62524248000109,JOSE BONIFACIO,
62526112000138,ITAPERI,
62527364000181,ARACAPE,
62528605000107,CARLITO PAMPLONA,
62529333000160,CANINDEZINHO,
62531643000119,MONDUBIM,
62534844000170,MUCURIPE,
62535060000166,CAMBEBA,ALAN LUCAS HOLANDA DE OLIVEIRA
62537000000182,PANAMERICANO,
62537319000108,PAUPINA,
62537358000105,ARACAPE,
62542593000175,AMADEU FURTADO,
62542620000100,GENIBAU,
62542777000135,AMADEU FURTADO,
62543498000196,SERRINHA,
62549764000198,PREFEITO JOSE WALTER,
62551367000150,PASSARE,
62551422000102,CENTRO,
62551728000169,GENIBAU,
62556697000139,DIAS MACEDO,
62559483000116,JARDIM CEARENSE,
62561276000104,SAO GERARDO,
62564956000173,VARJOTA,MARIA IZALENE MARTINS ALMEIDA
62564990000148,VARJOTA,MARIA IZALENE MARTINS ALMEIDA
62565083000113,GENIBAU,
62580863000132,FLORESTA,
62584086000102,JARDIM IRACEMA,
62585175000165,MANOEL SATIRO,
62587463000159,EDSON QUEIROZ,PEDRO VICTOR FIGUEIREDO PINHEIRO
62588552000110,BONSUCESSO,
62591792000173,PARQUE PRESIDENTE VARGAS,
62594094000121,BENFICA,
62602767000148,EDSON QUEIROZ,
62603648000100,VICENTE PINZON,
62604379000104,JANGURUSSU,
62605962000121,BOM JARDIM,
62610397000190,VICENTE PINZON,
62612602000157,NOVO MONDUBIM,
62630002000111,OLAVO OLIVEIRA,
62632254000180,ALDEOTA,
62633046000103,CARLITO PAMPLONA,
62633361000122,VILA VELHA,
62638161000162,VICENTE PINZON,
62639442000130,PLANALTO AYRTON SENNA,
62641613000165,LAGOA REDONDA,
62641647000150,BOA VISTA-CASTELAO,
62644301000105,GRANJA PORTUGAL,
62650851000137,PRESIDENTE KENNEDY,
62661444000125,MONTE CASTELO,
62662140000182,SAPIRANGA-COITE,
62674985000198,FLORESTA,
62676294000123,PASSARE,
62676443000154,PICI,
62677758000116,GUARARAPES,ROBERTO LIMA DE FREITAS
62678054000168,PREFEITO JOSE WALTER,
62679207000191,MONDUBIM,MARIA REBECA DOS SANTOS SILVA MARREIROS
62680904000162,CRISTO REDENTOR,
62682831000148,COCO,
62685526000100,PICI,
62686938000164,COACU,
62687435000103,DOM LUSTOSA,
62687794000160,VICENTE PINZON,
62694365000110,BOM JARDIM,
62695669000100,JARDIM AMERICA,
62699721000199,JARDIM DAS OLIVEIRAS,
62703444000140,CAIS DO PORTO,
62706727000146,CARLITO PAMPLONA,
62718053000108,JANGURUSSU,
62720947000124,RODOLFO TEOFILO,
62729414000103,JOSE DE ALENCAR,
62733086000119,PICI,
62733669000140,JOAO XXIII,
62736397000131,PARQUE PRESIDENTE VARGAS,
62736521000169,PARQUE IRACEMA,
62738206000170,CANINDEZINHO,
62738986000159,FARIAS BRITO,
62740692000161,DIONISIO TORRES,DANIELE DE LIMA ROCHA
62743217000149,JARDIM CEARENSE,
62747263000116,BELA VISTA,
62750676000150,ALDEOTA,
62754311000101,PAPICU,
62763034000195,VICENTE PINZON,
62763294000160,SAPIRANGA-COITE,
62763389000184,PAUPINA,
62763580000126,CENTRO,
62765426000193,VARJOTA,
62769010000143,ALDEOTA,FELIPE DE OLIVEIRA GADELHA
62774620000135,GRANJA LISBOA,
62776511000157,FLORESTA,
62782951000117,PARREAO,MACIENE ARCANJA DOS SANTOS
62784716000184,DIONISIO TORRES,
62786125000146,BENFICA,
62792835000189,ALDEOTA,
62794248000129,BOM JARDIM,
62799158000120,BARRA DO CEARA,
62799891000145,SERRINHA,
62803687000150,MONDUBIM,
62804342000111,SIQUEIRA,
62805936000147,PICI,
62806990000107,CENTRO,
62808756000119,PARQUELANDIA,
62809971000134,PICI,
62814418000190,GENIBAU,
62815489000107,BARRA DO CEARA,
62816329000182,JARDIM DAS OLIVEIRAS,
62819704000148,NOVO MONDUBIM,
62821923000161,JARDIM IRACEMA,
62828640000141,BOA VISTA-CASTELAO,
62829959000191,PARQUE SANTA MARIA,
62830678000159,BELA VISTA,
62834077000114,CIDADE 2000,
62837363000133,JARDIM AMERICA,
62843068000190,VICENTE PINZON,
62849986000126,PRESIDENTE KENNEDY,
62850165000100,ALDEOTA,JOSE MAURO SOARES RODRIGUES
62854925000157,PASSARE,
62857559000190,PASSARE,
62860823000144,PASSARE,
62863786000128,MONDUBIM,
62864263000104,BONSUCESSO,
62864937000162,OLAVO OLIVEIRA,
62865404000103,VILA PERI,
62865694000187,BOM JARDIM,
62867618000100,ALDEOTA,
62870219000107,BARRA DO CEARA,
62870591000105,TAUAPE,
62875997000180,BARRA DO CEARA,
62877004000100,MANUEL DIAS BRANCO,
62879401000110,JANGURUSSU,
62881508000101,ANTONIO BEZERRA,
62887100000139,COCO,JOHANA TERESA HERNANDEZ DE ESCOBAR
62891085000100,CONJUNTO CEARA II,
62892168000106,BARRA DO CEARA,
62892501000187,PREFEITO JOSE WALTER,
62901672000125,GRANJA LISBOA,
62906633000110,MONDUBIM,
62906788000157,DOM LUSTOSA,
62907317000163,PASSARE,
62912280000161,DEMOCRITO ROCHA,JACKSON VIANA SANTOS
62913150000143,MONDUBIM,
62913889000155,VILA VELHA,
62915217000189,PICI,
62918787000122,AEROLANDIA,
62919473000144,VICENTE PINZON,
62920647000199,MUCURIPE,
62923419000172,LAGOA REDONDA,
62924192000180,GRANJA LISBOA,
62928227000159,VILA PERI,
62932342000105,HENRIQUE JORGE,
62934173000134,CIDADE DOS FUNCIONARIOS,KARLA JANAINA COELHO DE OLIVEIRA MONTEIRO
62936149000134,MONTE CASTELO,
62942407000195,PREFEITO JOSE WALTER,
62942514000113,AMADEU FURTADO,
62942519000146,MESSEJANA,
62942839000104,AMADEU FURTADO,
62942868000168,CONJUNTO CEARA I,JOSE WERTON ALVES DE BRITO
62945149000109,CENTRO,
62953862000196,ALDEOTA,
62955768000176,BARRA DO CEARA,
62956398000191,SAPIRANGA-COITE,
62958691000198,SAPIRANGA-COITE,
62959656000193,JOAQUIM TAVORA,
62961473000102,SAPIRANGA-COITE,
62967346000110,MONDUBIM,
62967626000129,JACARECANGA,
62969616000122,JACARECANGA,
62971105000145,CIDADE DOS FUNCIONARIOS,
62974827000153,VILA VELHA,
62975063000110,CAIS DO PORTO,
62985808000122,HENRIQUE JORGE,
62989668000160,VILA UNIAO,
62990458000192,TAUAPE,
62994810000168,CONJUNTO PALMEIRAS,
63004849000153,RACHEL DE QUEIROZ,
63005558000180,JOAQUIM TAVORA,
63020928000158,ANTONIO BEZERRA,
63031201000176,SERRINHA,
63038690000198,GRANJA LISBOA,
63039099000155,PREFEITO JOSE WALTER,
63044610000107,PAUPINA,
63052402000150,JOAO XXIII,
63054644000182,PARANGABA,MARIA THAYNA CAMILO BEZERRA
63055494000121,SIQUEIRA,
63061225000178,CENTRO,
63062853000178,MESSEJANA,
63065969000160,CANINDEZINHO,
63066197000181,BONSUCESSO,
63067408000109,PLANALTO AYRTON SENNA,
63071016000105,GENIBAU,
63072374000132,CONJUNTO ESPERANCA,
63072504000137,VILA VELHA,
63076276000173,CIDADE DOS FUNCIONARIOS,CLAUDIA LUANA NASCIMENTO DA SILVA FERREIRA
63080987000111,GRANJA PORTUGAL,
63083090000141,ALDEOTA,LETICIA GIRAO LIMA GARCIA
63083253000196,CENTRO,
63093526000183,AEROLANDIA,
63094371000108,RODOLFO TEOFILO,
63104918000109,CRISTO REDENTOR,
63109488000100,QUINTINO CUNHA,
63110360000166,JARDIM DAS OLIVEIRAS,
63114486000109,EDSON QUEIROZ,
63117355000185,BOM JARDIM,
63117757000180,PICI,
63119314000128,BARRA DO CEARA,
63119732000115,PIRAMBU,
63121173000188,PARQUE MANIBURA,
63131696000105,PAUPINA,
63132123000104,MANUEL DIAS BRANCO,
63136831000105,ALDEOTA,ISABELLA GOMES DE SOUZA ARAUJO
63137435000100,PICI,
63139286000100,NOVO MONDUBIM,
63142235000138,PICI,
63146582000139,HENRIQUE JORGE,
63148518000197,ARACAPE,
63150929000117,JARDIM GUANABARA,
63151573000136,CONJUNTO CEARA II,
63157217000120,PRAIA DO FUTURO II,
63160109000106,PRESIDENTE KENNEDY,
63163234000170,VILA VELHA,
63163981000108,PARREAO,
63173225000160,HENRIQUE JORGE,
63175791000100,BOM FUTURO,
63176803000111,EDSON QUEIROZ,
63180042000171,BARRA DO CEARA,
63182902000106,DAMAS,
63184077000189,MONDUBIM,
63186265000146,MONDUBIM,
63186598000175,ALDEOTA,
63186813000138,PICI,
63194939000154,PLANALTO AYRTON SENNA,
63196031000180,HENRIQUE JORGE,
63198145000169,CENTRO,
63198368000126,PARQUE PRESIDENTE VARGAS,
63200979000161,HENRIQUE JORGE,
63203126000183,VICENTE PINZON,
63205007000160,MEIRELES,
63207365000101,GRANJA LISBOA,
63207649000106,GRANJA LISBOA,
63208290000183,DIONISIO TORRES,MARCIA VIRNA DE ARAUJO MEDEIROS
63208590000162,PEDRAS,
63208752000162,HENRIQUE JORGE,
63210568000157,FLORESTA,
63217767000197,PARANGABA,DAYANE DIAS DA FONSECA
63217976000130,PAPICU,
63218683000178,CIDADE 2000,
63219654000120,PAPICU,
63219958000198,PAPICU,
63220058000160,CENTRO,
63220988000114,PAPICU,
63221585000190,JOAQUIM TAVORA,
63222192000109,BOM JARDIM,
63222280000100,SAO GERARDO,
63223496000182,MESSEJANA,
63227376000153,DEMOCRITO ROCHA,
63235939000155,FLORESTA,
63238589000180,PICI,
63251470000148,MEIRELES,MAGNOLIA SOUZA DE CASTRO FERREIRA
63252901000190,CIDADE 2000,
63253003000157,SIQUEIRA,
63254090000167,CONJUNTO CEARA I,
63254215000159,CARLITO PAMPLONA,
63254606000173,BOM JARDIM,
63260635000148,AEROLANDIA,
63269094000119,PAUPINA,
63269362000100,FLORESTA,
63275034000109,TAUAPE,
63275737000137,BARRA DO CEARA,
63281002000116,TAUAPE,
63282182000150,JOQUEI CLUBE,
63282928000126,CARLITO PAMPLONA,
63292231000136,MONTESE,
63305594000169,PASSARE,
63309353000198,CARLITO PAMPLONA,
63311060000145,QUINTINO CUNHA,
63314268000118,SAPIRANGA-COITE,
63314317000112,JOSE DE ALENCAR,
63316225000171,ALTO DA BALANCA,
63320222000101,MESSEJANA,
63327788000165,LAGOA REDONDA,
63328903000116,PARANGABA,
63330550000199,SAO GERARDO,
63333266000176,MEIRELES,
63334830000175,FARIAS BRITO,
63335575000185,CENTRO,
63342275000123,PICI,
63342304000157,BARRA DO CEARA,
63345983000118,BARROSO,
63347071000185,MONDUBIM,
63347996000126,PASSARE,
63350319000167,MUCURIPE,
63350881000190,JARDIM GUANABARA,
63351390000164,LAGOA REDONDA,
63353322000134,QUINTINO CUNHA,
63355398000107,CONJUNTO PALMEIRAS,
63360212000108,CANINDEZINHO,
63360386000162,PREFEITO JOSE WALTER,
63363544000138,CARLITO PAMPLONA,
63364680000142,JACARECANGA,
63365883000153,CARLITO PAMPLONA,
63367656000167,PRAIA DO FUTURO II,
63368254000187,CENTRO,
63370638000134,CARLITO PAMPLONA,
63371029000108,CARLITO PAMPLONA,
63376238000136,MESSEJANA,
63379889000180,PARANGABA,
63379951000133,SAPIRANGA-COITE,JULIANA DA SILVA GOMES
63383008000102,PIRAMBU,
63383533000110,MONTESE,
63384513000163,PIRAMBU,
63384615000189,BOM JARDIM,
63385156000158,DOM LUSTOSA,
63385705000194,PREFEITO JOSE WALTER,
63387395000147,ALVARO WEYNE,
63388181000195,ENGENHEIRO LUCIANO CAVALCANTE,PAULA OHANA ALENCAR CAMURCA
63392938000114,MESSEJANA,
63402185000180,JANGURUSSU,
63405309000181,BARROSO,
63405652000126,SERRINHA,
63414977000175,MUCURIPE,
63418229000160,CANINDEZINHO,
63418489000136,GUAJERU,
63420521000118,BARRA DO CEARA,
63421111000191,JARDIM CEARENSE,
63422429000197,JOQUEI CLUBE,MARCILIO MAGNO MAGALHAES DE CASTRO
63423577000126,JOAQUIM TAVORA,
63430079000100,AUTRAN NUNES,
63436153000104,JOAQUIM TAVORA,
63437674000178,AUTRAN NUNES,
63439532000140,ALDEOTA,
63446506000149,PARQUE SANTA MARIA,
63447063000100,AUTRAN NUNES,
63450609000182,PLANALTO AYRTON SENNA,
63450655000181,PARQUE DOIS IRMAOS,
63455408000178,AUTRAN NUNES,
63457545000141,SERRINHA,
63459358000105,MEIRELES,CARLOS FERNANDO DE ALMEIDA
63463155000184,BARRA DO CEARA,
63463377000105,ENGENHEIRO LUCIANO CAVALCANTE,
63465336000140,BONSUCESSO,
63466330000197,JARDIM GUANABARA,
63469044000185,CRISTO REDENTOR,
63470975000101,PARQUE SAO JOSE,
63471879000170,JARDIM IRACEMA,
63475156000149,PAN AMERICANO,
63476621000166,JOAO XXIII,
63482312000107,BOM JARDIM,
63482667000198,FLORESTA,
63482958000186,JOQUEI CLUBE,
63483260000185,PREFEITO JOSE WALTER,
63483741000190,ALVARO WEYNE,
63484105000183,PARQUE DOIS IRMAOS,
63484274000113,LAGOA REDONDA,
63492056000120,CENTRO,
63500066000160,ANCURI,
63502073000100,NOVO MONDUBIM,
63508004000103,SERRINHA,
63513906000120,GRANJA PORTUGAL,
63513935000191,RACHEL DE QUEIROZ,
63516471000177,QUINTINO CUNHA,
63516813000159,PLANALTO AYRTON SENNA,
63521634000100,FARIAS BRITO,
63526703000178,LAGOA REDONDA,
63526830000177,MESSEJANA,
63527954000177,JOSE DE ALENCAR,
63527987000117,FATIMA,
63533254000195,PAPICU,
63533563000165,SAPIRANGA-COITE,
63534573000115,BARRA DO CEARA,
63538606000103,PANAMERICANO,
63539518000118,MONTESE,
63540607000184,PLANALTO AYRTON SENNA,
63541549000103,ALDEOTA,DARANA GABRIELLA OLIVEIRA FERREIRA
63542651000123,PARQUE DOIS IRMAOS,
63548297000144,ENGENHEIRO LUCIANO CAVALCANTE,
63549468000150,GENIBAU,
63555109000105,CAJAZEIRAS,
63559798000126,EDSON QUEIROZ,
63565027000141,ENGENHEIRO LUCIANO CAVALCANTE,
63565517000148,ALVARO WEYNE,
63567741000179,CONJUNTO CEARA II,
63568334000186,PREFEITO JOSE WALTER,
63573153000148,COCO,
63576585000102,PARQUE SANTA MARIA,
63578136000101,DEMOCRITO ROCHA,
63580840000190,CAJAZEIRAS,
63585617000136,CRISTO REDENTOR,
63585693000141,GENIBAU,
63591084000103,JANGURUSSU,
63595350000168,PAPICU,
63595777000166,PADRE ANDRADE,
63595783000113,VILA VELHA,
63596155000152,DAMAS,
63600446000177,JARDIM CEARENSE,
63603020000177,FATIMA,
63608157000114,JARDIM CEARENSE,JEANE DE SOUZA MESQUITA FRANCO
63611038000110,CAMBEBA,
63623402000162,PAPICU,
63628729000127,PAPICU,
63631396000195,SERRINHA,
63644019000190,JOAQUIM TAVORA,
63644949000144,PICI,
63646571000118,PREFEITO JOSE WALTER,
63650711000121,JOAQUIM TAVORA,
63652860000120,PREFEITO JOSE WALTER,
63655238000175,MEIRELES,
63655623000112,PARQUE SAO JOSE,
63655970000145,HENRIQUE JORGE,
63658313000151,BONSUCESSO,
63672670000174,DIONISIO TORRES,
63678179000150,GRANJA PORTUGAL,
63688746000150,BARRA DO CEARA,
63693466000130,CONJUNTO PALMEIRAS,
63704873000103,ALDEOTA,DOUGLAS MATOS DIAS
63708799000195,CAMBEBA,
63712183000198,CAJAZEIRAS,
63712198000156,JARDIM IRACEMA,
63714955000120,ANTONIO BEZERRA,
63717487000148,GRANJA LISBOA,
63719962000115,JARDIM DAS OLIVEIRAS,
63720722000130,AUTRAN NUNES,
63729801000102,PICI,
63730228000157,ITAPERI,
63732231000100,BOA VISTA-CASTELAO,
63732773000182,PARQUELANDIA,
63733120000118,PARREAO,
63733676000104,SAO GERARDO,
63735713000113,HENRIQUE JORGE,
63736801000130,BENFICA,
63736849000148,VILA VELHA,
63738866000114,BARRA DO CEARA,
63741062000174,AUTRAN NUNES,
63742224000199,CANINDEZINHO,
63743765000131,CONJUNTO CEARA II,
63744225000172,ARACAPE,
63746110000117,JARDIM IRACEMA,
63746347000106,GRANJA LISBOA,
63750086000190,CENTRO,
63754198000119,BONSUCESSO,
63756227000181,COCO,ANDIARA FERNANDES ARY
63759837000139,EDSON QUEIROZ,
63768038000129,ALDEOTA,
63776079000167,PRAIA DO FUTURO I,
63776285000177,BARRA DO CEARA,
63776452000180,FARIAS BRITO,
63784156000120,NOVO MONDUBIM,
63787333000122,JANGURUSSU,
63791996000110,COACU,JULIA PEREIRA DE LIMA
63795320000103,CONJUNTO PALMEIRAS,
63799517000102,AEROLANDIA,
63800566000118,PARQUELANDIA,
63809227000100,JANGURUSSU,
63811106000195,DEMOCRITO ROCHA,
63811577000101,VILA UNIAO,HELTON MOREIRA DA SILVA
63812389000190,HENRIQUE JORGE,
63815405000106,CIDADE DOS FUNCIONARIOS,
63822370000124,BARRA DO CEARA,
63823062000113,GRANJA PORTUGAL,
63825435000195,VILA VELHA,
63825644000139,ALDEOTA,
63826865000121,PARQUE DOIS IRMAOS,
63832801000133,MONDUBIM,
63833788000137,JOAQUIM TAVORA,
63837147000150,BARRA DO CEARA,
63837220000194,GRANJA LISBOA,
63841328000150,BARRA DO CEARA,
63847093000104,BARROSO,
63847943000174,SIQUEIRA,
63848365000190,GRANJA LISBOA,HELDER BARBOSA FERREIRA
63849074000117,ITAPERI,
63850251000185,PIRAMBU,
63850833000161,VILA UNIAO,
63851410000166,JANGURUSSU,
63853729000120,SIQUEIRA,
63855674000198,SIQUEIRA,
63856497000164,MONDUBIM,
63872381000119,FLORESTA,
63876101000140,PARQUE SANTA MARIA,
63878104000113,PLANALTO AYRTON SENNA,
63879932000176,SIQUEIRA,
63881212000145,GENIBAU,FRANCISCO JOSE CACIANO DA SILVA
63884494000134,JARDIM GUANABARA,
63884697000120,MUCURIPE,
63891470000102,CONJUNTO PALMEIRAS,
63893365000102,GENIBAU,
63902434000105,CIDADE 2000,
63903655000190,PAPICU,
63905623000123,SIQUEIRA,
63907852000187,MONDUBIM,
63910188000125,PAPICU,
63910679000176,MESSEJANA,
63911940000152,PARREAO,
63914221000195,PARQUE SAO JOSE,
63914789000106,BOM JARDIM,
63916736000124,DEMOCRITO ROCHA,
63917368000139,BENFICA,
63922844000100,CIDADE DOS FUNCIONARIOS,
63925983000197,JANGURUSSU,
63928395000107,JACARECANGA,
63929317000127,DIAS MACEDO,
63936806000106,JANGURUSSU,
63937618000100,CAMBEBA,
63937665000146,MONDUBIM,JARDEL PAULO PAIVA SANTOS
63939860000105,FATIMA,
63941287000174,VICENTE PINZON,
63946114000149,PAPICU,
63948936000169,JANGURUSSU,
63949249000168,PARQUE MANIBURA,
63951756000136,VILA PERI,
63953118000154,ALVARO WEYNE,
63953877000117,EDSON QUEIROZ,
63956367000101,CONJUNTO CEARA I,
63957903000185,PARQUELANDIA,
63959099000173,GRANJA LISBOA,
63973500000120,CARLITO PAMPLONA,
63983154000160,FATIMA,
63984851000136,FATIMA,
63986240000127,DAMAS,
63986785000133,PICI,
63995855000110,JARDIM DAS OLIVEIRAS,
63996918000152,VICENTE PINZON,
63997349000160,BOM JARDIM,
64010410000104,PARQUELANDIA,
64011201000177,VILA PERI,
64018431000168,SIQUEIRA,
64019298000164,MANOEL SATIRO,
64020556000122,ALDEOTA,LAELHA LIMA TRINDADE
64027088000118,PADRE ANDRADE,
64032327000128,PIRAMBU,
64041894000140,CONJUNTO CEARA I,
64042353000137,OLAVO OLIVEIRA,
64043230000110,JARDIM GUANABARA,
64043580000187,PRAIA DO FUTURO I,
64044692000152,GUAJERU,
64048920000162,VILA VELHA,
64051833000164,PARANGABA,
64053104000147,JOAQUIM TAVORA,ALINE OLIVEIRA FONTOURA
64061307000185,CANINDEZINHO,
64061719000115,MEIRELES,
64062338000150,PRESIDENTE KENNEDY,
64066969000148,GUAJERU,
64071225000111,RODOLFO TEOFILO,
64073234000141,CONJUNTO CEARA I,
64075432000144,CONJUNTO CEARA II,
64075940000122,BELA VISTA,
64084211000132,PICI,
64090497000169,VILA VELHA,
64091156000108,GRANJA PORTUGAL,
64097103000102,VILA VELHA,
64102183000139,PARQUE SAO JOSE,
64106790000177,MONTE CASTELO,
64107408000140,MEIRELES,
64107812000113,MONTESE,
64113485000102,JOAQUIM TAVORA,
64114801000160,JOQUEI CLUBE,
64117379000105,SAO BENTO,
64119232000146,CAMBEBA,
64122372000173,RODOLFO TEOFILO,
64124657000143,BARRA DO CEARA,
64124722000130,CENTRO,
64127782000107,BARRA DO CEARA,
64140259000110,PARQUE SANTA MARIA,
64160396000117,SIQUEIRA,
64165230000193,ALVARO WEYNE,
64166914000100,JACARECANGA,
64167266000106,PICI,
64167978000125,BELA VISTA,
64168914000149,BONSUCESSO,
64169297000104,PAPICU,
64170945000134,QUINTINO CUNHA,
64171993000147,BONSUCESSO,
64173265000174,COCO,MARCIOLA PINHEIRO BARROS
64173599000148,CIDADE DOS FUNCIONARIOS,
64174095000142,ALVARO WEYNE,
64175480000104,ALDEOTA,
64177414000173,DAMAS,
64178675000108,JANGURUSSU,
64179874000130,JARDIM DAS OLIVEIRAS,
64185072000133,SERRINHA,
64192229000158,COACU,
64197343000170,PIRAMBU,
64198380000101,PASSARE,MAGDA ARAUJO LIMA
64199406000128,MONDUBIM,NATALIA ERICA COSTA CARNEIRO ROSAS
64203792000184,VILA VELHA,
64205161000102,BONSUCESSO,
64205994000165,BOM JARDIM,
64206423000145,GENIBAU,
64211248000184,PAUPINA,
64212402000132,CRISTO REDENTOR,
64212762000134,PAUPINA,
64221945000116,HENRIQUE JORGE,
64224748000150,GRANJA PORTUGAL,
64226365000111,HENRIQUE JORGE,
64226504000107,CONJUNTO PALMEIRAS,
64231782000152,GENIBAU,
64232213000121,SERRINHA,
64235747000101,VILA VELHA,
64236828000126,PASSARE,
64238024000166,GRANJA LISBOA,
64239647000153,VICENTE PINZON,
64242507000134,JARDIM AMERICA,
64244244000100,JANGURUSSU,
64244274000109,ALDEOTA,
64245363000170,ALVARO WEYNE,
64249902000149,VILA UNIAO,
64255139000169,VICENTE PINZON,JEOVA AGUIAR
64256011000110,CONJUNTO ESPERANCA,
64256016000142,BARROSO,
64257944000121,MONDUBIM,
64259173000101,BARROSO,
64261181000192,SERRINHA,
64264116000110,DAMAS,KAIO FEITOSA ASSUNCAO
64264987000134,PARQUE PRESIDENTE VARGAS,
64265798000186,DE LOURDES,
64275435000121,MANOEL SATIRO,
64276651000191,ITAPERI,
64281820000181,MESSEJANA,
64282918000153,ALDEOTA,
64290373000127,MONDUBIM,
64292607000175,SERRINHA,
64293252000139,PIRAMBU,
64293825000124,VILA UNIAO,
64299232000175,CAIS DO PORTO,
64304878000101,BENFICA,
64306797000132,GRANJA LISBOA,
64308567000102,VILA VELHA,
64313092000142,VILA PERI,
64316984000105,TAUAPE,
64323707000111,VICENTE PINZON,
64325610000148,PASSARE,
64327037000101,HENRIQUE JORGE,
64329381000130,BELA VISTA,
64331594000104,DEMOCRITO ROCHA,
64332444000107,SIQUEIRA,
64332854000158,JANGURUSSU,
64333934000128,PLANALTO AYRTON SENNA,
64334411000104,PARANGABA,
64334468000103,PARQUE SANTA MARIA,
64334496000112,SAPIRANGA-COITE,
64347142000102,VILA VELHA,
64347754000103,TAUAPE,
64348054000125,DIONISIO TORRES,
64351350000185,PARQUE MANIBURA,
64353182000167,BONSUCESSO,
64354513000183,FARIAS BRITO,
64355046000106,PARQUE SANTA MARIA,
64356955000169,ELLERY,
64358347000193,CARLITO PAMPLONA,
64360435000120,MANOEL SATIRO,
64360468000170,ARACAPE,
64362740000150,FLORESTA,
64364209000117,HENRIQUE JORGE,
64364513000164,AUTRAN NUNES,
64372736000173,PAUPINA,
64373172000193,MARAPONGA,ROMULO MENDES PICANCO
64376004000151,ALDEOTA,
64381183000115,JARDIM DAS OLIVEIRAS,
64382071000189,MESSEJANA,
64384766000108,SERRINHA,
64386011000134,MUCURIPE,
64387942000157,JOAQUIM TAVORA,
64394698000150,BOM JARDIM,
64394854000182,BENFICA,
70080163000107,CAMBEBA,FERNANDO KAZUO DE SOUSA NOTO
72074933000134,DIONISIO TORRES,EVELINE MAIA VELOSO
72233570000132,PARQUELANDIA,
72522691000102,CENTRO,
73233611000153,SAO GERARDO,
73287831000160,MONTESE,
73303661000160,MONTESE,
73349417000138,ALDEOTA,ANTONIO CARLOS HORACIO DE MESQUITA
73796203000100,PAPICU,
86922036000148,ALDEOTA,
97527139000120,PARQUELANDIA,
97527362000177,SAO BENTO,
97531975000188,JARDIM GUANABARA,
97534027000104,SAPIRANGA,
97537041000153,PREFEITO JOSE WALTER,
97542728000187,JARDIM DAS OLIVEIRAS,
97543088000120,BONSUCESSO,
97548697000171,SAPIRANGA / COITE,
00427257000124,ALDEOTA,
00451008000174,MEIRELES,ROSIDANIA MARIA PEIXOTO DA SILVA
00934933000156,ALDOETA,
01072134000180,ALDEOTA,MADELEINE DE FATIMA MACHADO DE AQUINO
01498380000107,MANUEL DIAS BRANCO,ELIS REGINA BARROS LINS
02197856000124,ENGENHEIRO LUCIANO CAVALCANTE,
02229931000191,ALDEOTA,EDILSON NOGUEIRA PINHEIRO
02229931000353,MARAPONGA,EDILSON NOGUEIRA PINHEIRO
02229931000604,PRESIDENTE KENNEDY,EDILSON NOGUEIRA PINHEIRO
02665956000138,ALDEOTA,CYNTHIA DE ANDRADE GOMES FREITAS
03240067000191,FATIMA,CAMILA VERISSIMO MEDEIROS MARQUES
03556987000113,ALAGADICO NOVO,SAMIA LEITE CALVET BAZ
03580740000132,VILA MANOEL SATIRO,ANTONIO MARCELINO MENDES DE OLIVEIRA
03712831000184,ALDEOTA,MARIA CELIA DE OLIVEIRA
03898049000100,BENFICA,IRENIR GERMANO FERREIRA
04014036000185,MEIRELES,JOAO BATISTA AGUIAR RIBEIRO FILHO
04141502000193,FATIMA,MARIA VANUZA COSTA SOARES
04597678000154,CENTRO,CINDY LUCIA SILVA CARVALHO
04688692000163,MEIRELES,CIRO MATOS FERREIRA GOMES
05153297000149,MEIRELES,
05466096000100,MEIRELES,FLORITZA GURGEL VASCONCELOS
05648909000174,DIONISIO TORRES,LUCIA MARIA ALVES SOARES
05698967000102,MARAPONGA,JOAO PAULO OLINDA ROLIM
05741719000105,MESSEJANA,FRANCISCO ENZO DE SOUSA FURTADO
05925210000104,PAPICU,ANNA TEREZA COSTA PORCINO
06275724000124,ALDEOTA,CRISTIANE PEREIRA DE SOUSA
07067849000121,CARLITO PAMPLONA,
07103329000127,DIONISIO TORRES,
07435411000159,PARQUELANDIA,DAMARYS GOMES RODRIGUES
07484324000191,C DOS FUNCIONARIOS,ANA KARINE LINHARES DE CASTRO
07525729000120,ANTONIO BEZERRA,
07828027000116,PARQUE MANIBURA,
07879957000107,ALDEOTA,JOSE ALEXANDRE BEZERRA DE OLIVEIRA
07924904000152,DAMAS,
08325977000190,PRAIA DE IRACEMA,
08438406000162,PARQUE GENIBAU,
08472267000193,ALAGADICO,ZILMA JACINTO MATIAS
08489592000169,JARDIM AMERICA,MARCOS PAULO RIBEIRO DOS SANTOS
08587541000170,ANTONIO BEZERRA,
08632169000176,CIDADE DOS FUNCIONARIOS,MONICA CRISTINA ROBERTO MOTA
08632169000257,BAIRRO DE FATIMA,MONICA CRISTINA ROBERTO MOTA
08787385000190,COCO,RENATA RIBEIRO PARENTE
08845676019450,EDSON QUEIROZ,FABIO ITIKAWA
08845676019530,PARANGABA,FABIO ITIKAWA
08845676019611,PAPICU,FABIO ITIKAWA
08845676019883,ALDEOTA,FABIO ITIKAWA
08845676028955,JOQUEI CLUBE,FABIO ITIKAWA
08845676036974,PRESIDENTE KENNEDY,FABIO ITIKAWA
08849338000124,MEIRELES,RENATA RIBEIRO PARENTE
09376307000166,SERRINHA,
09601051000143,ALDEOTA,ANA BEATRIZ DA SILVA SOUSA
09611839000130,PREFEITO JOSE WALTER,
10193045000183,PAPICU,CRISTINA MARIA DO NASCIMENTO MARCHETTI
10404641000165,PRAIA DO FUTURO I,
10405384000186,CAMBEBA,
10685091000108,PRAIA DE IRACEMA,SIMONA ANNA FEDERICA PESCINI
10687266000108,ALDEOTA,
11262872000144,EDSON QUEIROZ,
11263025000285,ALDEOTA,MARIO DAVID VALENTIM ESTEVES MARTINS
11293074000180,BOM JARDIM,
11298893000110,BOM JARDIM,
11313626000174,PREFEITO JOSE WALTER,
11442547000163,SAO GERARDO,CRISTINA MARIA SOUZA PEREIRA
11477235000195,ALDEOTA,
11500639000152,MEIRELES,ANDREIA NOGUEIRA
11546844000159,JOQUEI CLUBE,SHEILA MARIA DE SOUZA
11674416000101,MEIRELES,
11677883000195,JANGURUSSU,
11795788000196,ALDEOTA,FERNANDO SIQUEIRA CALDAS
11830567000101,PAUPINA,
11862597000108,PARANGABA,
11877105000140,JACARECANGA,
11897127000171,CAJAZEIRAS,
11945453000107,JARDIM DAS OLIVEIRAS,
11961388000103,DIONISIO TORRES,
12007283000182,CIDADE 2000,
12033515000177,SIQUEIRA,
12242977000102,JOAQUIM TAVORA,
12253478000102,ALAGADIO NOVO,MARIA HELENA MIRANDA MESSIAS BRANDAO
12342822000130,FATIMA,
12400148000100,PARQUE SANTA MARIA (MESSEJANA),
12415437000175,ALDEOTA,ETHAN MARTINS DA PAZ JUNIOR
12444403000109,BARROSO,
12476945000163,FATIMA,BIANCA CAMARAO OLIVEIRA POMBO
12660428000140,MUCURIPE,KIRNA KARINA AIRES DA COSTA
12660545000103,ALDEOTA,NADLA MARIA MELO E SILVA MESQUITA
12674833000117,ALDEOTA,
12690703000178,VICENTE PINZON,
12725846000178,PARQUE DOIS IRMAOS,
12730805000170,JARDIM GUANABARA,
12750124000173,VICENTE PINZON,
12758104000149,PLANALTO AYRTON SENNA,
12770267000147,JANGURUSSU,
12787270000173,ALDEOTA,
12792386000109,CAMBEBA,
12828397000193,MANUEL SATIRO,
12867852000160,CENTRO,
12889209000137,MARAPONGA,
12926195000184,PASSARE,
12943010000140,SERRINHA,
12950620000170,MUCURIPE,
12955546000185,CRISTO REDENTOR,
12970116000132,SIQUEIRA,
12976854000197,DIONISIO TORRES,
13010273000169,ALDEOTA,
13092396000196,FATIMA,
13167874000180,PICI,
13189259000174,ALDEOTA,MARIANA ANASTESIA PAIVA MARTINS DOS SANTOS
13240473000108,COCO,
13311125000184,JANGURUSSU,
13369484000192,CIDADE DOS FUNCIONARIOS,
13391797000147,JOQUEI CLUBE,
13432608000137,VILA VELHA,
13462984000174,JARDIM DAS OLIVEIRAS,
13475185000132,CIDADE DOS FUNCIONARIOS,
13519273000199,CIDADE DOS FUNCIONARIOS,
13608712000130,DIONISIO TORRES,
13608712000210,ALDEOTA,
13626881000100,ALDEOTA,
13696251000102,ALDEOTA,
13704711000199,MESSEJANA,
13708139000136,OLAVO OLIVEIRA,
13749805000184,MONTESE,
13754778000138,MONTESE,
13759190000177,CAIS DO PORTO,
13761312000160,ALDEOTA,DANIELLE CHRISTINE DINIZ OLIVEIRA
13772453000188,MONTESE,
13811941000157,JANGURUSSU,
13858554000176,MEIRELES,
13859351000102,CENTRO,
13875040000129,PAPICU,
13878631000150,CONJUNTO CEARA,
13898239000172,BOM JARDIM,
13906584000100,MESSEJANA,
13959717000107,CANINDEZINHO,
13962172000198,CONJUNTO CEARA,
13975584000162,FATIMA,JOSE ANCHIETA BESSA VASCONCELOS
13979175000134,BARRA DO CEARA,ANA BEATRIZ MARTINS CRUZ
13985217000140,ALDEOTA,
14038310000100,BARRA DO CEARA,
14039419000161,PARANGABA,
14080104000168,DENDE,
14087086000146,CONJUNTO CEARA I,
14122555000110,CAIS DO PORTO,
14138502000198,MONTESE,
14147611000171,DIONISIO TORRES,
14148071000140,FATIMA,
14151456000167,ALDEOTA,PATRICIA DANIELLE BARROS FERREIRA
14166962000120,PARREAO,
14190242000108,CONJUNTO PALMEIRAS,
14190792000119,MANUEL SATIRO,
14250631000173,CONJUNTO CEARA II,
14274315000131,MESSEJANA,
14280786000152,JOSE BONIFACIO,
14307940000132,BELA VISTA,
14323678000110,MONDUBIM,
14326100000117,PARQUELANDIA,
14332975000121,PASSARE,
14349818000129,PRESIDENTE KENNEDY,
14351031000100,VILA VELHA,
14355258000115,ALDEOTA,REGINA COELE LACERDA SA
14359340000118,CONJUNTO CEARA,
14394168000133,PASSARE,
14410852000161,PARQUE DOIS IRMAOS,ALEXSANDRO DA SILVA
14416295000196,ITAOCA,
14418764000106,ALDEOTA,
14429848000145,JARDIM IRACEMA,
14435647000150,RODOLFO TEOFILO,
14440687012601,PRESIDENTE KENNEDY,KILMER DUARTE LIMA
14440687013845,PRESIDENTE KENNEDY,KILMER DUARTE LIMA
14469929000179,LAGOA REDONDA,
14513551000163,ENGENHEIRO LUCIANO CAVALCANTE,
14542275000161,MESSEJANA,
14566303000180,PAPICU,
14598075000120,GUARARAPES,
14613670000198,MONTESE,
14618392000161,HENRIQUE JORGE,
14621451000150,ALDEOTA,MARIA ELISABETH ROCHA FROTA
14623403000100,BOM FUTURO,
14644479000103,CONJUNTO CEARA,
14663253000150,CAMBEBA,
14746817000118,CAMBEBA,
14820198000164,PARANGABA,
14827157000108,JARDIM,GARDENE DE CARVALHO LOPES
14831387000132,PRAIA DE IRACEMA,
14845129000105,ITAOCA,
14847528000105,GRANJA LISBOA,
14847699000134,CONJUNTO CEARA,
14856011000182,BARROSO,
14881835000102,VICENTE PINZON,
14884034000109,SAO JOAO DO TAUAPE,
14886293000160,JANGURUSSU,
14891897000103,JANGURUSSU,
14893803000127,SAPIRANGA,
14899259000120,PARANGABA,
14901588000169,JOAQUIM TAVORA,
14921107000187,MONDUBIM,
14941543000118,DENDE,
14965789000120,PARANGABA,
14995522000185,JARDIM DAS OLIVEIRAS,
15000259000100,CIDADE DOS FUNCIONARIOS,
15000712000188,DE LOURDES,
15034683000175,EDSON QUEIROZ,
15047874000171,ALDEOTA,JOYCE GODINHO NUNES
15058101000190,CENTRO,
15064887000159,BOM FUTURO,
15065130000180,PARQUE GENIBAU,
15103447000163,CENTRO,VICENTE DE PAULO PEREIRA FILHO
15106216000103,PARQUE SANTA MARIA,
15170573000130,PARQUE PRESIDENTE VARGAS,
15174454000156,CENTRO,
15202012000176,PREFEITO JOSE WALTER,
15255913000126,MESSEJANA,
15256758000162,CENTRO,
15261452000102,CONJUNTO CEARA,
15266608000130,ITAPERI,
15308383000137,JOSE DE ALENCAR,
15308770000173,JOSE DE ALENCAR,
15313413000101,MESSEJANA,
15329960000177,CENTRO,
15332480000165,DEMOCRITO ROCHA,EMANUEL RODRIGUES JUNIOR
15337467000107,DIONISIO TORRES,JOAO RIBEIRO CRISOSTOMO
15409503000192,CIDADE DOS FUNCIONARIOS,VERONICA OLIVEIRA BATISTA AMORIM
15411254000170,CENTRO,
15411397000181,BARRA DO CEARA,
15418332000168,JANGURUSSU,
15424110000158,ITAPERI,
15448035000165,PLANALTO AYRTON SENNA,
15452996000143,VILA VELHA,
15484625000143,MANUEL SATIRO,
15485091000170,MEIRELES,SUVIENE ADRIANO VASCONCELOS BAGGIO
15562651000142,JARDIM DAS OLIVEIRAS,
15582130000157,ANTONIO DIOGO,
15583973000178,SAO JOAO DO TAUAPE,
15601997000102,JACARECANGA,
15625943000187,MONTESE,
15628768000181,JOAQUIM TAVORA,
15639241000152,SERRINHA,
15660807000128,ALDEOTA,
15693242000185,PAPICU,TATIANE ROSENO DE OLIVEIRA
15716029000141,PARQUE SANTA MARIA,
15729563000192,JANGURUSSU,
15738097000101,FARIAS BRITO,
15743845000144,DIONISIO TORRES,
15767137000143,JANGURUSSU,
15782507000111,BOM FUTURO,
15866256000153,LAGOA REDONDA,
15867060000183,PARANGABA,
16366202000191,SAPIRANGA-COITE,ADRIANA RODRIGUES DA COSTA FERNANDES
16462595000137,MONTE CASTELO,
16491006000149,DAMAS,
16510628000177,ANTONIO BEZERRA,
16559566000198,SAO JOAO DO TAUAPE,
16595587000169,CENTRO,
16647685000100,VILA PERI,
16648753000148,PASSARE,
16655740000104,CIDADE 2000,
16673503000168,MONDUBIM,
16687751000168,DEMOCRITO ROCHA,
16688116000103,MEIRELES,
16692146000185,JANGURUSSU,
16721985000184,MONTE CASTELO,
16750332000123,ALDEOTA,MARIA ALEJANDRA ANDREKEVICH
16752237000169,CANINDEZINHO,
16758323000189,PASSARE,
16797625000166,PARREAO,
16820707000184,PREFEITO JOSE WALTER,
16827275000133,DIONISIO TORRES,
16839745000189,ALDEOTA,
16876733000124,ENGENHEIRO LUCIANO CAVALCANTE,
16890426000106,CONJUNTO ESPERANCA,
16914835000197,JANGURUSSU,
16923495000160,CENTRO,
16923837000142,MESSEJANA,
16929419000162,AMADEU FURTADO,TAIS XIMENES TEIXEIRA DOS SANTOS
17001052000185,ANTONIO BEZERRA,
17025159000163,PASSARE,
17028836000105,ALDEOTA,ANTONIO MARCONI SIMEAO CIDRAO
17029347000160,PRESIDENTE KENNEDY,
17029347000240,PAPICU,
17030146000182,TAUAPE,
17035708000180,CAIS DO PORTO,
17049783000109,BARRA DO CEARA,
17055228000181,ARACAPE,
17088617000103,CENTRO,
17109445000107,COACU,
17118536000109,NOVO MONDUBIM,
17148924000132,MONDUBIM,
17163134000126,VILA VELHA,
17183239000147,BARRA DO CEARA,
17204867000161,AEROLANDIA,
17233333000163,MONTESE,
17253082000189,PASSARE,
17275435000141,PARANGABA,
17292769000123,BARRA DO CEARA,
17292832000121,ITAPERI,
17298348000100,JARDIM DAS OLIVEIRAS,
17340807000176,MESSEJANA,
17345145000127,BOM JARDIM,
17355589000143,CONJUNTO CEARA,
17362282000170,AEROLANDIA,
17431491000128,CIDADE 2000,
17434151000150,DEMOCRITO ROCHA,
17441511000141,FARIAS BRITO,
17457976000190,CAMBEBA,
17480884000121,PADRE ANDRADE,
17490876000166,JOAQUIM TAVORA,PEDRO PETRONIO DOS SANTOS JUNIOR
17505960000106,MUCURIPE,
17519664000164,PARANGABA,
17537902000164,PASSARE,
17587146000188,JARDIM IRACEMA,
17603273000123,BARROSO,
17612456000105,MONDUBIM,
17634664000105,JARDIM DAS OLIVEIRAS,
17641731000119,MESSEJANA,
17644112000188,PARQUELANDIA,
17655595000116,GUAJIRU,
17660320000170,PICI,
17675054000150,SABIAGUABA,
17690052000130,PAN AMERICANO,
17695146000100,MUCURIPE,
17716558000170,MUCURIPE,
17729759000102,ALVARO WEYNE,
17741605000136,VICENTE PINZON,
17744291000125,BOM FUTURO,
17746619000142,EDSON QUEIROZ,
17747679000180,PARQUELANDIA,ANTONIA ROZANIA MARTINS PAIVA
17747929000181,PASSARE,
17749141000104,PAN AMERICANO,
17751456000196,PAN AMERICANO,
17786358000194,MESSEJANA,
17852231000126,DOM LUSTOSA,
17915615000140,FATIMA,
17918883000116,PAPICU,ALEXANDRE PECHI BARRIVIERA
17930890000133,JACARECANGA,
17946474000123,VILA VELHA,
17962469000104,FATIMA,
17975704000182,SAO GERARDO,
17978301000197,CAMBEBA,
17991129000101,ALDEOTA,FRANCISCA ERIKA FREITAS CAVALCANTE
18008741000184,CONJUNTO ESPERANCA,
18020637000105,CENTRO,
18043157000160,DAMAS,
18048432000138,JOQUEI CLUBE,
18054886000111,CIDADE 2000,
18069810000160,SAO JOAO DO TAUAPE,
18083474000100,BOM JARDIM,
18106897000106,CRISTO REDENTOR,
18108938000195,DIAS MACEDO,
18110356000143,JARDIM CEARENSE,EMANUELLE CRISTINA SOUZA MACIEL
18114507000131,MONDUBIM,
18116876000163,PAPICU,
18130057000170,ITAOCA,
18148109000136,BOM JARDIM,
18148689000161,BONSUCESSO,
18150824000103,CONJUNTO ESPERANCA,
18170144000151,ITAOCA,
18170469000134,PREFEITO JOSE WALTER,
18175139000131,PREFEITO JOSE WALTER,
18192262000160,RODOLFO TEOFILO,
18195296000109,ALDEOTA,
18233042000138,ITAPERI,
18278241000162,BARRA DO CEARA,
18283429000107,GRANJA LISBOA,MARIA CELIZ SILVA SOUSA
18283429000280,ALDEOTA,MARIA CELIZ SILVA SOUSA
18306551000143,PRESIDENTE KENNEDY,
18307325000187,PARANGABA,
18334135000159,MANUEL SATIRO,
18350163000160,VILA PERI,
18390075000191,CONJUNTO CEARA,
18392111000156,PREFEITO JOSE WALTER,
18392433000103,ITAOCA,
18404010000158,PARQUE DOIS IRMAOS,
18437663000133,PRAIA DE IRACEMA,
18448774000145,ITAPERI,
18449099000179,ALDEOTA,
18449622000167,BOA VISTA,
18479053000100,ITAOCA,
18481040000168,JARDIM DAS OLIVEIRAS,
18487063000180,MESSEJANA,
18499646000120,QUINTINO CUNHA,
18517018000120,ITAOCA,
18523716000139,SAO JOAO DO TAUAPE,
18544446000142,AEROPORTO,
18545311000100,PRESIDENTE KENNEDY,DEBORA KATILENE FRANCESCONI MOREIRA
18558525000102,PAPICU,
18559736000160,MONTE CASTELO,
18571214000183,CAJAZEIRAS,
18582602000160,MESSEJANA,
18595437000180,CENTRO,
18600565000175,PAPICU,
18611510000160,DIONISIO TORRES,MARCIO ROCHA CRISOSTOMO
18618018000117,PASSARE,
18625289000108,JANGURUSSU,
18625611000190,JARDIM DAS OLIVEIRAS,
18627011000161,MUCURIPE,
18627211000114,PAPICU,
18628098000191,BOA VISTA,
18632791000138,JANGURUSSU,
18634944000186,CIDADE DOS FUNCIONARIOS,
18639314000102,GRANJA PORTUGAL,
18665483000109,ALTO DA BALANCA,
18702941000132,CRISTO REDENTOR,
18720899000182,PEDRAS,
18753282000163,JARDIM IRACEMA,
18755713000120,PRESIDENTE KENNEDY,VITOR SALOMAO SEVICO
18755992000122,BARRA DO CEARA,
18765258000144,MONTESE,
18789794000180,BOM JARDIM,
18792567000103,QUINTINO CUNHA,
18797939000194,QUINTINO CUNHA,
18817967000126,VICENTE PINZON,
18817990000110,PARQUE GENIBAU,
18822192000187,CIDADE DOS FUNCIONARIOS,
18822413000117,JOAQUIM TAVORA,
18831981000184,ALVARO WEYNE,
18847617000102,NOVO MONDUBIM,
18871623000103,PARANGABA,
18903796000158,JOAQUIM TAVORA,FLAVIA ALVES DE ALCANTARA
18909078000199,PARQUE DOIS IRMAOS,
18936712000182,PARQUE SAO JOSE,
18971847000189,JARDIM AMERICA,
18973935000110,PARQUE PRESIDENTE VARGAS,
19024943000182,SIQUEIRA,
19053937000153,MESSEJANA,
19054102000118,EDSON QUEIROZ,
19085586000162,CAJAZEIRAS,
19105638000115,LAGOA REDONDA,
19106864000110,FLORESTA,
19132787000173,BARRA DO CEARA,
19137929000195,PRESIDENTE KENNEDY,
19138029000162,PASSARE,
19138766000165,MONTESE,
19150906000110,ENGENHEIRO LUCIANO CAVALCANTE,
19163848000160,JANGURUSSU,
19169265000146,JOSE DE ALENCAR,
19170312000171,PARREAO,
19175147000140,PARANGABA,
19193414000102,JOQUEI CLUBE,
19197361000106,CONJUNTO ESPERANCA,
19214791000180,MEIRELES,ORLANDO CAVALCANTE TEIXEIRA JUNIOR
19226961000147,JOAQUIM TAVORA,
19238267000140,PAPICU,
19264574000103,PAUPINA,
19267253000154,JARDIM DAS OLIVEIRAS,
19275191000122,ALDEOTA,
19287565000120,MEIRELES,
19293874000102,HENRIQUE JORGE,
19308226000182,PAPICU,
19308437000115,CRISTO REDENTOR,
19309931000102,MANUEL SATIRO,
19310488000181,EDSON QUEIROZ,
19320224000109,PARQUELANDIA,ANA PAULA MOURA ANTUNES
19328086000104,JARDIM CEARENSE,
19337353000100,CIDADE DOS FUNCIONARIOS,
19339323000132,JARDIM DAS OLIVEIRAS,
19343192000167,DIONISIO TORRES,SARA RAMALHO RODRIGUES DE ANDRADE
19357834000187,JANGURUSSU,
19363101000155,ALDEOTA,
19392793000160,PAPICU,FRANCISCO MARCIO ROSA CAVALCANTE FILHO
19418333000163,CAIS DO PORTO,
19418396000110,PAPICU,
19435855000173,CAIS DO PORTO,
19456678000101,PREFEITO JOSE WALTER,
19457470000107,SAO JOAO DO TAUAPE,
19462097000182,ALTO DA BALANCA,
19469882000167,ALDEOTA,
19472656000135,ALTO DA BALANCA,
19472804000111,MONTE CASTELO,
19481445000169,CAJAZEIRAS,
19496325000135,ALDEOTA,
19518922000113,DIAS MACEDO,
19521646000142,PASSARE,
19529043000197,JOAQUIM TAVORA,
19529871000125,CIDADE DOS FUNCIONARIOS,
19546194000153,MONDUBIM,
19552682000173,MANUEL SATIRO,
19556803000155,VILA PERI,
19561842000140,PEDRAS,
19564423000162,PAPICU,
19564466000148,VICENTE PINZON,
19608887000123,MONDUBIM,
19612114000110,JARDIM AMERICA,
19612263000180,PREFEITO JOSE WALTER,
19627070000100,CENTRO,
19641949000107,PREFEITO JOSE WALTER,
19649611000193,LAGOA REDONDA,
19671922000159,JOSE BONIFACIO,
19682774000178,PAPICU,
19702861000140,BARROSO,
19719288000187,JARDIM DAS OLIVEIRAS,
19727553000179,PARANGABA,
19729641000100,PLANALTO AYRTON SENNA,
19739426000190,MESSEJANA,
19768342000184,CONJUNTO CEARA,
19778733000180,FLORESTA,
19781346000100,EDSON QUEIROZ,
19831467000101,ANTONIO BEZERRA,
19853398000137,PRAIA DE IRACEMA,
19874140000117,PARQUE MANIBURA,
19888705000115,BOM FUTURO,
19888773000184,SAO JOAO DO TAUAPE,
19926178000196,MESSEJANA,
19996559000141,RODOLFO TEOFILO,
19999329000136,ITAOCA,
20027948000148,MESSEJANA,
20029470000195,DAMAS,
20088516000147,ALVARO WEYNE,
20094731000150,MUCURIPE,
20115121000196,CENTRO,
20148247000167,CIDADE DOS FUNCIONARIOS,
20188471000182,PREFEITO JOSE WALTER,
20197799000165,JARDIM AMERICA,
20232529000148,CRISTO REDENTOR,
20305341000182,MEIRELES,LUCIANA MAGNA PEREIRA FREIRE
20350673000189,JOSE BONIFACIO,
20405253000152,RODOLFO TEOFILO,
20411800000102,DEMOCRITO ROCHA,
20417999000186,CIDADE DOS FUNCIONARIOS,
20468207000100,FATIMA,
20475202000105,CIDADE DOS FUNCIONARIOS,
20540793000149,PARQUE DOIS IRMAOS,
20544571000102,PLANALTO AYRTON SENNA,
20556008000146,GRANJA PORTUGAL,
20588507000115,MARAPONGA,
20605873000135,AUTRAN NUNES,
20611754000195,SERRINHA,
20617441000144,MEIRELES,
20627911000150,JARDIM CEARENSE,
20628127000167,JARDIM GUANABARA,
20637728000136,CAJAZEIRAS,
20642258000107,PAN AMERICANO,
20684630000130,MONDUBIM,
20688756000182,JARDIM AMERICA,
20693097000172,PREFEITO JOSE WALTER,
20699033000189,PARQUE DOIS IRMAOS,
20701938000146,CAMBEBA,
20718691000170,BOM FUTURO,
20726922000198,VILA UNIAO,
20734942000100,ANTONIO BEZERRA,
20750882000110,PASSARE,
20767769000147,ENGENHEIRO LUCIANO CAVALCANTE,
20769031000119,CENTRO,
20773922000149,FATIMA,FRANCISCA ELEONILDA SILVA PEREIRA
20785005000184,VARJOTA,
20785728000183,MONTESE,
20785825000176,JOQUEI CLUBE,
20868069000149,VILA PERI,ALDEIZA SILVA ABREU
20868172000199,ALDEOTA,
20873961000118,VILA ELLERY,
20889017000159,ANTONIO BEZERRA,
20891542000109,DIONISIO TORRES,
20896799000153,VICENTE PINZON,
20959415000102,CIDADE 2000,
20973173000101,FLORESTA,
21002562000144,MEIRELES,
21005645000197,MONTE CASTELO,
21030608000139,VILA PERI,
21031187000160,ALDEOTA,
21050103000136,JOSE BONIFACIO,
21069779000171,DIAS MACEDO,
21107168000170,ALDEOTA,
21113293000193,BARRA DO CEARA,
21124000000173,FATIMA,
21128443000132,DEMOCRITO ROCHA,
21172669000130,MANUEL SATIRO,
21196314000181,JOQUEI CLUBE,
21200325000198,CIDADE DOS FUNCIONARIOS,
21202666000100,JOAQUIM TAVORA,
21217342000138,EDSON QUEIROZ,NAMIO EVANGELISTA CAVALCANTE DE SOUSA
21229163000110,CANINDEZINHO,
21246337000153,ARACAPE,
21249348000197,MARAPONGA,
21256915000132,ANTONIO BEZERRA,
21273258000131,CENTRO,
21282001000146,MONDUBIM,
21290412000183,JACARECANGA,
21311371000164,GRANJA LISBOA,
21315637000147,ALDEOTA,OLGA EDIELICA RAMOS SARAIVA VIEIRA
21325446000166,CENTRO,
21390530000163,PARANGABA,
21403006000180,JANGURUSSU,
21416113000142,PREFEITO JOSE WALTER,
21419165000172,VARJOTA,
21420158000190,ENGENHEIRO LUCIANO CAVALCANTE,
21426357000106,ITAPERI,
21443657000101,MONTE CASTELO,
21444249000166,CONJUNTO CEARA,
21449248000104,MESSEJANA,
21468447000160,CAIS DO PORTO,
21476083000160,JANGURUSSU,
21497230000188,FATIMA,
21500361000177,PASSARE,
21515314000105,PASSARE,
21519831000144,GRANJA LISBOA,
21535355000155,JOAQUIM TAVORA,
21556312000156,CAMBEBA,JENNIFER CRISTINE NASCIMENTO
21558640000191,CENTRO,
21604860000104,ANTONIO BEZERRA,
21637815000156,ALTO ALEGRE,
21665899000131,PARANGABA,
21688719000137,CAMBEBA,
21716285000131,JARDIM DAS OLIVEIRAS,
21730329000188,JOAO XXIII,
21731473000139,BARRA DO CEARA,
21731623000104,BOM FUTURO,
21754236000193,CIDADE DOS FUNCIONARIOS,
21768605000105,ITAOCA,
21769808000108,CONJUNTO CEARA,
21777043000158,SAPIRANGA,
21780425000130,PARQUE MANIBURA,
21798692000135,EDSON QUEIROZ,
21813509000123,CENTRO,
21825175000108,CIDADE 2000,
21846046000104,MONTESE,
21863909000143,CENTRO,
21870031000173,JARDIM CEARENSE,
21923950000168,JACARECANGA,
21939440000189,CONJUNTO PALMEIRAS,
21939787000121,DIONISIO TORRES,JACQUELINE MARIA SOUZA BANDEIRA DE MELLO
21954816000124,PARQUE IRACEMA,
21961906000142,JANGURUSSU,
21962376000157,PAPICU,
21966840000183,CIDADE DOS FUNCIONARIOS,
21972296000182,GRANJA LISBOA,
21980997000163,CANINDEZINHO,
21992598000112,PARQUE ARAXA,
22004115000197,MONTESE,
22033030000137,FATIMA,JULIANA LIMA BEZERRA
22049537000189,VILA ELLERY,
22077667000125,NOVO MONDUBIM,
22096179000165,CAIS DO PORTO,
22111651000191,SAPIRANGA,MARIA SALETE RAMOS DE OLIVEIRA COSTA
22145962000171,MEIRELES,
22165506000193,EDSON QUEIROZ,LIGIA GOMES DE MENEZES SILVA
22195848000156,ALDEOTA,
22198426000134,VILA UNIAO,
22200353000178,GUAJIRU,
22202821000143,SAPIRANGA-COITE,EMANUEL SEVERIANO ALVES
22221320000104,CENTRO,
22232290000131,ALVARO WEYNE,
22276849000125,MARAPONGA,SAVIO HARLLEY DE ARAUJO
22327476000174,JOAQUIM TAVORA,
22328265000156,MONTE CASTELO,
22346088000130,COCO,
22354722000187,JARDIM CEARENSE,
22356937000137,JOSE BONIFACIO,
22360483000178,CENTRO,
22371619000145,CONJUNTO PALMEIRAS,KECIANA SILVA DOS SANTOS
22377890000198,MESSEJANA,
22382359000103,ALDEOTA,
22384500000107,ALDEOTA,
22410664000161,PASSARE,
22425217000186,JOAQUIM TAVORA,
22425593000170,MONTE CASTELO,
22462849000110,ALVARO WEYNE,
22467241000188,CAIS DO PORTO,
22480911000104,PARQUE ARAXA,
22492873000100,JANGURUSSU,
22495797000188,QUINTINO CUNHA,
22502687000104,LAGOA REDONDA,
22506876000147,AUTRAN NUNES,
22513625000190,RODOLFO TEOFILO,
22540805000160,PARREAO,
22543901000162,ALDEOTA,
22555836000195,ALDEOTA,
22570102000185,VILA UNIAO,
22580959000186,SAO BENTO,
22588830000114,ALDEOTA,
22593366000154,COCO,JOYCE PEREIRA OLIVEIRA
22598477000153,MEIRELES,
22642679000155,FLORESTA,GERLANY SOUZA DE MELO
22643038000115,SAO JOAO DO TAUAPE,
22678906000100,EDSON QUEIROZ,
22693912000129,PLANALTO AYRTON SENNA,
22706335000162,CONJUNTO ESPERANCA,
22717463000101,JOAQUIM TAVORA,VERONICA SA CARVALHO
22720722000153,VILA VELHA,
22733020000104,FARIAS BRITO,
22736105000146,PAPICU,
22741667000188,BARROSO,
22742560000154,MANOEL DIAS BRANCO,
22745161000147,PREFEITO JOSE WALTER,
22761569000102,PARREAO,
22766399000159,CONJUNTO CEARA,
22824786000102,CONJUNTO PALMEIRAS,
22824852000136,BARRA DO CEARA,
22843844000137,CIDADE DOS FUNCIONARIOS,LUCIA FLAVIA FURTADO SALGADO TOCACHELO
22857188000121,DEMOCRITO ROCHA,
22866801000177,JOQUEI CLUBE,
22875331000108,MONDUBIM,
22887302000166,CENTRO,RAIANE DA LUZ RODRIGUES
22900915000196,CIDADE DOS FUNCIONARIOS,
22918563000104,CAMBEBA,ANTONEIDE RODRIGUES DE SOUSA CARVALHO
22921579000168,CANINDEZINHO,
22941866000130,VILA VELHA,
22947625000106,EDSON QUEIROZ,
22966961000198,CARLITO PAMPLONA,
23003256000158,BARROSO,
23038779000130,PASSARE,
23044063000145,JANGURUSSU,
23058325000120,ALDEOTA,
23064345000104,BOM FUTURO,
23064990000127,ALDEOTA,TICIANA CAPELO PIMENTEL MACIEL
23071044000108,CONJUNTO PALMEIRAS,
23077210000183,FLORESTA,
23080908000158,CENTRO,
23108340000136,BARROSO,
23115382000102,JACARECANGA,
23142386000171,JARDIM GUANABARA,
23149624000170,MEIRELES,
23152201000100,JOQUEI CLUBE,
23159358000167,CONJUNTO CEARA,
23164283000102,SERRINHA,
23187571000182,GRANJA PORTUGAL,
23201530000101,MESSEJANA,
23250542000118,JACARECANGA,
23257443000168,DOM LUSTOSA,
23275157000125,MANUEL SATIRO,
23275775000175,JOQUEI CLUBE,
23287447000199,PAUPINA,
23298180000135,BONSUCESSO,
23333968000135,ALDEOTA,
23380718000156,JOSE BONIFACIO,
23381407000101,CAIS DO PORTO,
23394052000195,BONSUCESSO,IRACEMA PEREIRA SARAIVA
23399849000185,PARQUELANDIA,
23400477000160,AMADEU FURTADO,
23413363000154,JARDIM DAS OLIVEIRAS,
23447748000132,MEIRELES,
23490949000112,EDSON QUEIROZ,
23511685000136,RODOLFO TEOFILO,
23516559000174,MARAPONGA,
23519054000163,ALDEOTA,DANIELLE CRISTINA BARBOSA TURBE DELAMONICA
23528632000128,PAPICU,YURI RIBEIRO LOURENCO
23555597000136,DEMOCRITO ROCHA,REBECA AFIO MENDES
23564257000171,MEIRELES,
23619400000185,VARJOTA,
23629336000113,JOAQUIM TAVORA,
23642725000189,NOVO MONDUBIM,
23670945000116,VILA VELHA,
23686159000107,JOQUEI CLUBE,
23706937000182,GRANJA LISBOA,
23710464000197,DOM LUSTOSA,
23760927000125,RODOLFO TEOFILO,
23769213000188,MEIRELES,
23817367000106,PAUPINA,
23865771000147,JANGURUSSU,
23914794000102,BARROSO,
23914835000152,CIDADE DOS FUNCIONARIOS,
23951761000124,PARQUE ARAXA,
23964867000162,MONTESE,
24050615000190,PARQUE SANTA ROSA,
24067181000131,PARQUE IRACEMA,
24078158000142,CIDADE 2000,
24097758000158,PARANGABA,
24114901000172,EDSON QUEIROZ,
24138773000105,QUINTINO CUNHA,
24143555000150,COCO,
24147616000158,EDSON QUEIROZ,
24196905000147,FATIMA,
24202862000165,JANGURUSSU,
24220807000106,PARQUE SANTA ROSA,
24247946000115,PARQUE SANTA ROSA,
24259385000174,JANGURUSSU,
24265917000186,ALDEOTA,
24267588000102,ANTONIO BEZERRA,
24276936000108,JARDIM CEARENSE,
24301944000248,ALDEOTA,REGIANE MARTINS FIORENZA
24311347000113,DEMOCRITO ROCHA,VIVIANE CASTRO FERREIRA
24312128000159,VILA VELHA,
24317918000127,JANGURUSSU,
24379515000102,ALDEOTA,
24445643000107,VICENTE PINZON,
24455352000108,LAGOA REDONDA,
24497643000150,BELA VISTA,
24508276000143,PARQUE IRACEMA,
24527708000163,PAN AMERICANO,
24530828000110,MUCURIPE,
24534175000147,PRESIDENTE KENNEDY,
24541710000197,ANTONIO DIOGO,
24558411000165,DEMOCRITO ROCHA,
24569091000149,PIRAMBU,
24574722000118,JARDIM GUANABARA,
24631303000170,PAUPINA,
24660042000117,FATIMA,
24669615000173,CENTRO,
24697180000170,MONTE CASTELO,
24721873000151,SAO JOAO DO TAUAPE,
24733520000171,PICI,
24736676000106,EDSON QUEIROZ,
24736676000297,EDSON QUEIROZ,
24755830000197,CRISTO REDENTOR,
24757793000156,BARROSO,
24759366000107,PAN AMERICANO,
24789858000145,RODOLFO TEOFILO,
24801747000107,SIQUEIRA,
24834478000185,PARQUE ARAXA,
24881218000160,JARDIM DAS OLIVEIRAS,
24884059000158,CONJUNTO PALMEIRAS,
24918329000102,CENTRO,
24930664000118,DIONISIO TORRES,
24936790000180,JARDIM CEARENSE,
24937110000142,CURIO,
24994151000170,JOAQUIM TAVORA,
24998555000132,MESSEJANA,
25040344000155,PASSARE,
25064009000197,MARAPONGA,
25066987000178,PASSARE,
25066989000167,PASSARE,
25100816000118,GRANJA LISBOA,
25124757000118,ITAOCA,
25163693000164,CONJUNTO PALMEIRAS,
25206548000113,ANTONIO BEZERRA,
25244341000133,MEIRELES,
25246739000109,PARQUE SANTA ROSA,MARIANA DE SOUSA FERREIRA OLIVEIRA
25294707000189,EDSON QUEIROZ,
25306269000121,GUARARAPES,
25309969000170,PICI,MICHELLE ARAUJO PEREIRA
25311943000166,PLANALTO AYRTON SENNA,ANDREA PEIXOTO SANTOS
25329902000105,NOVO MONDUBIM,
25331689000168,OLAVO OLIVEIRA,
25333621000118,EDSON QUEIROZ,
25358390000105,VILA UNIAO,
25368282000105,MONDUBIM,
25382625000196,PARQUELANDIA,
25383885000186,PARQUELANDIA,
25527457000180,MEIRELES,
25892980000105,CIDADE DOS FUNCIONARIOS,
25912666000147,MONDUBIM,
25974318000102,MONDUBIM,
25989411000182,PARANGABA,SHEILA SOUSA SOARES
25999099000108,PARREAO,
26015028000196,ALDEOTA,
26019732000117,VILA VELHA,
26021349000101,CIDADE DOS FUNCIONARIOS,
26036094000142,PARANGABA,
26052375000199,PASSARE,
26066608000102,MESSEJANA,
26075583000103,PARQUE GENIBAU,
26114656000129,DAMAS,
26120680000170,FATIMA,
26134110000130,MUCURIPE,
26141057000102,ALDEOTA,
26145815000152,CANINDEZINHO,
26156127000198,PICI,
26173330000172,ALDEOTA,VITOR DE CASTRO
26183770000100,ENGENHEIRO LUCIANO CAVALCANTE,TANIA DOURADO FONTELES
26209366000169,CAIS DO PORTO,
26209725000188,MESSEJANA,HERNANDES ALVES ASSUNCAO
26228392000134,MONDUBIM,
26231358000119,MUCURIPE,
26233257000187,CANINDEZINHO,
26243029000198,SAPIRANGA-COITE,
26274503000149,ALDEOTA,
26315865000130,MONTE CASTELO,
26317217000113,PREFEITO JOSE WALTER,
26346649000152,AMADEU FURTADO,
26361101000181,JOAQUIM TAVORA,
26384823000151,DAMAS,
26432008000110,JARDIM AMERICA,
26443931000158,JARDIM IRACEMA,
26444890000114,ALDEOTA,
26450683000172,VICENTE PINZON,
26455714000188,AUTRAN NUNES,
26456066000184,MARAPONGA,
26462201000102,CARLITO PAMPLONA,
26519158000166,MANUEL SATIRO,
26524196000107,SAO JOAO DO TAUAPE,
26530768000160,MONDUBIM,
26546631000102,PARQUELANDIA,VALERIA HERCULANO DE LIMA SAMPAIO
26548256000121,COACU,
26551532000100,MESSEJANA,
26580338000153,CONJUNTO PALMEIRAS,
26581000000116,PRESIDENTE KENNEDY,
26628129000132,VICENTE PINZON,
26646572000136,MESSEJANA,
26670568000103,PARANGABA,
26673182000155,PASSARE,
26685357000144,BOM JARDIM,
26692906000108,MESSEJANA,
26693650000153,CENTRO,
26697587000123,MONTESE,
26708977000151,JOAQUIM TAVORA,
26735397000153,BONSUCESSO,
26742717000100,BOM JARDIM,
26744146000135,PAPICU,
26765062000188,JOQUEI CLUBE,ANA KERLLIA DE OLIVEIRA BARROS
26780038000118,DENDE,
26801796000175,DAMAS,
26802030000105,PATRIOLINO RIBEIRO,
26812807000112,MEIRELES,
26818900000134,SAO JOAO DO TAUAPE,
26823768000159,PREFEITO JOSE WALTER,AMANDA HULLY GOMES COSTA
26841910000190,CONJUNTO PALMEIRAS,
26848817000108,SAO BENTO,
26852425000112,JARDIM IRACEMA,
26852662000183,MEIRELES,
26853855000159,MEIRELES,
26857764000191,NOVO MONDUBIM,
26870108000129,CIDADE 2000,
26901409000172,MONTE CASTELO,
26906961000153,ANTONIO BEZERRA,
26920708000154,EDSON QUEIROZ,
26937630000180,CAIS DO PORTO,
26943465000170,GUAJIRU,
26949089000120,CAMBEBA,
26984552000175,PAPICU,
26989257000101,ENGENHEIRO LUCIANO CAVALCANTE,
27003106000103,MESSEJANA,
27003935000188,ITAPERI,
27032426000183,ITAPERI,
27036070000156,DENDE,
27037196000145,PARQUE DOIS IRMAOS,
27052131000179,SIQUEIRA,
27064934000143,VARJOTA,
27095015000137,CENTRO,
27097653000197,PARQUE SANTA MARIA,
27101910000117,JARDIM DAS OLIVEIRAS,
27118700000131,SIQUEIRA,
27121898000102,ALDEOTA,
27132037000120,DEMOCRITO ROCHA,
27152335000181,TAUAPE,
27174094000171,MESSEJANA,
27175670000103,MESSEJANA,
27195457000155,EDSON QUEIROZ,
27208525000173,AEROLANDIA,
27214776000160,CENTRO,
27215741000146,JARDIM GUANABARA,
27216978000141,PAPICU,
27217109000131,ENGENHEIRO LUCIANO CAVALCANTE,
27237302000134,CIDADE DOS FUNCIONARIOS,
27240348000102,MEIRELES,
27243927000109,CONJUNTO PALMEIRAS,
27258434000142,MEIRELES,
27269920000166,MONTESE,
27278834000110,BOM FUTURO,
27287402000175,JARDIM IRACEMA,
27288010000120,VICENTE PINZON,
27295667000115,ALDEOTA,
27304808000119,JACARECANGA,
27309826000193,ALDEOTA,
27338543000170,JOAQUIM TAVORA,
27347482000107,CRISTO REDENTOR,
27347945000130,CRISTO REDENTOR,
27383460000100,VILA VELHA,
27387986000150,ITAPERI,
27394706000131,VILA VELHA,
27439874000104,ALDEOTA,CAROLINE MARTINS NONATO
27462438000148,PASSARE,
27463056000139,CONJUNTO CEARA,
27473506000174,MONDUBIM,
27477503000109,MEIRELES,
27517181000184,COCO,
27523666000180,VICENTE PINZON,
27552414000180,SERRINHA,
27563289000103,DEMOCRITO ROCHA,MARIA DAIANE CASTRO FERREIRA
27576861000179,SAO GERARDO,
27605676000165,DIONISIO TORRES,
27634672000105,JARDIM AMERICA,
27656831000172,ITAPERI,
27657489000125,MONDUBIM,
27658540000113,DEMOCRITO ROCHA,
27674362000114,BARRA DO CEARA,
27689120000102,JANGURUSSU,
27709318000100,PARQUE MANIBURA,
27734921000134,CAMBEBA,
27774251000180,CENTRO,
27777088000109,MEIRELES,
27777765000199,ALTO DA BALANCA,
27778701000102,SAPIRANGA-COITE,
27784077000156,CIDADE DOS FUNCIONARIOS,
27796851000149,CAMBEBA,
27811346000126,MEIRELES,
27834188000120,PLANALTO AYRTON SENNA,
27835385000163,SIQUEIRA,
27847695000106,ALVARO WEYNE,
27852806000164,QUINTINO CUNHA,
27869821000115,BELA VISTA,
27885727000150,FATIMA,
27900818000117,JOQUEI CLUBE,
27906901000101,LAGOA REDONDA,
27911902000136,CONJUNTO ESPERANCA,
27921156000161,ALDEOTA,MARIA DE NAZARE DOS SANTOS
27922377000154,ALTO DA BALANCA,
27925339000155,ALDEOTA,
27930260000112,SAO JOAO DO TAUAPE,
27941039000160,CAMBEBA,
27969745000110,FATIMA,
27984197000105,MEIRELES,
28013178000196,GRANJA LISBOA,
28038838000193,JARDIM GUANABARA,
28044230000171,PICI,
28056518000166,CONJUNTO CEARA,
28067256000135,MEIRELES,
28110193000152,PRESIDENTE KENNEDY,
28114509000184,ALDEOTA,REGINA LUCIA SOUSA RIBEIRO
28128790000104,JOAO XXIII,MARIANA DE SOUSA SILVA
28137009000168,VILA VELHA,
28151863000189,DIAS MACEDO,
28155622000108,JANGURUSSU,
28159787000158,JARDIM DAS OLIVEIRAS,
28165909000119,CAMBEBA,
28170029000130,MONTE CASTELO,
28170091000122,JOAQUIM TAVORA,
28170658000160,PASSARE,
28179244000100,SALINAS,
28203887000134,BENFICA,
28208871000114,SAO JOAO DO TAUAPE,
28228890000102,CIDADE DOS FUNCIONARIOS,
28231167000182,PAN AMERICANO,
28241702000186,JOAQUIM TAVORA,
28249135000104,PREFEITO JOSE WALTER,
28265963000136,ENGENHEIRO LUCIANO CAVALCANTE,
28282716000148,PARQUE IRACEMA,DENISE LEMOS SALES
28282843000147,MONTE CASTELO,
28283783000187,CAIS DO PORTO,
28304769000112,PICI,
28320396000173,HENRIQUE JORGE,
28332135000173,JANGURUSSU,
28334722000100,MUCURIPE,
28338346000113,ALDEOTA,
28403890000100,MEIRELES,
28404165000148,VICENTE PINZON,
28405307000191,JANGURUSSU,
28412133000194,JANGURUSSU,
28426991000198,ELLERY,
28429265000129,PICI,
28461560000162,DIAS MACEDO,
28472320000163,JARDIM IRACEMA,
28474312000156,PRESIDENTE KENNEDY,
28516521000115,JACARECANGA,
28542059000120,VILA VELHA,
28545769000104,PARQUE MANIBURA,LORENA CANUTO NEPOMUCENA QUEIROZ
28545860000120,ALDEOTA,
28546632000174,HENRIQUE JORGE,
28560833000126,JOAO XXIII,
28594116000115,DIAS MACEDO,
28621429000115,MANUEL SATIRO,
28629039000191,JOAQUIM TAVORA,
28630696000159,ALDEOTA,
28634797000106,ALDEOTA,NATALIA DE OLIVEIRA FREIRES SILVA
28641724000133,PARQUE SANTA MARIA,
28650263000165,ALDEOTA,
28654584000138,PARQUE GENIBAU,
28655803000101,ANTONIO BEZERRA,
28668512000140,PAUPINA,
28669355000197,CAMBEBA,
28679904000104,PASSARE,
28685696000156,JARDIM AMERICA,
28692951000198,OLAVO OLIVEIRA,
28697714000110,EDSON QUEIROZ,
28724602000100,EDSON QUEIROZ,
28725652000102,CONJUNTO CEARA,
28735358000181,VILA PERI,
28749684000148,BOM FUTURO,
28749964000156,PRESIDENTE KENNEDY,
28751613000180,ENGENHEIRO LUCIANO CAVALCANTE,
28752325000140,PANAMERICANO,DORISVAN DE OLIVEIRA DORIA
28763776000182,PARQUE SAO JOSE,
28769350000136,HENRIQUE JORGE,
28790938000171,PRAIA DO FUTURO II,
28795313000100,AUTRAN NUNES,
28821571000106,CENTRO,
28828250000133,BOM JARDIM,
28828623000176,BARRA DO CEARA,
28848545000171,COCO,
28849535000150,JOAQUIM TAVORA,
28869372000178,MESSEJANA,
28880726000185,PLANALTO AYRTON SENNA,
28891771000135,EDSON QUEIROZ,
28901175000199,FLORESTA,
28908217000113,ALDEOTA,
28925961000126,EDSON QUEIROZ,
28927017000108,COCO,CARLA ERICA LIMA MEDEIROS
28929013000169,GRANJA LISBOA,
28930575000122,JACARECANGA,
28974214000188,VILA VELHA,
28984568000103,SIQUEIRA,
28997273000171,VICENTE PINZON,
29005674000160,SAO GERARDO,
29006116000110,JOAQUIM TAVORA,
29017911000103,CAIS DO PORTO,
29025833000199,MEIRELES,JOSENILDA MALVEIRA CAVALCANTI
29051230000161,PARREAO,
29064082000110,SALINAS,
29071716000161,MARAPONGA,
29084133000175,CAJAZEIRAS,
29087734000131,PREFEITO JOSE WALTER,
29090410000152,JACARECANGA,FLAVIA ALVES DE ALCANTARA
29115436000108,MONTESE,
29119424000151,MONTESE,
29147148000135,PARQUE SANTA MARIA,
29148586000118,EDSON QUEIROZ,
29154223000195,PARQUE SAO JOSE,
29157222000102,EDSON QUEIROZ,
29160497000197,ALDEOTA,
29166481000191,QUINTINO CUNHA,
29171190000191,PATRIOLINO RIBEIRO,
29184656000193,HENRIQUE JORGE,
29211126000197,PASSARE,
29213277000184,MEIRELES,
29225115000166,BELA VISTA,
29233081000151,PARQUE SANTA MARIA,
29248502000118,PARQUELANDIA,
29272758000160,MANUEL SATIRO,
29279378000158,CURIO,
29286740000118,MONDUBIM,
29294126000106,CONJUNTO CEARA I,
29304986000175,PRESIDENTE KENNEDY,
29336402000143,ALDEOTA,
29338573000101,LAGOA REDONDA,
29342629000100,BONSUCESSO,
29342857000171,ITAPERI,
29342959000197,PRESIDENTE KENNEDY,
29346505000194,PRESIDENTE KENNEDY,
29406756000117,JACARECANGA,
29407790000106,OLAVO OLIVEIRA,MARIA IZABEL LOPES BRAGA
29409823000157,VILA UNIAO,
29414096000116,CONJUNTO PALMEIRAS,
29434009000192,ALDEOTA,LUCIMAR MIRANDA DA SILVA
29451760000105,PAN AMERICANO,
29454299000136,QUINTINO CUNHA,
29454596000181,PARANGABA,
29454639000129,PARANGABA,
29459665000140,BARRA DO CEARA,
29475295000134,RODOLFO TEOFILO,
29504110000172,BARROSO,
29504753000116,VILA UNIAO,
29510180000133,MEIRELES,
29512804000151,AMADEU FURTADO,
29522010000179,CENTRO,
29546343000138,CIDADE DOS FUNCIONARIOS,
29561391000103,MESSEJANA,
29564719000137,SERRINHA,
29567059000148,BOA VISTA,
29568578000120,SAPIRANGA,
29570286000122,PARANGABA,
29572446000172,DIAS MACEDO,
29574823000102,RODOLFO TEOFILO,
29603365000192,VILA PERI,
29620121000118,PARQUE MANIBURA,IELDA GOMES LIMA
29640221000106,MEIRELES,JAMILLY CARNEIRO COLLYER ELEUTERIO
29650508000117,MESSEJANA,
29690771000130,PARQUELANDIA,BYANCA PAIVA FERNANDES
29703487000150,ANCURI,
29704155000190,PARQUE IRACEMA,
29720192000192,MESSEJANA,
29722382000149,VILA UNIAO,
29744516000122,CURIO,
29747410000182,MANUEL SATIRO,
29747889000157,PARANGABA,
29755635000180,DEMOCRITO ROCHA,
29756035000137,SIQUEIRA,
29757899000173,DEMOCRITO ROCHA,
29762633000119,MEIRELES,
29771328000193,NOVO MONDUBIM,
29788025000183,FARIAS BRITO,ERICA ROSA DE SOUSA
29790288000127,MEIRELES,
29801640000182,GRANJA LISBOA,
29809003000152,BOA VISTA,
29811901000145,JANGURUSSU,
29814974000190,ALVARO WEYNE,
29815199000198,GRANJA LISBOA,
29819183000153,JOAQUIM TAVORA,
29824728000110,JARDIM AMERICA,
29837881000181,CENTRO,
29838405000185,MEIRELES,
29844901000141,PASSARE,
29911486000100,MONTE CASTELO,
29917258000139,BARRA DO CEARA,
29920886000173,VILA UNIAO,
29921733000140,JARDIM DAS OLIVEIRAS,
29922080000114,PAUPINA,
29927675000162,PRESIDENTE KENNEDY,
29939910000116,QUINTINO CUNHA,
29966263000131,JOAQUIM TAVORA,
29984084000127,CONJUNTO CEARA I,
30007778000193,CAMBEBA,
30008698000152,SAPIRANGA,
30021328000155,PRESIDENTE KENNEDY,RITA KEYLA ELIAS CARNEIRO
30028594000100,VILA VELHA,
30041502000121,CONJUNTO PALMEIRAS,
30051367000103,PAUPINA,
30070919000112,OLAVO OLIVEIRA,
30080509000152,PARQUE GENIBAU,
30086297000110,BELA VISTA,
30098501000113,BONSUCESSO,
30101936000170,PARQUE DOIS IRMAOS,
30103251000162,EDSON QUEIROZ,
30106317000178,FATIMA,VANESSA DE OLIVEIRA ZANIN FIGUEIRA
30116999000108,SAPIRANGA,
30123454000110,PREFEITO JOSE WALTER,
30139842000190,ALDEOTA,
30143434000101,PRESIDENTE KENNEDY,
30144690000113,PASSARE,
30155268000163,MONDUBIM,
30172028000177,SERRINHA,
30175984000102,ALDEOTA,
30179228000151,MANUEL SATIRO,
30186679000116,ENGENHEIRO LUCIANO CAVALCANTE,
30199505000198,SAO GERARDO,
30204346000172,MEIRELES,
30204803000129,SAO GERARDO,
30207685000102,CANINDEZINHO,
30207907000197,MONDUBIM,
30215536000195,JARDIM DAS OLIVEIRAS,
30258767000186,CAIS DO PORTO,
30266272000107,CONJUNTO CEARA II,
30277614000186,CONJUNTO CEARA II,
30284611000170,FARIAS BRITO,ALICE RAQUEL BARBOSA CRUZ MONTEZUMA
30297462000183,LAGOA REDONDA,
30331221000103,JANGURUSSU,
30331262000108,FATIMA,
30340416000110,JANGURUSSU,ANA KARINE BARROS RABELO FIGUEREDO
30356884000182,NOVO MONDUBIM,
30395872000167,SAPIRANGA,
30419481000135,ALDEOTA,
30443798000107,VILA UNIAO,
30449916000194,PLANALTO AYRTON SENNA,
30467304000124,ALDEOTA,
30469624000113,PLANALTO AYRTON SENNA,
30470443000107,JOAQUIM TAVORA,
30475682000150,BOA VISTA,
30490218000132,JARDIM CEARENSE,
30506024000188,MESSEJANA,
30525342000196,LAGOA REDONDA,
30545169000198,GRANJA PORTUGAL,
30556590000102,MOURA BRASIL,
30582804000107,PAPICU,
30605944000153,AUTRAN NUNES,
30606539000150,DAMAS,
30624653000102,BARROSO,
30626471000170,MONTESE,
30675265000150,JARDIM GUANABARA,
30677372000118,ALVARO WEYNE,
30678975000134,BOM JARDIM,
30698642000177,JANGURUSSU,
30704351000144,DIONISIO TORRES,KALINE SANTOS FERRAZ NOGUEIRA
30707589000123,JOAQUIM TAVORA,
30710558000121,PREFEITO JOSE WALTER,
30711789000150,PICI,LIVIA CORREA DE ARRUDA
30714906000139,ALTO DA BALANCA,
30732805000190,GRANJA PORTUGAL,
30737821000176,VILA UNIAO,
30744757000150,CAMBEBA,
30751949000194,HENRIQUE JORGE,
30761294000135,BOM JARDIM,
30764171000158,PAPICU,
30766907000127,AEROLANDIA,
30788320000119,SERRINHA,
30800037000165,JANGURUSSU,
30806405000182,MONDUBIM,
30808962000132,MESSEJANA,
30809014000111,ANCURI,
30818646000141,EDSON QUEIROZ,
30822957000184,JARDIM IRACEMA,
30825550000100,PRAIA DO FUTURO I,
30833977000150,VICENTE PINZON,
30839242000134,VILA VELHA,
30879227000110,MESSEJANA,
30888398000105,EDSON QUEIROZ,
30903185000105,PARQUE GENIBAU,
30923310000149,MESSEJANA,
30958121000101,ALTO DA BALANCA,
30959328000109,VICENTE PINZON,
30967717000178,PAUPINA,
30979484000123,MARAPONGA,
31000621000107,MEIRELES,RAFAELA MACHADO DINIZ
31000648000191,FARIAS BRITO,
31001518000173,MEIRELES,MARCELA MARINA CASTELAR PINHEIRO MAIA RIBEIRO
31003777000133,VARJOTA,
31005934000140,LAGOA REDONDA,
31041915000179,GRANJA LISBOA,
31047241000110,COACU,
31050369000132,MEIRELES,
31053740000110,BELA VISTA,
31057385000157,RODOLFO TEOFILO,
31059821000127,MUCURIPE,
31067508000130,MARAPONGA,
31092531000185,ANTONIO BEZERRA,
31102243000164,PRAIA DO FUTURO II,
31129202000161,MESSEJANA,
31135599000102,VILA VELHA,
31137422000137,PARQUE SANTA ROSA,
31141521000192,MONDUBIM,
31175882000150,CAIS DO PORTO,
31211159000189,ALTO DA BALANCA,
31237773016970,ALDEOTA,G FAST INVESTIMENTOS LTDA
31237773017004,PARANGABA,G FAST INVESTIMENTOS LTDA
31239963000176,SAO GERARDO,MICHELLE ANCELMO DE SOUSA
31277735000190,JARDIM IRACEMA,
31297668000176,CIDADE DOS FUNCIONARIOS,
31307039000180,MESSEJANA,
31308525000112,CENTRO,
31318286000181,JOAQUIM TAVORA,
31323378000150,MEIRELES,
31325984000104,DAMAS,
31326035000149,MARAPONGA,
31327381000141,PICI,
31334302000120,GRANJA LISBOA,
31340348000151,MESSEJANA,JEISA LOPES NOBRE
31345815000136,JACARECANGA,
31363954000192,LAGOA REDONDA,
31368204014678,PREFEITO JOSE WALTER,FAGNER JONAS ALVES ALMEIDA
31380881000147,ALDEOTA,
31383217000151,MANUEL SATIRO,
31399083000167,GRANJA LISBOA,
31407824000104,CIDADE 2000,
31412801000198,DIONISIO TORRES,
31414494000184,PAUPINA,
31416769000119,ALDEOTA,
31429341000100,VILA VELHA,
31437867000132,CENTRO,
31445397000159,ALDEOTA,
31446443000134,PARQUE GENIBAU,
31449301000120,ALVARO WEYNE,
31458970000169,PARREAO,
31463371000133,MONDUBIM,
31469830000196,PRESIDENTE KENNEDY,
31474186000144,PARQUE SAO JOSE,
31477515000100,PICI,
31514765000173,PARQUE ARAXA,
31517171000116,LAGOA REDONDA,
31518695000121,PARQUE IRACEMA,FRANCISCA LEILANE COUTO DO NASCIMENTO
31533191000180,JARDIM DAS OLIVEIRAS,
31543668000109,MONDUBIM,
31547222000152,AEROLANDIA,
31552138000127,MONTESE,
31563238000159,MEIRELES,
31574394000115,MONDUBIM,
31651806000173,BOA VISTA,
31661091000130,FATIMA,
31663928000180,BARRA DO CEARA,
31671255000100,ARACAPE,
31672683000157,VICENTE PINZON,
31681061000195,PARQUE ARAXA,
31690144000140,MONDUBIM,
31698488000104,MONDUBIM,
31728119000109,PRESIDENTE KENNEDY,LAURENICE RIBEIRO BARBOSA
31728119000290,PARANGABA,LAURENICE RIBEIRO BARBOSA
31729522000152,AEROPORTO,
31750712000151,MONTESE,
31763496000189,EDSON QUEIROZ,ERIK RAMALHO GUANABARA ARAUJO
31768852000157,PIRAMBU,
31795848000188,SAO GERARDO,
31799153000174,DIONISIO TORRES,CAMILA FERNANDES PAIVA MACEDO
31810339000187,JARDIM GUANABARA,
31832006000159,CAMBEBA,
31833104000100,AEROLANDIA,
31847557000196,ALDEOTA,MADSON DE PAULO MACEDO
31848489000180,COCO,RANIELLE MOTA DA SILVA ROCHA
31860210000183,MEIRELES,
31875300000148,BARROSO,
31884730000126,PARQUE SAO JOSE,
31892741000158,BONSUCESSO,
31904891000134,PARANGABA,
31905439000197,BARRA DO CEARA,
31915403000194,JANGURUSSU,
31917927000114,JARDIM CEARENSE,JAMYLLE DE LIMA COUTINHO
31934308000138,COACU,
31939215000104,MARAPONGA,
31947855000158,ITAPERI,
31950643000120,LAGOA REDONDA,
31960269000143,PICI,
31968094000110,CARLITO PAMPLONA,
31978657000151,SAO JOAO DO TAUAPE,
31984019000143,FATIMA,BIANCA CAMARAO OLIVEIRA POMBO
31987432000161,CAIS DO PORTO,
31993020000134,BARRA DO CEARA,
31997327000103,ENGENHEIRO LUCIANO CAVALCANTE,
32030031000181,ALDEOTA,VINICIUS ALCANTARA VASCONCELOS
32044551000143,BOM JARDIM,
32055039000100,CAMBEBA,
32058537000107,BELA VISTA,
32061799000112,BARROSO,
32118810000133,MUCURIPE,
32126614000100,CONJUNTO PALMEIRAS,
32129084000154,HENRIQUE JORGE,
32135690000182,PAUPINA,
32137338000186,PREFEITO JOSE WALTER,
32137934000166,FLORESTA,
32146385000196,BARRA DO CEARA,
32150703000192,FATIMA,
32153484000103,JARDIM GUANABARA,
32171296000108,DOM LUSTOSA,
32183505000125,PARQUE IRACEMA,JULIA CAROLINE PEIXOTO MARTINS
32184966000112,PARQUELANDIA,
32200256000139,SAPIRANGA / COITE,
32207258000150,BOM JARDIM,
32226348000198,PASSARE,
32238900000168,ALDEOTA,
32241919000163,BARROSO,
32259060000110,ENGENHEIRO LUCIANO CAVALCANTE,
32259547000100,PRAIA DE IRACEMA,
32274740000102,PAPICU,
32306368000179,ALVARO WEYNE,
32306503000186,CARLITO PAMPLONA,
32311051000120,ITAPERI,
32319839000183,PARANGABA,
32330823000171,MEIRELES,
32338207000167,CIDADE 2000,
32362944000103,CANINDEZINHO,
32368589000171,PLANALTO AYRTON SENNA,
32375823000198,PARQUELANDIA,
32380870000120,NOVO MONDUBIM,
32387236000119,SAPIRANGA-COITE,
32413069000133,FATIMA,
32416883000101,CENTRO,
32422535000147,JARDIM DAS OLIVEIRAS,
32431190000198,PARQUE DOIS IRMAOS,
32434934000128,GUARARAPES,SANDRO MARJORIE ARAUJO CORREIA
32436199000191,DIONISIO TORRES,
32440883000147,CONJUNTO ESPERANCA,
32442185000180,PAPICU,
32442353000138,PASSARE,
32455742000106,MONDUBIM,
32456248000158,MONDUBIM,
32466981000153,PAUPINA,
32468935000193,CIDADE DOS FUNCIONARIOS,
32496319000146,MESSEJANA,BRENNDA JUNIA LIMA E SILVA
32501913000188,JOSE BONIFACIO,
32510332000102,PARQUE SAO JOSE,
32512721000177,AEROLANDIA,
32528567000121,CIDADE DOS FUNCIONARIOS,
32530441000191,SAO GERARDO,ARIADNA SIGRID MARTINS FERREIRA
32530441000272,ALDEOTA,ARIADNA SIGRID MARTINS FERREIRA
32535104000197,CAMBEBA,DIONY TRABUSSY COSTA E SILVA
32539361000105,PARQUE PRESIDENTE VARGAS,
32542632000173,SAO JOAO DO TAUAPE,
32543012000159,JARDIM DAS OLIVEIRAS,
32543342000144,CANINDEZINHO,
32560592000192,ALDEOTA,
32589443000156,ANCURI,
32607660000121,JACARECANGA,
32630299000154,CONJUNTO CEARA I,
32633797000150,COCO,RAIMUNDO NONATO BRANDAO SOUSA
32641975000195,JOSE DE ALENCAR,
32645879000115,PARQUE SAO JOSE,MARIA IVONEIDE LIMA DA SILVA SANTIAGO
32649617000129,JOSE DE ALENCAR,
32659507000148,MESSEJANA,
32661212000106,JOQUEI CLUBE,
32667358000169,CARLITO PAMPLONA,
32673020000110,SAO GERARDO,
32673637000135,MUCURIPE,
32678901000123,MEIRELES,
32687688000116,VILA PERI,
32691899000122,PARQUE GENIBAU,
32692232000144,CRISTO REDENTOR,
32693076000136,ALDEOTA,
32699036000100,JOAO XXIII,
32721398000141,BARRA DO CEARA,
32729453000140,ALDEOTA,
32742877000144,SAO GERARDO,
32747083000173,PATRIOLINO RIBEIRO,
32770823000192,JOQUEI CLUBE,
32777735000112,DIONISIO TORRES,
32786978000117,MEIRELES,KETSIA MARIA VASCONCELOS MOURA
32786978000206,PRESIDENTE KENNEDY,KETSIA MARIA VASCONCELOS MOURA
32786978000389,PAPICU,KETSIA MARIA VASCONCELOS MOURA
32786978000460,EDSON QUEIROZ,KETSIA MARIA VASCONCELOS MOURA
32786978000621,BENFICA,KETSIA MARIA VASCONCELOS MOURA
32792121000100,MARAPONGA,
32801921000140,VILA VELHA,
32810929000172,VILA VELHA,
32813527000121,BOA VISTA,
32830876000151,GUAJIRU,
32835964000146,MONTE CASTELO,
32848781000165,MEIRELES,
32853080000114,GRANJA PORTUGAL,
32857619000103,ITAPERI,
32875873000134,MONDUBIM,
32890672000106,JARDIM AMERICA,
32907884000159,JOAQUIM TAVORA,
32914212000170,JANGURUSSU,
32923907000119,JARDIM IRACEMA,
32930881000136,PARQUE SANTA MARIA,
32932177000112,SAO JOAO DO TAUAPE,
32945329000111,BELA VISTA,
32958888000166,BENFICA,
32969283000170,CAIS DO PORTO,
32969520000101,JARDIM IRACEMA,
32970017000168,CAIS DO PORTO,
32975881000152,FARIAS BRITO,
32977848000161,COACU,
32984964000108,VILA PERI,
32997649000115,PAPICU,RENATA PORTO MORAIS DE MENDONCA
33019922000108,ALDEOTA,
33020733000147,ALDEOTA,ANDREZA RODRIGUES JUSTO
33027353000134,CONJUNTO PALMEIRAS,MARIA ROSELANE DE ARAUJO NEVES
33042658000115,CENTRO,
33047448000110,ANTONIO BEZERRA,
33053395000140,EDSON QUEIROZ,
33076426000188,MANUEL SATIRO,
33081699000110,ARACAPE,
33081814000157,JANGURUSSU,
33083658000163,GRANJA LISBOA,
33094887000183,GRANJA PORTUGAL,
33138963000105,BARRA DO CEARA,
33146383000160,JOSE BONIFACIO,
33154096000100,MARAPONGA,MARIA VALDERLENE COSTA AGUIAR
33164196000109,DOM LUSTOSA,
33165252000120,PARANGABA,
33213548000179,PICI,
33217055000107,VILA VELHA,
33223003000143,AMADEU FURTADO,
33229479000191,MEIRELES,
33233979000105,COCO,MARIA TEREZA RODRIGUES BRAGA
33233979000288,CAMBEBA,MARIA TEREZA RODRIGUES BRAGA
33241042000173,FATIMA,
33244481000130,HENRIQUE JORGE,
33256672000111,CONJUNTO ESPERANCA,
33259586000162,SAPIRANGA-COITE,
33262986000127,LAGOA REDONDA,
33264223000115,DOM LUSTOSA,LILLIAN KARLA LOPES NOGUEIRA
33282775000156,SAO GERARDO,
33286919000142,BARRA DO CEARA,
33296394000126,PARQUE IRACEMA,CARIA NEIRIVALDA DO NASCIMENTO VASCONCELOS CAVALCANTE
33327157000185,JARDIM CEARENSE,
33334904000102,SERRINHA,
33352286000123,ANTONIO BEZERRA,
33359073000123,ALDEOTA,
33361442000112,PRAIA DO FUTURO II,
33376019000196,CONJUNTO CEARA I,
33376360000141,CAJAZEIRAS,
33405745000190,CIDADE DOS FUNCIONARIOS,
33418993000175,ALDEOTA,MARIA JOSE GONCALVES DA SILVA
33422042000170,CIDADE DOS FUNCIONARIOS,
33422235000120,PASSARE,
33427548000171,PICI,
33447216000159,ALDEOTA,
33464536000117,EDSON QUEIROZ,
33478662000120,VILA VELHA,
33478676000144,BOM JARDIM,
33484419000115,MONDUBIM,
33515709000189,VILA ELLERY,
33528709000113,DIONISIO TORRES,IARA SOARES BECCO BEZERRA
33530397000182,VILA VELHA,
33535866000156,ALDEOTA,
33540637000120,MEIRELES,
33551061000104,MONDUBIM,
33556052000106,CENTRO,
33568798000121,NOVO MONDUBIM,
33581197000159,BARRA DO CEARA,
33590016000150,SAO JOAO DO TAUAPE,
33600379000120,JANGURUSSU,
33601849000170,JOAQUIM TAVORA,
33615249000160,PIRAMBU,
33666628000180,SERRINHA,
33686737000169,ENGENHEIRO LUCIANO CAVALCANTE,
33701122000164,PAN AMERICANO,
33725756000157,SAO JOAO DO TAUAPE,
33729291000102,EDSON QUEIROZ,
33730399000115,CONJUNTO CEARA II,
33748113000129,MEIRELES,
33789638000102,VILA VELHA,
33798405000176,SAPIRANGA-COITE,MARIA NEIRILENE DOS SANTOS
33806980000173,PARQUE SAO JOSE,
33812474000197,ALDEOTA,
33818852000140,JOAQUIM TAVORA,IAGO ALVES COSTA
33838811000115,HENRIQUE JORGE,
33841423000193,CRISTO REDENTOR,
33844620000166,DIAS MACEDO,
33867982000172,BOM FUTURO,
33897546000146,JANGURUSSU,
33898901000100,SERRINHA,
33904162000103,PARQUELANDIA,
33909606000101,ALDEOTA,
33912055000127,ALDEOTA,
33923951000191,PADRE ANDRADE,
33952365000175,CONJUNTO CEARA II,
33961486000183,EDSON QUEIROZ,
33965951000154,CONJUNTO CEARA II,
33973593000121,CIDADE 2000,
33978507000173,SAO JOAO DO TAUAPE,
33985770000190,VILA VELHA,
33991505000114,PREFEITO JOSE WALTER,
33995532000165,MEIRELES,
34021786000145,VICENTE PINZON,
34024678000126,FARIAS BRITO,
34029408000108,JOAO XXIII,
34031693000100,EDSON QUEIROZ,JACQUELINE CARVALHO MACHADO PRAXEDES
34033671000170,RODOLFO TEOFILO,
34061174000186,MUCURIPE,
34066128000170,PASSARE,
34091726000107,MARAPONGA,
34104118000181,ALDEOTA,
34106122000189,JOSE BONIFACIO,
34112754000155,COCO,
34114929000163,JOQUEI CLUBE,
34120005000170,PIRAMBU,
34122938000104,PICI,
34128713000157,CENTRO,
34139447000168,CONJUNTO CEARA II,
34140500000140,MONTESE,
34146812000161,DAMAS,
34148674000150,PARQUE SANTA ROSA,
34158510000103,AEROLANDIA,
34173499000150,PAPICU,
34177688000100,COCO,
34189664000162,FLORESTA,
34220732000109,GRANJA PORTUGAL,
34221074000170,ALDEOTA,
34228529000189,NOVO MONDUBIM,
34242864000131,PASSARE,
34248235000119,JOAO XXIII,
34267694000140,MARAPONGA,CAMILA ANTUNES DIAS
34273312000190,HENRIQUE JORGE,
34274626000108,PARQUE GENIBAU,
34287569000100,JARDIM CEARENSE,
34306772000178,DIAS MACEDO,
34306867000191,VILA VELHA,
34320692000177,CURIO,
34362189000184,ENGENHEIRO LUCIANO CAVALCANTE,MARCOS AURELIO SOARES DE CASTRO
34371015000188,MEIRELES,
34372586000137,MONTESE,
34374536000199,AUTRAN NUNES,
34380110000148,MEIRELES,ALEXIA TAVARES DUARTE
34385131000156,PAPICU,
34390582000181,ITAOCA,
34394463000105,OLAVO OLIVEIRA,
34395345000103,BONSUCESSO,
34395539000109,LAGOA REDONDA,
34405959000129,PRESIDENTE KENNEDY,
34407398000105,PREFEITO JOSE WALTER,
34413073000127,PARQUE IRACEMA,
34417021000129,CIDADE DOS FUNCIONARIOS,
34419785000153,CONJUNTO ESPERANCA,
34447047000110,BOM JARDIM,
34463048000158,ARACAPE,
34468613000170,FATIMA,
34475057000169,ALDEOTA,
34484103000196,HENRIQUE JORGE,
34488055000104,ALDEOTA,
34497763000101,ARACAPE,
34512527000117,RODOLFO TEOFILO,
34515786000100,MUCURIPE,
34522994000128,VICENTE PINZON,
34523978000150,JANGURUSSU,
34524359000180,LAGOA REDONDA,
34525012000151,MONDUBIM,
34526176000101,PARQUE PRESIDENTE VARGAS,
34538993000171,JACARECANGA,
34581743000114,JARDIM AMERICA,
34631221000180,PARQUE MANIBURA,
34642597000190,PASSARE,
34649966000176,BARRA DO CEARA,
34697281000103,PARQUE MANIBURA,
34705692000195,ITAOCA,
34713748000153,SIQUEIRA,
34720633000196,PAUPINA,
34722575000130,ALDEOTA,
34723876000188,PARQUE PRESIDENTE VARGAS,
34728439000157,MESSEJANA,
34733100000149,JARDIM IRACEMA,
34769127000191,FLORESTA,
34771216000172,AUTRAN NUNES,
34775485000107,GUARARAPES,
34782372000139,MONTE CASTELO,
34793491000197,FARIAS BRITO,
34801846000142,VARJOTA,MATHEUS CHAVES OLIVEIRA
34811239000163,ALDEOTA,
34821353000174,JANGURUSSU,
34836260000113,SAPIRANGA,
34837921000125,MESSEJANA,
34845468000107,MESSEJANA,
34851078000131,ALTO DA BALANCA,
34861957000144,VILA UNIAO,
34873957000164,QUINTINO CUNHA,
34886056000107,ALDEOTA,
34901227000120,VARJOTA,
34917602000120,DOM LUSTOSA,
34938957000103,COACU,
34946295000105,DENDE,
34947963000119,PASSARE,
34960373000126,CAMBEBA,
34968821000138,ALDEOTA,
34973232000148,PIRAMBU,
34975543000146,MEIRELES,
34983909000129,CONJUNTO ESPERANCA,
34988277000196,PLANALTO AYRTON SENNA,
34995819000158,DAMAS,LARISSE RANGEL DE SOUSA
35003207000102,JOSE DE ALENCAR,
35026453000171,VICENTE PINZON,
35056294000158,PARQUELANDIA,ANNALINY OLIVEIRA DE ARAUJO
35067830000110,GUARARAPES,FELIPE PIMENTEL DE ALMEIDA
35073116000135,MANUEL SATIRO,
35089908000106,PAN AMERICANO,
35112276000146,VILA VELHA,
35123360000165,PARQUELANDIA,
35129862000101,COCO,
35150277000185,JOAO XXIII,
35151338000129,PASSARE,
35170247000130,CIDADE DOS FUNCIONARIOS,
35177154000138,SAO BENTO,
35180305000107,CIDADE DOS FUNCIONARIOS,
35202646000136,MESSEJANA,
35204778000105,CENTRO,
35211034000100,ANTONIO BEZERRA,
35221439000129,JOQUEI CLUBE,
35227640000113,ENGENHEIRO LUCIANO CAVALCANTE,
35233337000123,BENFICA,MARIA HELENA UCHOA CAMPOS
35241658000170,JARDIM GUANABARA,
35242036000166,PICI,
35243714000105,JOQUEI CLUBE,
35248156000170,HENRIQUE JORGE,
35280624000194,BELA VISTA,
35282892000145,CONJUNTO CEARA II,
35286069000108,PRESIDENTE KENNEDY,JACQUELINE CARVALHO MACHADO PRAXEDES
35293016000114,ALVARO WEYNE,
35301684000146,DOM LUSTOSA,
35320903000134,MONDUBIM,
35329158000194,MONTE CASTELO,
35334183000166,SERRINHA,
35339557000136,CIDADE DOS FUNCIONARIOS,
35355199000155,COCO,
35374573000160,JARDIM GUANABARA,
35376555000117,CIDADE DOS FUNCIONARIOS,
35376934000107,BARRA DO CEARA,
35378342000124,JANGURUSSU,
35394278000175,PARQUELANDIA,
35397758000190,CONJUNTO PALMEIRAS,
35405100000182,PASSARE,
35408028000147,BOM JARDIM,
35415404000120,VILA PERI,
35430713000170,JARDIM CEARENSE,
35433204000109,PADRE ANDRADE,MARIA ELISABETH ROCHA FROTA
35434320000134,VILA VELHA,
35435613000136,NOVO MONDUBIM,
35446634000157,MONDUBIM,
35456767000104,PAPICU,THIAGO LIMA VASCONCELOS
35456767000295,PARANGABA,THIAGO LIMA VASCONCELOS
35456767000376,BENFICA,THIAGO LIMA VASCONCELOS
35456767000457,MONTESE,THIAGO LIMA VASCONCELOS
35489363000117,PARQUELANDIA,
35490297000103,MEIRELES,
35500848000164,VILA ELLERY,
35508952000103,MONDUBIM,
35510573000140,CONJUNTO CEARA II,
35537962000169,ALDEOTA,
35540553000111,VILA PERI,
35545133000128,PARQUE MANIBURA,SARA RAQUEL CRISTINO DE SOUSA
35545554000159,PREFEITO JOSE WALTER,
35545712000170,AEROLANDIA,
35565059000101,BONSUCESSO,
35566598000165,MONDUBIM,
35566608000162,MEIRELES,YARA SILVIA TAVARES JACOB
35573608000190,DIONISIO TORRES,
35573952000189,PARQUE SAO JOSE,
35580676000186,JARDIM DAS OLIVEIRAS,
35588734000118,GUARARAPES,
35593761000189,JOAO XXIII,
35612492000150,BONSUCESSO,
35623444000168,MONDUBIM,
35641390000163,MUCURIPE,
35650075000100,PAPICU,MAYARA MAIA ALVES
35683357000104,SIQUEIRA,
35717053000102,PARQUE SANTA MARIA,
35729325000194,PARQUELANDIA,
35736829000131,ITAOCA,
35743445000146,VILA UNIAO,
35759160000101,HENRIQUE JORGE,
35790378000110,PARANGABA,
35820289000170,PARQUE DOIS IRMAOS,
35849145000146,CAIS DO PORTO,
35860784000102,PARANGABA,
35861440000118,EDSON QUEIROZ,
35864965000107,JOQUEI CLUBE,
35878876000110,JOAO XXIII,
35888674000159,DEMOCRITO ROCHA,
35894678000140,PAUPINA,
35904293000116,SIQUEIRA,
35905290000105,CIDADE 2000,
35921577000110,CAIS DO PORTO,
35924377000111,JARDIM DAS OLIVEIRAS,
35929795000100,PRAIA DE IRACEMA,
35941065000116,DIONISIO TORRES,
35961516000187,JACARECANGA,
35961969000103,CENTRO,
35962534000183,ALDEOTA,ELIANE GONCALVES DA SILVA
35969065000124,CURIO,
36011313000192,ALDEOTA,
36013585000121,PASSARE,
36021274000104,LAGOA REDONDA,
36031479000170,PEDRAS,
36032674000115,ALDEOTA,
36043093000189,CIDADE DOS FUNCIONARIOS,
36047815000173,ALDEOTA,
36058461000162,CENTRO,
36068085000197,PARQUE ARAXA,
36071680000181,ALDEOTA,GERALDO GONCALVES DA SILVA
36074014000105,CRISTO REDENTOR,
36078329000112,MESSEJANA,
36085456000149,JANGURUSSU,
36097109000136,ITAOCA,
36097470000162,ALDEOTA,VIVIANE LEMOS LOPES
36097470000243,ALDEOTA,VIVIANE LEMOS LOPES
36121063000143,SERRINHA,
36132824000162,BARROSO,
36138827000103,PAPICU,
36150599000197,GRANJA LISBOA,
36154194000127,PIRAMBU,
36169774000198,SERRINHA,
36184309000126,JOQUEI CLUBE,
36198391000148,BOM FUTURO,LUCIANA FERREIRA DA COSTA
36225862000160,ENGENHEIRO LUCIANO CAVALCANTE,
36227606000101,PRAIA DO FUTURO I,
36236977000150,CONJUNTO PALMEIRAS,
36302215000104,SAPIRANGA,
36305317000183,PARQUE DOIS IRMAOS,
36326402000128,SALINAS,REBECCA ALMEIDA RAMOS
36350116000106,EDSON QUEIROZ,
36357958000181,FARIAS BRITO,
36361009000175,CIDADE DOS FUNCIONARIOS,
36385761000156,DE LOURDES,
36403948000135,MARAPONGA,
36405194000152,JOAQUIM TAVORA,
36412934000188,MESSEJANA,
36417082000111,AEROLANDIA,
36418954000166,MEIRELES,
36426639000180,PAN AMERICANO,
36441881000123,FATIMA,RENATA PINHEIRO NOGUEIRA
36447062000193,DAMAS,
36455998000166,CONJUNTO ESPERANCA,
36466865000195,MEIRELES,
36473552000164,ENGENHEIRO LUCIANO CAVALCANTE,LETICIA SELUQUE FERREIRA DE MACEDO
36482136000122,MARAPONGA,
36485447000145,ALDEOTA,
36530366000110,JANGURUSSU,
36539456000171,CONJUNTO PALMEIRAS,
36541721000156,SIQUEIRA,
36565967000168,COCO,
36595927000169,QUINTINO CUNHA,
36598086000143,FARIAS BRITO,
36603651000113,NOVO MONDUBIM,
36604070000104,ALDEOTA,KEZIA ANALIA TONEL SENRA
36609809000162,ARACAPE,
36621755000150,MONDUBIM,
36623021000100,SAO BENTO,
36623149000174,BOM JARDIM,
36624905000180,VICENTE PINZON,
36628707000194,DIAS MACEDO,
36639416000100,ITAPERI,
36640953000161,CENTRO,
36644793000129,JARDIM GUANABARA,
36660012000190,MARAPONGA,
36661218000134,PARQUE SANTA ROSA,
36685700000104,BELA VISTA,
36687659000105,ALDEOTA,
36689888000169,JARDIM AMERICA,
36699677000107,JARDIM DAS OLIVEIRAS,GUILHERME TORRES COELHO LEITE
36715699000113,MONTESE,
36720170000198,BARROSO,
36720325000196,PAPICU,
36733282000183,BOA VISTA-CASTELAO,
36744782000110,COACU,
36776493000101,HENRIQUE JORGE,
36779743000159,HENRIQUE JORGE,
36782138000137,MARAPONGA,
36782170000112,HENRIQUE JORGE,
36784055000187,CRISTO REDENTOR,
36795738000130,DEMOCRITO ROCHA,
36796982000117,CIDADE 2000,
36800322000162,PASSARE,
36802354000105,BELA VISTA,
36811988000116,BARRA DO CEARA,
36814644000160,EDSON QUEIROZ,
36819924000161,JARDIM DAS OLIVEIRAS,
36839024000186,ANTONIO BEZERRA,
36841181000126,JOQUEI CLUBE,
36842570000176,PARQUE PRESIDENTE VARGAS,
36865622000120,VILA VELHA,
36870109000127,MONDUBIM,
36870122000186,JOQUEI CLUBE,
36891243000104,CAMBEBA,
36892711000165,VILA PERI,
36942661000183,BARRA DO CEARA,
36949710000100,AMADEU FURTADO,PATRICIA LOBO DE OLIVEIRA
36964309000149,MESSEJANA,
36994438000180,PARQUE DOIS IRMAOS,
37022411000198,ALTO DA BALANCA,
37041751000166,ANTONIO BEZERRA,
37043243000117,PARANGABA,
37069330000143,COCO,
37102567000189,GRANJA LISBOA,
37122725000162,COCO,MILENA VIRGINIA ALBUQUERQUE NERY
37147614000100,OLAVO OLIVEIRA,
37155178000111,JARDIM AMERICA,
37169622000158,SERRINHA,
37182373000130,MONDUBIM,
37223792000173,JOAQUIM TAVORA,
37224996000129,BONSUCESSO,
37229634000120,DIONISIO TORRES,
37241977000100,MESSEJANA,
37251190000120,MUCURIPE,
37265338000185,MONDUBIM,
37287501000100,MESSEJANA,
37326437000120,MESSEJANA,ALYNE DOS ANJOS SOUSA JERONIMO
37357454000124,BELA VISTA,
37366318000109,DIONISIO TORRES,
37377943000148,COCO,MARIA CLEANE DE SOUZA ALMEIDA ARISTILDES
37381296000148,SAO GERARDO,
37401970000109,MONDUBIM,
37418339000112,JARDIM IRACEMA,KELLY DOS SANTOS LIMA
37418544000188,VILA UNIAO,
37426339000164,ANTONIO BEZERRA,
37432688000199,ANTONIO BEZERRA,
37444141000103,VILA PERI,
37447603000146,ALDEOTA,
37456048000119,BARRA DO CEARA,
37492476000105,PREFEITO JOSE WALTER,
37500688000189,BONSUCESSO,
37568489000102,PARQUE DOIS IRMAOS,
37570786000192,VILA VELHA,
37581141000155,MEIRELES,
37595053000102,BOM JARDIM,
37610709000119,QUINTINO CUNHA,
37614685000176,PREFEITO JOSE WALTER,
37634322000100,JARDIM DAS OLIVEIRAS,
37641676000174,MEIRELES,MARIA ROZINEUDA DOS REIS MAIA LEITAO
37647452000170,HENRIQUE JORGE,
37672859000157,PASSARE,
37673036000146,MONTE CASTELO,
37676284000140,MESSEJANA,LETICIA SELUQUE FERREIRA DE MACEDO
37688114000186,PAUPINA,MARIA CAROLINE GOMES MARQUES NUNES
37688803000190,MEIRELES,
37689592000100,PARQUELANDIA,
37697857000112,PARQUE ARAXA,
37701538000133,JACARECANGA,
37713227000194,PARANGABA,BARBARA MARIA NOGUEIRA DE OLIVEIRA
37728226000113,ANTONIO BEZERRA,ANTONIA CAMILA SILVA JERONIMO
37729475000123,CURIO,
37752804000157,MEIRELES,
37775422000149,ALTO DA BALANCA,
37805581000149,OLAVO OLIVEIRA,
37810005000190,ALDEOTA,
37835194000155,PARQUE DOIS IRMAOS,
37847240000136,PAUPINA,ROBERTA ERICA NOBRE FERREIRA
37849086000131,MEIRELES,
37853542000117,PARQUE GENIBAU,
37856249000103,MESSEJANA,
37868721000128,PAUPINA,
37869776000152,CENTRO,
37876137000114,BENFICA,
37892202000103,JANGURUSSU,
37892505000118,BENFICA,
37907369000192,JARDIM AMERICA,
37907675000129,PRAIA DO FUTURO I,
37937181000197,JARDIM AMERICA,STEFFERSON ALVES LOPES
37937742000158,PARQUE MANIBURA,
37938338000107,LAGOA REDONDA,
37959703000151,ALDEOTA,FRANCISCA STEPHANIA MACEDO CORREIA
37997907000187,JANGURUSSU,
38001804000188,SIQUEIRA,
38024160000143,SIQUEIRA,
38024425000103,PAUPINA,
38061442000110,DAMAS,
38061878000100,ARACAPE,
38066539000116,VILA VELHA,
38073609000163,CONJUNTO CEARA II,
38079105000150,ALDEOTA,ANDRESSA AZEVEDO DE LIMA PINTO
38084890000130,COCO,MARIO FELIPE SILVA
38104798000194,JOSE BONIFACIO,
38106185000196,PARANGABA,
38108542000155,PARQUE SANTA ROSA,
38118764000159,ALDEOTA,
38124643000110,CIDADE 2000,
38140689000122,HENRIQUE JORGE,
38141646000161,VICENTE PINZON,
38150156000121,MEIRELES,LETICIA MONTEIRO DE CARVALHO MESQUITA
38151468000150,MUCURIPE,
38175572000184,ALDEOTA,
38182934000164,PARQUE ARAXA,
38185300000165,ALDEOTA,
38195144000113,MEIRELES,
38223639000109,DOM LUSTOSA,
38230407000188,CRISTO REDENTOR,
38231332000150,JOSE DE ALENCAR,
38243668000132,ALDEOTA,WILSON JOSE GOMES FILHO
38246014000162,JOSE DE ALENCAR,
38251938000157,SAPIRANGA,
38253239000146,PASSARE,
38262103000100,FATIMA,
38280478000195,MONTE CASTELO,
38281241000129,QUINTINO CUNHA,
38286919000166,CAMBEBA,EMANUELLE LIMA VERDE DE LAVOR
38299259000158,BARRA DO CEARA,
38301102000110,MEIRELES,
38313601000127,PAN AMERICANO,
38315791000111,MESSEJANA,
38323380000178,ALDEOTA,
38332009000172,ARACAPE,
38368621000103,PARQUELANDIA,
38371883000119,MEIRELES,
38377856000153,PARQUE SANTA MARIA,
38379702000109,MESSEJANA,
38397885000187,BOM FUTURO,
38426764000116,JACARECANGA,
38430254000112,BARRA DO CEARA,
38435690000184,MONTE CASTELO,
38437890000176,PARQUE SANTA MARIA,
38444954000166,PICI,
38453314000112,MEIRELES,
38458260000188,CONJUNTO ESPERANCA,
38482572000127,VICENTE PINZON,
38485675000140,DAMAS,
38489631000199,SERRINHA,
38494763000109,MONTESE,
38535173000187,JACARECANGA,
38538394000109,SAPIRANGA / COITE,NEDER FARIA JUNIOR
38541592000121,CENTRO,
38574700000162,PAPICU,
38575436000181,ANTONIO BEZERRA,
38611731000146,MONDUBIM,
38613699000138,JOAQUIM TAVORA,
38625055000160,ALDEOTA,
38648120000172,EDSON QUEIROZ,
38652366000118,ALDEOTA,
38653932000106,VILA ELLERY,
38708668000160,FLORESTA,
38709940000127,ELLERY,VANESSA DOS SANTOS LUZ
38712904000112,JOQUEI CLUBE,GIOVANNA RODRIGUES MAIA
38755939000139,RODOLFO TEOFILO,
38927980000145,SIQUEIRA,
38945537000105,PARQUE DOIS IRMAOS,
38946438000130,AEROLANDIA,
38974594000104,GRANJA LISBOA,
39142472000114,JACARECANGA,
39146108000122,COCO,
39241578000175,DENDE,
39256196000115,DOM LUSTOSA,
39265697000168,JOAO XXIII,
39276927000194,MESSEJANA,
39309130000146,ALDEOTA,MARIA HELENA SOARES MOURAO
39312696000127,PRESIDENTE KENNEDY,
39316089000135,ALDEOTA,EDILSON NOGUEIRA PINHEIRO
39329936000104,PICI,
39334240000168,HENRIQUE JORGE,
39334674000168,FATIMA,
39335965000170,HENRIQUE JORGE,
39342369000118,BARRA DO CEARA,
39388904000171,PARQUE IRACEMA,
39389682000101,BELA VISTA,
39397961000117,LAGOA REDONDA,ANDRESSA MASSENO DA SILVA
39401454000100,MEIRELES,
39403730000179,CONJUNTO PALMEIRAS,
39414028000291,ALDEOTA,MARIA JOSE GONCALVES DA SILVA
39414028000372,EDSON QUEIROZ,MARIA JOSE GONCALVES DA SILVA
39419941000108,PARQUELANDIA,
39426603000195,ALVARO WEYNE,
39440563000136,ALDEOTA,
39442188000163,FATIMA,
39443046000110,CARLITO PAMPLONA,
39446247000171,CONJUNTO CEARA I,
39456160000185,MESSEJANA,
39465660000183,EDSON QUEIROZ,VIVIAN MARTINS MIRANDA BORGES
39470135000156,ALDEOTA,JOSE WILTON PORFIRIO DA SILVA
39471716000102,ALVARO WEYNE,
39474714000177,VICENTE PINZON,
39510582000191,MONDUBIM,MANOLIDIS EFSTRATIOS JUNIOR
39513485000152,CIDADE DOS FUNCIONARIOS,
39541847000119,PLANALTO AYRTON SENNA,
39570777000127,JOSE DE ALENCAR,
39586737000173,SAPIRANGA,
39632904000175,CONJUNTO CEARA II,
39640508000190,PRAIA DO FUTURO II,
39642344000130,ALDEOTA,CHRISTIANA PINHEIRO MOTA
39645715000137,SAO JOAO DO TAUAPE,
39650530000110,ALDEOTA,CAIO FURTADO DE ANDRADE ALVES
39668707000106,JARDIM CEARENSE,
39670982000164,JOAO XXIII,
39679752000166,DIONISIO TORRES,
39682955000101,MUCURIPE,
39724302000148,MESSEJANA,
39732655000190,ARACAPE,
39751188000145,MARAPONGA,
39762013000133,AUTRAN NUNES,
39768401000121,CONJUNTO PALMEIRAS,REGIANE DE SOUSA LOPES
39778408000124,PARQUE ARAXA,
39779149000156,PARQUE IRACEMA,
39785023000194,MESSEJANA,
39798900000161,JARDIM GUANABARA,
39799090000168,AUTRAN NUNES,
39800430000123,CENTRO,
39800952000125,ALDEOTA,
39826553000133,RACHEL DE QUEIROZ,
39846918000191,BARRA DO CEARA,
39854785000103,BARROSO,
39855072000156,ITAOCA,
39870734000167,CAMBEBA,
39880709000164,MEIRELES,
39890915000155,DEMOCRITO ROCHA,
39893731000149,MESSEJANA,
39901634000150,MEIRELES,
39901694000173,SIQUEIRA,
39917165000168,MEIRELES,
39919554000122,QUINTINO CUNHA,
39920981000120,CIDADE 2000,
39922214000150,CANINDEZINHO,
39950326000115,ALDEOTA,
39958502000165,BELA VISTA,
39970571000194,PRAIA DO FUTURO II,
39989997000190,VILA ELLERY,
40000665000110,BARROSO,
40004062000196,MANUEL SATIRO,
40017184000117,PASSARE,
40018054000107,BOM JARDIM,
40034808000104,AUTRAN NUNES,
40044983000182,MEIRELES,MARCELA MARINA CASTELAR PINHEIRO MAIA RIBEIRO
40046390000155,PAPICU,
40055441000105,ALDEOTA,SARAH MONTEIRO FACANHA
40055580000139,CAIS DO PORTO,
40060799000126,MESSEJANA,
40066030000115,ALTO DA BALANCA,
40074984000170,MEIRELES,
40075405000103,JARDIM DAS OLIVEIRAS,CLAUDIANA RODRIGUES DE SOUSA
40083374000132,EDSON QUEIROZ,VIVIANE MARIA ROCHA MARTINS
40104191000156,PASSARE,
40104759000139,PICI,
40122686000108,MONDUBIM,
40125979000149,CAMBEBA,LUANA RIBEIRO BEZERRA OLIVEIRA
40137590000113,CRISTO REDENTOR,
40145232000152,MEIRELES,
40186324000180,ALVARO WEYNE,
40194396000170,CARLITO PAMPLONA,
40203743000183,MARAPONGA,
40207015000140,SAO JOAO DO TAUAPE,
40209890000160,RODOLFO TEOFILO,
40211375000115,BARRA DO CEARA,
40213487000105,VILA PERI,
40215199000190,PIRAMBU,
40215359000109,JOSE DE ALENCAR,
40227087000159,DIONISIO TORRES,NEYSI THE TEIXEIRA
40242321000117,PICI,
40248364000100,SAO GERARDO,
40256540000155,JOQUEI CLUBE,
40257691000128,JANGURUSSU,
40274737000117,ENGENHEIRO LUCIANO CAVALCANTE,
40286413000107,PARREAO,
40307675000100,ENGENHEIRO LUCIANO CAVALCANTE,
40321129000116,PARANGABA,
40324151000110,BENFICA,
40328324000178,MEIRELES,
40340426000109,BARRA DO CEARA,
40347170000161,NOVO MONDUBIM,
40376609000184,JOAO XXIII,
40382995000117,JARDIM DAS OLIVEIRAS,
40402529000156,DIAS MACEDO,
40422188000180,ITAPERI,
40440468000111,GRANJA LISBOA,
40444420000181,MARAPONGA,
40449455000103,NOVO MONDUBIM,
40450649000129,FATIMA,
40465190000137,ENGENHEIRO LUCIANO CAVALCANTE,
40477857000111,PARQUE PRESIDENTE VARGAS,CAROLINE SILVA COSTA
40479658000142,MONTESE,
40487917000187,MANUEL SATIRO,
40499702000186,MEIRELES,
40510132000188,AEROPORTO,
40511325000153,COCO,
40516423000183,CIDADE DOS FUNCIONARIOS,ELIZABETH BEZERRA PINHEIRO ALBUQUERQUE
40527919000152,VILA UNIAO,
40530647000140,ANTONIO BEZERRA,
40539448000100,VILA VELHA,
40545547000197,PIRAMBU,ANTONIA SHEYLA BARBOSA CAMURCA
40550640000190,JARDIM DAS OLIVEIRAS,
40558622000154,MONTESE,
40582054000127,JANGURUSSU,
40582957000108,CENTRO,
40584527000125,MONDUBIM,
40618208000193,QUINTINO CUNHA,
40637990000198,JOAO XXIII,
40639115000145,PARQUE SANTA MARIA,
40647626000109,PICI,
40652902000127,JOAO XXIII,
40654947000130,DIONISIO TORRES,MARIA LARISSA CARNEIRO DE ALMEIDA
40663204000127,PARREAO,
40667491000143,PARANGABA,DAYANA DO NASCIMENTO COSTA
40679108000177,QUINTINO CUNHA,
40681910000100,PREFEITO JOSE WALTER,
40684294000132,PRESIDENTE KENNEDY,
40686887000138,HENRIQUE JORGE,
40712618000107,PARANGABA,
40716112000168,SERRINHA,
40725149000152,JOSE BONIFACIO,
40725652000108,CIDADE DOS FUNCIONARIOS,
40756370000178,PARQUE SANTA ROSA,
40764139000126,ALDEOTA,ITALO GIRAO NERI
40775996000121,COCO,BEATRIZ DE ABREU MOURA
40814400000155,PICI,
40835044000156,SAPIRANGA / COITE,DIMAS RIOS LEITAO
40843874000125,JANGURUSSU,
40852513000145,ALDEOTA,
40860723000185,ENGENHEIRO LUCIANO CAVALCANTE,
40868885000160,AMADEU FURTADO,TATIANA MICHELY ALMEIDA BARROSO
40869997000135,CIDADE 2000,
40881535000133,PREFEITO JOSE WALTER,
40882679000104,JARDIM GUANABARA,
40895837000160,JOAQUIM TAVORA,
40944541000192,PASSARE,
40948302000100,PAPICU,
40951096000198,PADRE ANDRADE,
40960754000108,JACARECANGA,
40977231000174,CENTRO,
40977930000114,MANUEL SATIRO,
41013185000156,PRESIDENTE KENNEDY,
41025968000150,ARACAPE,FRANCISCO DE ASSIS BARROS MIRANDA
41036394000115,BARRA DO CEARA,
41039796000173,ITAPERI,
41047053000145,MESSEJANA,
41058664000199,CRISTO REDENTOR,
41065570000147,PASSARE,
41100392000148,CENTRO,GABRIEL MIRANDA SANTA INES
41119161000186,MUCURIPE,
41119517000181,BARROSO,
41126470000183,PAUPINA,
41138839000178,JOAO XXIII,
41151413000154,SIQUEIRA,
41157858000141,MESSEJANA,
41186173000123,VILA PERI,
41191855000124,ITAPERI,LIVIA RAYANE DA SILVA
41205912000187,GRANJA LISBOA,
41237217000105,ALDEOTA,LUIS FERNANDO CHERBINO DE GIOIA
41308249000146,HENRIQUE JORGE,RENATA RAYANE DOS SANTOS ALVES
41345607000190,JARDIM CEARENSE,
41425002000100,MESSEJANA,
41454055000159,HENRIQUE JORGE,
41457998000135,ENGENHEIRO LUCIANO CAVALCANTE,MARCOS LEANDRO DE OLIVEIRA SOUSA
41479077000173,SAO JOAO DO TAUAPE,
41533808000111,FATIMA,
41547574000161,ALDEOTA,
41558445000179,BOA VISTA-CASTELAO,
41582271000180,PARQUE MANIBURA,JAMILE ASSIS BAZAN DUARTE
41602178000190,BELA VISTA,
41606232000175,SAO BENTO,
41657668000193,ALDEOTA,
41659794000187,PARREAO,
41673505000102,BARRA DO CEARA,
41691968000199,JOAQUIM TAVORA,
41709192000197,MONDUBIM,
41719827000137,FATIMA,
41733101000159,CAMBEBA,
41735727000102,COCO,LIA BELCHIOR MENDES BEZERRA NERY
41749210000164,DEMOCRITO ROCHA,
41770855000189,JOSE DE ALENCAR,FRANCISCA NADIA DUARTE FERREIRA
41791737000157,PARANGABA,
41803357000195,DENDE,
41810867000190,ALDEOTA,ANA KEZIA AMORIM PEREIRA
41819386000145,RODOLFO TEOFILO,
41833208000179,MONTE CASTELO,
41849735000171,QUINTINO CUNHA,
41862706000140,ENGENHEIRO LUCIANO CAVALCANTE,
41868625000157,VARJOTA,LUANA GIRAO PARENTE
41879608000115,ITAOCA,
41881568000146,CONJUNTO CEARA I,
41887301000166,VICENTE PINZON,
41889629000111,DOM LUSTOSA,
41902525000108,PARQUE DOIS IRMAOS,
41910153000153,MEIRELES,
41934477000121,CENTRO,CARLOS FONTENELE SABOYA NETO
41941761000125,ALDEOTA,BRUNA LOPES LEITE
41943091000186,PASSARE,
41977797000169,MEIRELES,
41996686000108,MESSEJANA,
42001758000194,PASSARE,
42005426000188,ALDEOTA,
42039931000143,MONTE CASTELO,
42050580000171,JANGURUSSU,
42061124000127,CENTRO,
42062793000113,VILA VELHA,
42068105000122,ALDEOTA,BARBARA BEZERRA LIMAVERDE E SILVA
42069866000107,DIONISIO TORRES,SANNY TERESA XIMENES AGUIAR
42091945000106,BARRA DO CEARA,
42092761000160,PRAIA DO FUTURO II,
42093207000106,VICENTE PINZON,
42093573000157,MESSEJANA,
42096085000101,GRANJA LISBOA,
42097606000137,JARDIM CEARENSE,
42099337000148,PRAIA DO FUTURO II,
42106334000194,AEROPORTO,
42117717000168,PRAIA DO FUTURO II,
42132999000172,VICENTE PINZON,
42175815000151,SAPIRANGA-COITE,
42183808000100,PARQUELANDIA,
42189546000182,MONTESE,
42193363000130,BOM JARDIM,
42194287000188,MONDUBIM,
42203233000131,PRAIA DE IRACEMA,
42208784000198,SAPIRANGA-COITE,
42212230000164,VICENTE PINZON,
42227780000157,BOM JARDIM,
42234397000126,ENGENHEIRO LUCIANO CAVALCANTE,
42249215000190,CENTRO,
42252782000104,PRAIA DO FUTURO I,
42285624000142,LAGOA REDONDA,ELLAINY CRISTINA LIMA ARAUJO
42340527000105,VILA VELHA,
42369351000114,COCO,
42372639000148,BARROSO,
42375091000190,MONTE CASTELO,
42377751000171,CENTRO,
42386055000121,CONJUNTO CEARA I,
42395647000100,JANGURUSSU,
42402918000107,PARQUE MANIBURA,
42404638000138,PICI,
42436542000151,MONTE CASTELO,
42437081000131,PRAIA DO FUTURO II,
42448220000122,OLAVO OLIVEIRA,
42457153000102,MARAPONGA,
42457884000158,CIDADE DOS FUNCIONARIOS,
42462370000190,PAPICU,PRISCILLA PATRICK SANTOS CAMILO
42469872000143,OLAVO OLIVEIRA,
42505272000193,BONSUCESSO,
42509924000168,CIDADE DOS FUNCIONARIOS,
42512389000102,ALDEOTA,LAURA JULIANA ZULUAGA ARIAS
42514184000158,MANOEL SATIRO,
42516347000131,PRAIA DO FUTURO II,
42526606000105,MONTESE,
42535979000142,PAPICU,ODILARDO MENDES CARNEIRO FILHO
42539875000106,MARAPONGA,
42547542000129,MESSEJANA,
42549168000109,MANOEL SATIRO,
42553367000182,SAPIRANGA-COITE,
42574843000141,MESSEJANA,
42575809000191,MEIRELES,
42578649000134,ALTO DA BALANCA,GUADALUPE BESSA DO AMARAL
42598845000170,PAUPINA,
42601991000108,SERRINHA,
42610486000120,CONJUNTO CEARA II,
42613320000167,FATIMA,
42631715000192,MESSEJANA,
42641624000138,VILA VELHA,
42647541000156,FLORESTA,
42649844000108,PREFEITO JOSE WALTER,
42656608000119,ALDEOTA,
42659569000103,PADRE ANDRADE,NIVEA CARLA PAULINO HERCULANO
42700624000161,PAPICU,
42711463000101,PARQUELANDIA,
42744242000130,ITAPERI,
42747757000193,PARQUE ARAXA,THAYNA FELIX TAVARES
42756887000192,PARANGABA,
42782159000155,CENTRO,
42783925000104,NOVO MONDUBIM,
42832786000153,GRANJA LISBOA,
42850286000144,COCO,
42857801000118,PARQUE DOIS IRMAOS,
42866130000151,CIDADE DOS FUNCIONARIOS,MICHELLENE DA COSTA MACHADO
42877486000190,HENRIQUE JORGE,
42906625000167,PARQUE DOIS IRMAOS,
42914617000162,JARDIM DAS OLIVEIRAS,LARISSA FERREIRA DE MOURA
42915128000125,EDSON QUEIROZ,JOAO BATISTA ANDRADE DE SOUZA
42921868000174,SALINAS,ANA NAYARA DA COSTA SILVA
42924414000157,JARDIM CEARENSE,
42930992000104,SIQUEIRA,
42951651000107,AUTRAN NUNES,
42952996000185,ALDEOTA,
42954373000141,ALDEOTA,
42973103000188,CARLITO PAMPLONA,
42973700000102,FATIMA,
42975523000101,PAPICU,ANA BEATRIZ NEVES DA SILVEIRA
42980863000112,CARLITO PAMPLONA,
42991434000140,ALDEOTA,LUDMYLLY SOUZA DE OLIVEIRA LIMA
42997095000100,SAPIRANGA-COITE,
43001762000115,DIAS MACEDO,
43021624000106,EDSON QUEIROZ,VERIDIANA DIAS MONTEIRO
43024783000156,RACHEL DE QUEIROZ,
43034393000167,EDSON QUEIROZ,
43049334000162,MARAPONGA,
43054232000135,VILA UNIAO,
43067369000124,ALDEOTA,
43069502000181,CAIS DO PORTO,
43070139000114,CONJUNTO PALMEIRAS,
43082814000125,DEMOCRITO ROCHA,
43098084000150,GRANJA PORTUGAL,
43101859000108,ALDEOTA,LUIS FELIPE DE SOUSA ANDRADE
43137307000141,ALVARO WEYNE,
43144389000151,SAO BENTO,
43150169000130,VICENTE PINZON,
43153809000166,PASSARE,
43191364000109,ELLERY,
43204571000150,PARQUE ARAXA,
43205718000127,VICENTE PINZON,
43211091000117,BARROSO,
43229898000187,SERRINHA,
43237857000132,ALDEOTA,
43241707000100,PREFEITO JOSE WALTER,
43255836000140,MEIRELES,ARISA RODRIGUES MARTINS
43257288000197,JOQUEI CLUBE,
43257458000133,JARDIM CEARENSE,
43331520000190,DIONISIO TORRES,GLENDA FURTADO DE ANDRADE CARVALHO MOURA
43334403000180,DOM LUSTOSA,
43335822000136,MONTESE,
43356171000160,SAPIRANGA-COITE,
43370703000114,BELA VISTA,
43391688000190,MEIRELES,
43407256000120,PRESIDENTE KENNEDY,
43424730000122,PARQUE DOIS IRMAOS,
43425105000103,JOAO XXIII,
43426877000151,BOA VISTA-CASTELAO,
43438054000146,MANOEL SATIRO,
43444725000181,MONTESE,
43450155000132,VILA PERI,
43462495000183,PARQUE SAO JOSE,
43478389000198,AEROLANDIA,
43479778000138,DIAS MACEDO,
43501323000171,BARRA DO CEARA,
43502719000133,MESSEJANA,
43506967000152,COCO,
43520149000104,LAGOA REDONDA,
43520625000197,JOAO XXIII,
43523333000108,MANUEL DIAS BRANCO,
43534086000145,JARDIM IRACEMA,
43537880000142,BELA VISTA,
43560476000190,PARQUE DOIS IRMAOS,
43580831000192,PASSARE,
43582770000100,MEIRELES,DAVI PONTES CARDOSO
43587270000153,OLAVO OLIVEIRA,
43590783000113,PREFEITO JOSE WALTER,
43609649000117,MONDUBIM,ANDRELINA TEIXEIRA DA SILVA
43633646000119,PASSARE,
43643211000155,PRAIA DE IRACEMA,
43653483000136,CONJUNTO CEARA I,
43653555000145,PREFEITO JOSE WALTER,
43666747000196,SIQUEIRA,
43673248000126,FATIMA,
43684743000130,CENTRO,
43686495000167,SIQUEIRA,
43691699000196,VICENTE PINZON,
43717011000108,CENTRO,
43723194000166,JANGURUSSU,
43739082000101,VILA UNIAO,
43745737000146,CONJUNTO CEARA I,
43747009000173,MONTE CASTELO,
43760772000134,ANTONIO BEZERRA,
43767378000128,ANCURI,
43770959000119,FARIAS BRITO,
43773367000150,ALVARO WEYNE,CLAUDEMIR ANGELO
43804281000148,QUINTINO CUNHA,
43813638000154,JARDIM IRACEMA,
43815668000108,JOAO XXIII,
43819786000186,JOAQUIM TAVORA,
43821890000105,PIRAMBU,
43825438000111,VILA VELHA,
43842540000125,MONDUBIM,
43849879000153,VILA UNIAO,
43869909000193,CENTRO,
43872762000190,ALDEOTA,
43876449000120,MEIRELES,
43876942000140,PICI,
43884505000179,TAUAPE,
43898263000172,RODOLFO TEOFILO,
43900994000105,GUARARAPES,
43914501000196,VICENTE PINZON,
43921665000140,ALDEOTA,RAISSA OLIVEIRA RODRIGUES
43929806000171,MESSEJANA,
43952641000159,HENRIQUE JORGE,
43954433000199,MONTE CASTELO,
43954538000148,JANGURUSSU,
43981759000105,MEIRELES,
43990521000146,DEMOCRITO ROCHA,
43992134000149,MESSEJANA,
43992170000102,PASSARE,
43994429000154,PRESIDENTE KENNEDY,
44028559000103,GRANJA PORTUGAL,
44033418000170,BARRA DO CEARA,
44034690000175,FLORESTA,
44042418000137,COCO,CARLA ROSANA CARVALHO TEIXEIRA
44059639000118,PARQUELANDIA,
44062961000104,CENTRO,
44069436000102,PASSARE,
44103865000159,CAJAZEIRAS,
44107374000186,SAPIRANGA-COITE,
44108739000197,JANGURUSSU,
44115331000142,MONTESE,MARINA ALBUQUERQUE ARRUDA RIBEIRO
44131729000172,FATIMA,
44136494000101,FATIMA,LUCAS HENRIQUE MACIEL LEME LINS
44142033000141,FATIMA,
44146780000158,BENFICA,
44147057000193,VILA UNIAO,
44154561000110,PRESIDENTE KENNEDY,MARIA HELENA SOARES MOURAO
44155962000195,DIONISIO TORRES,MARIA HELENA SOARES MOURAO
44158645000122,MEIRELES,ANA JANAINA DE ALCANTARA MACEDO GRADVOHL
44159260000180,MESSEJANA,
44163809000100,MONDUBIM,
44178471000160,PARQUE ARAXA,
44178892000190,JOQUEI CLUBE,
44191764000187,VICENTE PINZON,
44201371000107,PARQUE DOIS IRMAOS,
44201570000115,HENRIQUE JORGE,
44207377000191,MESSEJANA,
44213302000113,TAUAPE,
44245328000143,CONJUNTO PALMEIRAS,
44256399000141,JOQUEI CLUBE,NEYSI THE TEIXEIRA
44276031000145,JOAQUIM TAVORA,JULIANA ALMEIDA CAMARA
44290731000194,FLORESTA,
44297351000181,CRISTO REDENTOR,
44300278000150,GUARARAPES,LETICIA SELUQUE FERREIRA DE MACEDO
44300326000100,SAPIRANGA / COITE,LETICIA SELUQUE FERREIRA DE MACEDO
44300344000191,MESSEJANA,MARIA HELENA SOARES MOURAO
44311455000101,SIQUEIRA,
44314056000196,PICI,
44322391000136,MONDUBIM,
44322818000104,JARDIM IRACEMA,
44330771000112,ALDEOTA,
44336822000113,GRANJA LISBOA,
44350017000144,MARAPONGA,
44365657000128,VICENTE PINZON,
44372633000104,CIDADE DOS FUNCIONARIOS,
44413082000171,VICENTE PINZON,
44425507000162,MESSEJANA,MARINA MARINHO MATOS
44440886000160,MEIRELES,
44448468000119,COCO,
44454150000140,BARRA DO CEARA,
44471421000176,NOVO MONDUBIM,
44475851000166,MONDUBIM,
44482066000130,MANOEL SATIRO,
44485518000138,ENGENHEIRO LUCIANO CAVALCANTE,
44487498000134,MONDUBIM,
44494241000100,CARLITO PAMPLONA,
44500378000120,CRISTO REDENTOR,
44501592000109,PEDRAS,
44521873000115,GRANJA PORTUGAL,
44521997000109,MARAPONGA,
44522827000130,VILA VELHA,
44528393000186,SAPIRANGA-COITE,
44535297000165,VARJOTA,
44545151000109,JARDIM DAS OLIVEIRAS,
44551798000135,ENGENHEIRO LUCIANO CAVALCANTE,MARIA HELENA SOARES MOURAO
44559026000140,PARQUE DOIS IRMAOS,
44565707000110,PARQUELANDIA,
44583392000134,BOA VISTA-CASTELAO,
44599915000130,BARRA DO CEARA,
44635494000156,SAPIRANGA-COITE,
44695640000139,CARLITO PAMPLONA,
44702914000170,JOQUEI CLUBE,
44704479000112,ARACAPE,
44772015000143,SAO BENTO,ADRIELE FRANCO CAVALCANTE BRAGA
44779489000117,PAPICU,
44783746000194,PARQUE MANIBURA,
44791517000111,MONDUBIM,
44799322000118,SAPIRANGA-COITE,
44806618000119,SABIAGUABA,
44814617000116,ALDEOTA,NARAIRMA BEZERRA LOPES
44826520000123,PARANGABA,
44829993000184,CONJUNTO CEARA I,
44841738000157,NOVO MONDUBIM,
44847987000150,GRANJA LISBOA,
44854498000125,MESSEJANA,
44859513000128,CONJUNTO CEARA II,
44867812000104,CONJUNTO CEARA I,
44879247000103,PAUPINA,
44888372000171,PRAIA DO FUTURO II,
44892397000149,PLANALTO AYRTON SENNA,
44896349000129,PAUPINA,
44900407000140,VICENTE PINZON,
44900656000136,CANINDEZINHO,
44907982000175,GRANJA LISBOA,
44923820000120,ALDEOTA,JESSIKA MOURAO SA
44925019000114,PRESIDENTE KENNEDY,
44932012000120,GUAJERU,
44933181000184,FLORESTA,
44944374000130,JOQUEI CLUBE,
44948778000100,BARRA DO CEARA,
44965851000144,JOAQUIM TAVORA,
44975182000191,JANGURUSSU,
44977202000163,FLORESTA,
44985004000141,FATIMA,
45010770000153,PASSARE,
45021118000134,PARQUE SANTA ROSA,
45021684000146,PAUPINA,
45033295000130,VILA VELHA,
45036581000150,BONSUCESSO,
45046676000154,PLANALTO AYRTON SENNA,
45047200000138,MONDUBIM,
45057633000174,CIDADE 2000,
45078050000120,ALVARO WEYNE,
45086732000184,PANAMERICANO,
45100007000113,MONDUBIM,
45112069000145,VILA PERI,RENATA DA SILVA COLARES
45131061000126,VICENTE PINZON,
45139909000163,MESSEJANA,
45145038000190,CIDADE DOS FUNCIONARIOS,CAROLINA RODRIGUES COSTA SOARES
45151324000169,MONDUBIM,BRUNA KAROLYNE MORAES DA COSTA
45157337000145,BOM FUTURO,
45160151000145,JARDIM CEARENSE,
45163283000120,PICI,
45171228000182,CENTRO,
45179119000101,SAPIRANGA-COITE,
45179205000114,PARQUE SAO JOSE,
45180284000183,GRANJA PORTUGAL,
45182167000159,ALDEOTA,
45182999000175,AUTRAN NUNES,
45212836000198,CIDADE DOS FUNCIONARIOS,MICHELLI FERREIRA PACHECO NOGUEIRA
45238868000162,CAJAZEIRAS,
45246968000130,SERRINHA,
45263240000117,CENTRO,
45274022000188,DIAS MACEDO,
45280253000102,GRANJA PORTUGAL,
45285656000136,PRAIA DO FUTURO II,
45291197000101,ELLERY,
45291917000120,MARAPONGA,
45295950000129,JOAO XXIII,
45306638000193,MONDUBIM,
45310555000178,PARQUE IRACEMA,CIRO MARCELO DE CASTRO NETO
45325312000103,ALDEOTA,MARIANA COSTA FROTA BARBOSA
45327069000162,MEIRELES,
45337505000184,GUARARAPES,
45361835000105,CAIS DO PORTO,
45370519000108,JARDIM IRACEMA,
45372911000188,JARDIM IRACEMA,
45410919000191,JOSE BONIFACIO,
45426377000145,COCO,
45441002000154,BARRA DO CEARA,
45456576000104,JOSE DE ALENCAR,
45459608000117,QUINTINO CUNHA,
45476887000127,MESSEJANA,
45478706000100,SAPIRANGA-COITE,
45483718000114,QUINTINO CUNHA,
45485916000117,MONTESE,
45486108000174,ALDEOTA,DJESSIKA KELLEN RODRIGUES
45515314000165,ALDEOTA,
45516870000156,JARDIM IRACEMA,
45527742000108,CIDADE 2000,
45531528000125,DIONISIO TORRES,
45533253000169,CONJUNTO CEARA I,
45534124000195,MESSEJANA,
45539721000102,CAMBEBA,HYARA MARA DA SILVA MACIEL
45548917000163,VARJOTA,SANDY RAQUEL GONCALVES DOS SANTOS
45567995000105,MESSEJANA,
45569824000115,AEROLANDIA,
45573897000180,CARLITO PAMPLONA,ERIKA RAMONA BEZERRA SOARES
45583451000137,BONSUCESSO,
45595214000196,CONJUNTO CEARA I,
45599994000142,MEIRELES,JESSIKA HELENA BENITO MAGALHAES
45606264000121,FARIAS BRITO,
45607823000118,JOAQUIM TAVORA,
45628532000106,GRANJA LISBOA,
45631031000189,JACARECANGA,
45641936000130,PARQUELANDIA,ALINE BARROS DA SILVEIRA RAMOS
45650006000142,TAUAPE,
45674573000139,CONJUNTO PALMEIRAS,
45698094000152,ALDEOTA,EDUARDA DIOGENES GUIMARAES DE LIMA MENEZES
45699644000158,DIONISIO TORRES,
45709449000161,DIONISIO TORRES,
45713107000115,LAGOA REDONDA,
45741123000111,BENFICA,
45758848000112,PRAIA DO FUTURO II,
45798872000185,PARANGABA,
45803615000194,GUARARAPES,
45803732000158,PARQUE IRACEMA,
45808484000138,MONTESE,LUCAS ALBUQUERQUE ARRUDA RIBEIRO
45819442000100,MONDUBIM,
45831941000105,AUTRAN NUNES,
45839585000176,SIQUEIRA,
45854220000110,PARQUE DOIS IRMAOS,
45862795000185,EDSON QUEIROZ,
45867282000167,BARRA DO CEARA,
45878963000120,DIONISIO TORRES,DANIELA ALBUQUERQUE XIMENES
45883441000117,PARANGABA,
45885877000145,PASSARE,
45885952000178,PREFEITO JOSE WALTER,
45900906000109,PARANGABA,
45915652000194,FATIMA,
45928899000145,HENRIQUE JORGE,
45935614000101,JANGURUSSU,
45939471000106,MONDUBIM,
45942029000120,VICENTE PINZON,
45942327000110,PREFEITO JOSE WALTER,
45951680000167,PARQUELANDIA,
45953931000142,ALDEOTA,
45956175000105,PIRAMBU,
45974442000177,VICENTE PINZON,
45978691000130,MESSEJANA,
45989488000160,CIDADE DOS FUNCIONARIOS,
45994479000167,PARQUELANDIA,
45999659000131,PARANGABA,
46015045000130,MARAPONGA,
46033702000172,VILA UNIAO,
46034470000177,JARDIM GUANABARA,
46042762000151,AEROLANDIA,
46055531000182,MEIRELES,
46066040000137,MUCURIPE,
46068454000103,SIQUEIRA,
46079446000154,HENRIQUE JORGE,
46091178000196,JANGURUSSU,
46099012000116,VICENTE PINZON,
46103112000179,VICENTE PINZON,
46104507000196,CIDADE DOS FUNCIONARIOS,
46110166000161,PARREAO,
46114395000154,PARQUE DOIS IRMAOS,
46118495000159,CONJUNTO CEARA I,
46140580000113,BARRA DO CEARA,
46162700000183,EDSON QUEIROZ,RILDO GERONIMO DA SILVA NETO
46170631000150,PRAIA DO FUTURO II,
46181328000152,MANOEL SATIRO,
46193781000189,DEMOCRITO ROCHA,
46204706000176,BOM FUTURO,
46208776000100,ARACAPE,
46210013000196,SERRINHA,
46211715000194,PARQUE MANIBURA,
46215544000171,CAIS DO PORTO,
46252240000184,JANGURUSSU,
46271188000103,PANAMERICANO,
46287643000169,PASSARE,
46304751000100,PREFEITO JOSE WALTER,
46309303000191,BOM JARDIM,
46311747000161,PARQUE DOIS IRMAOS,
46324522000140,JOAQUIM TAVORA,
46332729000166,GRANJA LISBOA,
46334721000139,PRAIA DO FUTURO II,
46340596000170,EDSON QUEIROZ,
46342070000129,PIRAMBU,
46367186000112,ALDEOTA,LARISSA PEREIRA MESQUITA
46367255000198,AMADEU FURTADO,
46369730000165,JANGURUSSU,
46375394000163,DENDE,
46378166000147,DOM LUSTOSA,
46396809000185,PREFEITO JOSE WALTER,
46402648000195,CANINDEZINHO,JARDENIA MATOS JACAUNA
46414818000151,JARDIM GUANABARA,
46416235000160,VILA VELHA,
46419876000178,FARIAS BRITO,
46421716000163,PARQUE SANTA MARIA,
46427854000150,JANGURUSSU,
46427901000165,FATIMA,
46431645000180,PARANGABA,
46436590000109,PREFEITO JOSE WALTER,
46459196000188,ARACAPE,
46476344000172,PASSARE,
46487992000124,MONDUBIM,
46488309000173,MONTESE,
46489384000159,JARDIM DAS OLIVEIRAS,
46490560000172,MONDUBIM,
46501366000145,PARREAO,
46514587000158,MONDUBIM,
46526757000114,MUCURIPE,
46534336000135,BOM JARDIM,
46541689000162,JANGURUSSU,
46570098000113,ALDEOTA,ANNA BEATRIZ VIEIRA BANDEIRA
46572742000192,VILA VELHA,
46575456000180,MEIRELES,
46606934000172,COCO,
46607942000133,CRISTO REDENTOR,
46616415000195,SERRINHA,
46618646000138,MANUEL DIAS BRANCO,
46619775000140,PASSARE,
46636415000157,JOAQUIM TAVORA,
46643050000198,GRANJA LISBOA,
46643315000158,JOQUEI CLUBE,
46645240000144,PICI,CAMILA MENDES FALCAO REIS
46646327000136,SIQUEIRA,
46654880000110,DIONISIO TORRES,
46669306000136,MONDUBIM,
46670752000160,FATIMA,JECYKA WILENY NOGUEIRA CHAVES
46671175000121,FARIAS BRITO,
46701688000138,BOM FUTURO,
46715772000100,PLANALTO AYRTON SENNA,
46719138000146,ITAPERI,
46749031000140,BARRA DO CEARA,
46762755000124,PLANALTO AYRTON SENNA,ELLIS CANDIDA FEITOSA TEIXEIRA
46769016000164,PARQUE MANIBURA,
46775346000162,ALDEOTA,ERICA ROBERTA DE MIRANDA BARROS
46776116000118,JACARECANGA,
46781523000113,MESSEJANA,
46792061000130,JARDIM DAS OLIVEIRAS,
46819097000160,FATIMA,
46823828000140,GENIBAU,
46839503000156,COCO,VIVIANE FEITOZA NERY DE SOUZA
46846522000100,JARDIM DAS OLIVEIRAS,
46849468000156,BARRA DO CEARA,
46859725000130,MONDUBIM,
46875546000197,EDSON QUEIROZ,
46887354000109,MONDUBIM,
46890756000154,JOAQUIM TAVORA,
46894198000103,TAUAPE,
46905285000100,MONDUBIM,
46909813000108,MANOEL SATIRO,
46916188000113,PASSARE,
46917470000115,CARLITO PAMPLONA,
46918869000110,ALDEOTA,
46925610000105,DIONISIO TORRES,
46928320000107,FLORESTA,
46928632000110,BOM JARDIM,
46937426000177,MANOEL SATIRO,
46939760000160,MESSEJANA,
46944877000131,MONDUBIM,
46951203000164,SERRINHA,
46967757000150,ALVARO WEYNE,
46975383000114,VILA PERI,
46982572000114,BOM JARDIM,
47010689000107,COACU,
47014736000182,DENDE,
47021446000166,CIDADE DOS FUNCIONARIOS,
47029226000189,PASSARE,
47032106000130,CENTRO,
47037456000190,JOQUEI CLUBE,
47037899000180,DENDE,
47051186000171,VARJOTA,FRANCISCA ELAINE GONCALVES BRASILEIRO
47053585000171,VILA UNIAO,
47063871000118,PASSARE,
47086383000126,HENRIQUE JORGE,
47120964000137,ALDEOTA,MARINA AMORIM MARINHO BRAGA
47122884000110,MEIRELES,
47126760000103,PEDRAS,
47129174000112,JOAQUIM TAVORA,
47132250000149,CANINDEZINHO,
47136475000173,BONSUCESSO,
47137075000182,CAIS DO PORTO,
47140152000153,ARACAPE,
47141078000190,MONDUBIM,
47163325000159,PAUPINA,
47165002000102,ALDEOTA,
47166513000130,MESSEJANA,BRUNO VIDAL DE SENA SOUZA
47184067000197,CENTRO,
47186680000143,VILA UNIAO,
47196946000139,PRAIA DO FUTURO I,
47203109000190,PRAIA DO FUTURO II,
47218586000129,VILA PERI,ANTONIO NELIO SILVA OLIVEIRA
47234616000190,MONDUBIM,CARLOS IVAN ALVES PRADO
47253813000157,VILA VELHA,
47275353000168,ALDEOTA,
47277621000180,PRESIDENTE KENNEDY,BRUNO VIDAL DE SENA SOUZA
47286603000165,CARLITO PAMPLONA,
47288510000170,PARQUELANDIA,
47289446000141,BOM JARDIM,
47294108000106,JARDIM GUANABARA,
47306853000110,DOM LUSTOSA,
47319060000135,PARQUELANDIA,DELISIANE REGINATTO SANTOS
47336350000197,SIQUEIRA,
47342265000131,PASSARE,
47350321000180,QUINTINO CUNHA,
47351047000163,CAMBEBA,LORENA CANUTO NEPOMUCENA QUEIROZ
47383528000150,PAUPINA,
47387488000115,PRAIA DO FUTURO II,
47393748000165,ALDEOTA,
47401463000129,COACU,
47416287000107,AMADEU FURTADO,
47431695000120,PARQUE MANIBURA,
47445527000193,FATIMA,
47483183000107,BOM JARDIM,
47484097000119,MONTESE,
47529943000170,COACU,
47530630000131,NOVO MONDUBIM,
47531019000128,QUINTINO CUNHA,
47542559000107,PICI,SHIRLEY EMILLY SOUSA COSTA
47543550000110,MARAPONGA,
47566988000114,DAMAS,
47600145000197,CONJUNTO PALMEIRAS,
47603323000133,EDSON QUEIROZ,
47603403000199,VILA PERI,
47604545000170,ALDEOTA,MARIZA ARAUJO MARINHO
47607653000105,PICI,
47628026000142,VICENTE PINZON,
47629500000150,BARROSO,
47633157000118,PREFEITO JOSE WALTER,
47634637000101,MONDUBIM,
47636604000192,GRANJA PORTUGAL,
47656473000105,ITAOCA,
47658682000198,SABIAGUABA,
47673088000176,JANGURUSSU,
47677388000123,BARROSO,
47678898000115,JARDIM IRACEMA,
47683086000168,ANTONIO BEZERRA,
47689342000124,MANOEL SATIRO,
47711465000114,CENTRO,
47715668000189,BOA VISTA-CASTELAO,
47728991000197,MONDUBIM,
47729103000150,PARANGABA,
47730436000108,ELLERY,
47733130000105,JANGURUSSU,
47742609000108,VILA VELHA,
47744448000183,CIDADE 2000,
47748171000167,PARQUE DOIS IRMAOS,
47750698000126,MEIRELES,
47753838000110,GRANJA LISBOA,
47754503000116,MESSEJANA,
47756018000181,JANGURUSSU,
47764828000180,BELA VISTA,
47783355000168,ALDEOTA,DELISIANE REGINATTO SANTOS
47784909000141,CONJUNTO CEARA I,
47802428000111,PARQUE IRACEMA,
47815544000175,EDSON QUEIROZ,ARIANE MARIA CARVALHO MELO
47821911000143,DIONISIO TORRES,
47825251000179,TAUAPE,
47826337000116,DIONISIO TORRES,
47827028000160,ALDEOTA,
47830608000107,MESSEJANA,
47833370000173,PRESIDENTE KENNEDY,
47834644000149,LAGOA REDONDA,
47842884000195,PREFEITO JOSE WALTER,
47855312000140,ALDEOTA,
47856900000107,SAO GERARDO,
47858011000170,PRESIDENTE KENNEDY,
47888141000156,PAPICU,
47901140000102,SAO GERARDO,
47904427000188,SERRINHA,
47910627000143,SIQUEIRA,
47923067000161,MONTESE,
47927185000148,ALDEOTA,
47930333000183,ANTONIO BEZERRA,
47935733000181,EDSON QUEIROZ,
47936577000173,VICENTE PINZON,
47947996000100,MANUEL DIAS BRANCO,
47955518000142,COCO,
47961989000163,CONJUNTO CEARA II,
47964554000172,COCO,
47968196000176,PAPICU,GILSON VASCONCELOS MALAGUETA
47972158000197,PICI,
47975882000174,MONDUBIM,
47979297000142,CONJUNTO CEARA II,LIDIANE DE SALES
47984688000155,QUINTINO CUNHA,
47995487000153,NOVO MONDUBIM,
48000213000140,VILA VELHA,
48004937000161,MONTESE,
48006226000126,CONJUNTO CEARA I,
48017923000182,JARDIM IRACEMA,
48028528000103,PASSARE,
48030254000189,CIDADE 2000,
48033516000169,BONSUCESSO,
48035793000100,PLANALTO AYRTON SENNA,
48037810000149,CAMBEBA,
48046339000155,JOSE DE ALENCAR,
48053551000140,BENFICA,
48055185000168,ALDEOTA,
48065673000156,BONSUCESSO,
48091974000154,VILA PERI,
48095893000122,AEROLANDIA,
48116261000106,PRAIA DO FUTURO II,
48118722000171,NOVO MONDUBIM,
48121323000160,CENTRO,
48124532000167,SIQUEIRA,
48124798000100,MONDUBIM,
48128864000110,PICI,
48144481000135,RODOLFO TEOFILO,
48155142000154,NOVO MONDUBIM,
48161648000176,SAO GERARDO,
48177725000186,JOAQUIM TAVORA,
48208887000134,SERRINHA,
48220328000140,PICI,
48225795000162,PRESIDENTE KENNEDY,TALITA MARIA BORGES ALVES
48229999000171,AEROPORTO,
48254090000173,SERRINHA,
48257370000135,VILA UNIAO,
48258707000129,BOM JARDIM,
48258930000176,PARANGABA,
48260838000140,COCO,
48264155000161,MESSEJANA,ARISA RODRIGUES MARTINS
48266866000175,DOM LUSTOSA,
48270189000169,JOAQUIM TAVORA,
48274818000129,CENTRO,
48283425000181,MEIRELES,
48288671000126,PARQUELANDIA,ANDREIA ALVES ARAGAO
48294352000123,PIRAMBU,
48305069000150,ALDEOTA,SUZY ANNE SIMOES LIMA
48326941000146,TAUAPE,
48328914000102,BARROSO,
48337461000180,JANGURUSSU,
48337888000189,PASSARE,
48339507000109,CONJUNTO PALMEIRAS,
48350968000174,MESSEJANA,
48351028000108,MESSEJANA,
48352913000101,FATIMA,
48360033000179,VICENTE PINZON,
48361669000135,TAUAPE,
48369958000180,PRESIDENTE KENNEDY,
48373218000118,ITAPERI,
48377401000191,DAMAS,
48384716000166,CONJUNTO CEARA I,
48394581000110,GRANJA PORTUGAL,
48405249000103,RODOLFO TEOFILO,
48412475000111,DIONISIO TORRES,
48418225000199,ITAPERI,
48423145000121,PAPICU,MARIANA SIQUEIRA PIMENTA CRUZ
48423486000105,ALDEOTA,DAYSE HENRIQUE DA SILVA
48430553000100,CARLITO PAMPLONA,
48432267000184,ENGENHEIRO LUCIANO CAVALCANTE,
48433071000104,JOQUEI CLUBE,
48437590000140,JOAQUIM TAVORA,
48438664000163,PRESIDENTE KENNEDY,
48439135000184,SALINAS,
48445921000194,GUAJERU,
48450921000182,DIONISIO TORRES,ANA CAROLINE LOTIFE CASTRO CAVALCANTE
48457100000178,JANGURUSSU,
48458148000109,PANAMERICANO,
48462125000160,GRANJA LISBOA,
48466061000175,CONJUNTO ESPERANCA,
48466884000109,VILA PERI,
48468324000185,CONJUNTO CEARA I,
48469590000122,CAJAZEIRAS,
48482634000154,PASSARE,
48483517000105,PREFEITO JOSE WALTER,
48484238000166,GRANJA PORTUGAL,
48493685000181,CONJUNTO CEARA I,
48497500000107,JOAO XXIII,
48501375000161,PASSARE,
48525628000137,MONDUBIM,
48526229000190,BARRA DO CEARA,
48529682000150,MONDUBIM,
48544200000131,GENIBAU,
48544481000122,GRANJA LISBOA,
48546075000107,BELA VISTA,
48567413000189,CANINDEZINHO,
48573243000145,CONJUNTO CEARA II,
48584115000105,SAO GERARDO,
48593881000128,BARRA DO CEARA,
48606704000139,MEIRELES,
48612258000175,PAUPINA,
48617002000150,PLANALTO AYRTON SENNA,
48619752000161,GUAJERU,
48624243000127,JOSE BONIFACIO,
48624912000160,ALTO DA BALANCA,
48627725000130,DOM LUSTOSA,
48630070000150,JOQUEI CLUBE,ARISA RODRIGUES MARTINS
48640002000171,MEIRELES,MAURO ROGERIO DINIZ
48644216000116,GENIBAU,
48644896000178,SIQUEIRA,
48645772000107,PREFEITO JOSE WALTER,
48649757000137,PIRAMBU,
48656841000188,PAPICU,GEORGIA FABIANA DORIA DO NASCIMENTO
48659309000114,ALVARO WEYNE,
48682337000152,ENGENHEIRO LUCIANO CAVALCANTE,
48683655000138,QUINTINO CUNHA,
48692033000176,CARLITO PAMPLONA,
48696858000169,HENRIQUE JORGE,
48702186000157,VILA VELHA,
48708420000153,PARQUE IRACEMA,BARBARA BEZERRA CRUZ SALVADOR
48727149000101,BONSUCESSO,
48751965000142,ALDEOTA,
48754366000182,BOM JARDIM,
48764896000101,TAUAPE,
48768678000145,PARQUELANDIA,
48788687000106,MESSEJANA,
48790509000101,PICI,
48797125000110,PARANGABA,
48797998000123,FATIMA,
48805919000189,CONJUNTO PALMEIRAS,
48812823000148,PICI,
48817871000129,AUTRAN NUNES,
48818575000142,SERRINHA,
48826768000145,PICI,
48828650000156,JACARECANGA,
48831537000120,DIONISIO TORRES,
48835702000111,ALDEOTA,
48839384000167,ELLERY,
48845359000196,PAPICU,
48852018000148,PARQUE DOIS IRMAOS,ALEXSANDRO DA SILVA
48869121000109,GRANJA LISBOA,
48882951000168,CONJUNTO CEARA II,
48884956000120,ALDEOTA,THAYNAN DE ANDRADE AZEVEDO LIMA
48886641000111,MONTESE,
48887261000100,MONDUBIM,
48888100000122,SABIAGUABA,
48888206000126,CAJAZEIRAS,
48894940000106,ELLERY,
48899221000170,BONSUCESSO,
48912012000119,VILA VELHA,
48912110000156,PLANALTO AYRTON SENNA,
48914463000195,PRESIDENTE KENNEDY,
48917941000110,JARDIM IRACEMA,
48922170000150,BELA VISTA,
48922266000118,PREFEITO JOSE WALTER,
48925910000101,AMADEU FURTADO,
48945642000190,GRANJA PORTUGAL,
48961042000115,BELA VISTA,
48962016000101,DIONISIO TORRES,
48967357000170,SERRINHA,
48970596000189,CENTRO,ELLIS CANDIDA FEITOSA TEIXEIRA
48975728000165,AUTRAN NUNES,
48975835000193,PLANALTO AYRTON SENNA,
48984375000160,DIONISIO TORRES,
48987501000130,CONJUNTO CEARA I,
49003009000145,PICI,
49008473000124,PASSARE,
49011664000145,ITAPERI,
49017211000126,PASSARE,
49017933000180,BARROSO,
49032265000160,BARRA DO CEARA,
49036570000120,EDSON QUEIROZ,ANNA THAWANNY GADELHA MOURA
49040337000111,BARROSO,
49040749000151,PARQUE SANTA MARIA,
49048102000176,ENGENHEIRO LUCIANO CAVALCANTE,
49052155000160,JOAQUIM TAVORA,
49062989000157,MONTE CASTELO,
49071449000130,JOAO XXIII,
49073359000188,PADRE ANDRADE,
49074134000146,ENGENHEIRO LUCIANO CAVALCANTE,
49074166000141,JARDIM IRACEMA,
49074619000130,PARQUE DOIS IRMAOS,
49078944000170,GENIBAU,
49080762000134,JARDIM IRACEMA,
49081254000170,DIONISIO TORRES,ANA BEATRIZ GUEDES QUIRINO
49094094000102,JARDIM IRACEMA,
49095729000188,GENIBAU,
49108224000100,VILA VELHA,
49130764000190,SIQUEIRA,
49131442000166,ITAPERI,
49131474000161,BONSUCESSO,
49131867000175,FATIMA,
49132807000177,AEROLANDIA,
49135904000113,GENIBAU,
49137963000120,ALVARO WEYNE,
49141733000135,BOM JARDIM,
49143918000189,CONJUNTO ESPERANCA,
49148183000186,ITAOCA,
49152821000132,AEROPORTO,
49159405000166,MONTESE,
49164816000140,PREFEITO JOSE WALTER,
49170820000110,JARDIM DAS OLIVEIRAS,
49172247000184,ALDEOTA,MATHEUS DA SILVA TAVARES
49179463000151,OLAVO OLIVEIRA,
49180980000140,BELA VISTA,
49181426000188,BARRA DO CEARA,
49185616000173,PASSARE,
49188599000128,VICENTE PINZON,
49201566000170,MEIRELES,
49202342000183,GRANJA LISBOA,
49209142000152,PARQUE DOIS IRMAOS,
49212389000128,PREFEITO JOSE WALTER,
49217676000120,RODOLFO TEOFILO,
49224605000155,CONJUNTO CEARA II,
49229724000109,JOAO XXIII,
49240160000105,JANGURUSSU,
49240391000100,BOM JARDIM,
49240455000173,ALTO DA BALANCA,
49240499000101,ENGENHEIRO LUCIANO CAVALCANTE,
49245881000108,FLORESTA,
49246403000104,GRANJA PORTUGAL,
49249522000110,JANGURUSSU,
49250523000185,NOVO MONDUBIM,
49253662000162,SIQUEIRA,
49260056000174,BENFICA,
49261913000150,BENFICA,
49265261000122,CAJAZEIRAS,
49266417000190,PRAIA DE IRACEMA,
49270738000168,JOQUEI CLUBE,
49271738000182,FARIAS BRITO,
49277383000139,DIONISIO TORRES,
49282663000135,MARAPONGA,
49284023000164,PARQUE SANTA ROSA,
49284395000190,CENTRO,
49290154000154,JANGURUSSU,
49295655000123,AMADEU FURTADO,
49299256000130,VILA VELHA,
49303141000172,ANTONIO BEZERRA,
49323491000109,MESSEJANA,
49331586000166,MESSEJANA,
49331764000159,PIRAMBU,
49332542000150,JANGURUSSU,
49343418000190,JANGURUSSU,
49344679000125,SERRINHA,
49345054000188,SERRINHA,
49346322000186,CONJUNTO CEARA II,
49347782000129,CENTRO,
49351316000117,PAPICU,
49353033000104,MEIRELES,
49353153000101,VICENTE PINZON,
49353512000120,BARRA DO CEARA,
49376870000159,PASSARE,
49378365000143,DAMAS,
49388053000110,JOQUEI CLUBE,
49390260000100,SIQUEIRA,
49394882000106,PREFEITO JOSE WALTER,
49396520000154,PASSARE,
49400426000121,BARRA DO CEARA,
49400841000185,ELLERY,
49404095000106,GRANJA LISBOA,
49406412000115,CONJUNTO CEARA II,
49407444000135,BOM JARDIM,
49422937000144,DIONISIO TORRES,
49431032000130,CONJUNTO CEARA I,
49431121000187,CAJAZEIRAS,
49433251000159,BOM JARDIM,
49444065000115,MESSEJANA,
49457995000103,GRANJA LISBOA,
49463028000154,CANINDEZINHO,
49463275000150,JOQUEI CLUBE,
49467120000192,PEDRAS,
49467553000148,PARQUE MANIBURA,
49475186000124,JOSE BONIFACIO,
49475277000160,CRISTO REDENTOR,
49481717000191,CONJUNTO CEARA I,
49485233000110,CENTRO,
49485799000142,BARRA DO CEARA,
49497788000182,PARQUE IRACEMA,
49503747000151,FLORESTA,
49509476000141,CIDADE DOS FUNCIONARIOS,
49528851000109,MONDUBIM,
49535874000132,ALDEOTA,
49539650000107,FATIMA,
49540381000190,GRANJA PORTUGAL,
49554262000197,ALDEOTA,
49555867000100,RODOLFO TEOFILO,
49559134000136,BENFICA,
49562538000189,ELLERY,
49565790000141,JACARECANGA,
49566043000128,MONTE CASTELO,
49579239000157,SIQUEIRA,
49579490000111,MONDUBIM,
49587628000124,PREFEITO JOSE WALTER,
49589924000164,GRANJA LISBOA,
49591742000128,VILA PERI,
49594165000128,BONSUCESSO,
49612308000187,RODOLFO TEOFILO,
49613401000106,LAGOA REDONDA,
49614663000195,ENGENHEIRO LUCIANO CAVALCANTE,
49620292000154,BOM JARDIM,
49625721000186,MANOEL SATIRO,
49626947000100,CAJAZEIRAS,
49630475000150,HENRIQUE JORGE,
49638296000160,ALDEOTA,
49648440000149,GRANJA PORTUGAL,
49654771000191,BARRA DO CEARA,
49666139000168,PARQUE IRACEMA,
49676209000169,CAJAZEIRAS,
49680991000190,PRAIA DE IRACEMA,JOAO VITOR DA SILVA SOUZA
49681397000113,PRAIA DO FUTURO II,
49685346000160,PARANGABA,VICTOR MARTINS SERAFIM
49685791000120,QUINTINO CUNHA,
49688045000190,PREFEITO JOSE WALTER,
49702413000107,MEIRELES,
49705455000100,JANGURUSSU,
49706622000129,JANGURUSSU,
49708881000199,JANGURUSSU,
49709014000178,CENTRO,
49711390000105,PARQUE MANIBURA,
49712818000126,MEIRELES,
49717284000120,CIDADE 2000,
49725882000141,MANOEL SATIRO,
49726877000153,BOM JARDIM,
49730147000126,BONSUCESSO,
49748357000141,ANTONIO BEZERRA,
49749132000100,SERRINHA,
49756173000123,VICENTE PINZON,
49758051000176,AEROPORTO,
49759668000106,DAMAS,
49763884000125,DOM LUSTOSA,
49777520000102,MUCURIPE,
49779540000104,ALDEOTA,
49782775000155,CENTRO,
49788957000133,MEIRELES,
49791038000119,PICI,
49799441000194,BARRA DO CEARA,
49808860000145,PARANGABA,
49813303000112,PAUPINA,
49824609000174,PICI,
49827630000123,PEDRAS,
49828640000183,ANTONIO BEZERRA,
49837175000147,PARQUELANDIA,JULIANA DE ALMEIDA FORTES
49843575000165,MONTE CASTELO,
49845524000172,CIDADE DOS FUNCIONARIOS,
49862029000171,JOAQUIM TAVORA,MARIANE MACEDO MARTINS NUNES
49866285000137,ANTONIO BEZERRA,
49870042000172,MESSEJANA,
49877447000132,VICENTE PINZON,
49886368000198,BOA VISTA-CASTELAO,
49936288000108,VILA PERI,
49947140000160,GRANJA LISBOA,
49948476000148,HENRIQUE JORGE,
49956847000133,PARQUE SANTA ROSA,
49957389000157,CONJUNTO ESPERANCA,
49964377000150,PARQUELANDIA,
49981449000177,PARQUE DOIS IRMAOS,
49999960000104,CONJUNTO CEARA I,
50001344000193,BARRA DO CEARA,
50002150000102,VILA PERI,
50005938000172,BONSUCESSO,
50009599000100,JOSE BONIFACIO,
50020548000171,MEIRELES,
50026217000149,PARQUE DOIS IRMAOS,
50026885000176,PARQUELANDIA,
50027334000127,GRANJA LISBOA,
50030330000106,EDSON QUEIROZ,
50051414000118,PASSARE,
50059063000191,ALDEOTA,CINTIA DE MELO BRAGA
50062386000134,BONSUCESSO,
50066191000162,AUTRAN NUNES,
50081712000150,QUINTINO CUNHA,
50084757000189,PARANGABA,
50100162000170,PARANGABA,
50101502000187,BONSUCESSO,
50105053000145,JOAQUIM TAVORA,JESSICA DE OLIVEIRA AQUINO
50107746000177,VICENTE PINZON,
50110872000180,PREFEITO JOSE WALTER,
50114151000149,BENFICA,
50115695000125,COACU,
50119663000106,NOVO MONDUBIM,
50143069000142,PAPICU,
50143557000150,MONTE CASTELO,
50146393000114,PARQUE SANTA ROSA,
50147939000151,PARANGABA,BRUNO VIDAL DE SENA SOUZA
50148412000141,MESSEJANA,
50148495000179,VILA UNIAO,
50156811000154,CONJUNTO PALMEIRAS,
50157992000133,MONDUBIM,
50161773000128,PICI,
50163853000112,PASSARE,
50165853000151,CONJUNTO PALMEIRAS,
50176294000185,DENDE,
50179135000134,ALDEOTA,JULIA LIMA VASCONCELOS
50185315000129,CONJUNTO ESPERANCA,
50193030000130,BENFICA,
50194069000171,PAPICU,
50200404000105,MONTESE,
50204129000190,BONSUCESSO,
50205730000105,FLORESTA,
50210219000193,PARQUE DOIS IRMAOS,
50213555000190,SERRINHA,
50229904000161,VARJOTA,
50241783000173,CAJAZEIRAS,
50249295000102,DEMOCRITO ROCHA,
50254151000144,NOVO MONDUBIM,
50255126000185,VICENTE PINZON,
50270444000115,MEIRELES,
50273955000190,GENIBAU,
50297736000141,BOM FUTURO,
50310138000165,DOM LUSTOSA,
50311222000101,SAO GERARDO,RAFAELA FELIX DE SOUSA
50326209000118,PICI,
50342787000148,CAIS DO PORTO,
50350399000109,PARQUELANDIA,
50352725000117,JARDIM AMERICA,
50357900000169,FATIMA,
50358231000140,MONDUBIM,ANA MARIA NOGUEIRA
50363123000165,JARDIM IRACEMA,
50368891000101,DE LOURDES,
50374718000116,PARANGABA,
50387843000160,PARQUE SAO JOSE,
50403135000176,JARDIM DAS OLIVEIRAS,
50405776000160,CENTRO,
50417936000190,PARQUE MANIBURA,
50418232000132,VILA UNIAO,
50418983000159,JOAO XXIII,
50425408000183,VILA UNIAO,
50426547000121,PREFEITO JOSE WALTER,
50438531000139,JARDIM IRACEMA,
50443216000108,VILA VELHA,
50445274000162,JANGURUSSU,
50465629000185,MONDUBIM,
50469242000105,PAPICU,
50472044000192,CIDADE DOS FUNCIONARIOS,FRANCISCO PONTES NETO
50483381000185,PARREAO,
50483644000156,VILA VELHA,
50495368000146,MESSEJANA,
50499597000139,GRANJA PORTUGAL,
50499642000155,BONSUCESSO,
50503514000138,BONSUCESSO,
50507371000132,QUINTINO CUNHA,
50511786000180,VILA UNIAO,
50549544000185,CANINDEZINHO,
50552341000148,GRANJA PORTUGAL,
50567042000187,JANGURUSSU,
50567083000173,CONJUNTO CEARA II,
50567994000109,JANGURUSSU,
50577841000134,PEDRAS,
50580382000148,BOM JARDIM,
50584923000106,GRANJA PORTUGAL,
50588563000110,LAGOA REDONDA,
50589655000115,VILA VELHA,
50594980000176,PASSARE,
50606766000192,PRAIA DO FUTURO II,
50607876000179,JOQUEI CLUBE,
50608689000100,COUTO FERNANDES,
50628043000194,MONTE CASTELO,
50633467000147,ANCURI,
50635714000144,VILA UNIAO,
50635939000109,AEROPORTO,
50641602000104,COCO,
50647334000120,JARDIM GUANABARA,
50647372000182,ALDEOTA,RAPHAELA DAMASCENO CAVALCANTE
50662692000101,PARREAO,
50667967000108,PAUPINA,
50671378000195,PREFEITO JOSE WALTER,
50675176000111,ALDEOTA,
50681846000102,NOVO MONDUBIM,
50687028000117,PARQUE IRACEMA,ANA CRISTINA MARQUES DE MENESES ESMERALDO
50688508000100,ENGENHEIRO LUCIANO CAVALCANTE,
50688849000178,GENIBAU,
50690552000147,JOAQUIM TAVORA,
50698672000190,CRISTO REDENTOR,
50699758000138,VILA VELHA,
50700449000130,MESSEJANA,
50711397000106,GRANJA LISBOA,
50715227000191,CRISTO REDENTOR,
50723927000128,PARQUELANDIA,
50726582000166,BARRA DO CEARA,
50727784000122,PARREAO,
50744594000113,MONTESE,
50748338000102,ALDEOTA,TATIANE BARRETO SILVA MORAIS
50756594000133,AUTRAN NUNES,
50764028000173,SIQUEIRA,
50767753000103,PAPICU,
50769530000177,PARANGABA,JONAS VASCONCELOS LIMA
50779596000148,PARQUE IRACEMA,LUIZA FERREIRA DA ROCHA MACEDO
50782128000122,ALDEOTA,KAYLANE VITORIA CESAR MARTINS
50790218000165,DEMOCRITO ROCHA,
50812715000117,MONDUBIM,
50813975000107,JOSE DE ALENCAR,
50817893000130,JACARECANGA,
50821171000150,ELLERY,
50825464000105,GRANJA LISBOA,
50827893000111,PARQUE SAO JOSE,
50829355000166,CONJUNTO CEARA II,
50832084000106,BARRA DO CEARA,
50843197000107,BOM JARDIM,
50846739000197,JANGURUSSU,
50847205000185,PAPICU,
50857857000109,PREFEITO JOSE WALTER,
50864472000160,SAPIRANGA-COITE,
50866112000106,ALVARO WEYNE,
50867529000185,FATIMA,
50870520000123,BOA VISTA-CASTELAO,
50870798000109,ALDEOTA,
50872454000120,JARDIM GUANABARA,
50876537000198,JARDIM GUANABARA,
50877080000136,ALDEOTA,JOAO BATISTA ANDRADE DE SOUZA
50882324000179,GRANJA PORTUGAL,
50883199000111,GRANJA LISBOA,
50886280000155,BARRA DO CEARA,
50887757000117,SIQUEIRA,
50888892000187,JANGURUSSU,
50892141000134,BARRA DO CEARA,
50896367000103,PICI,
50900910000107,NOVO MONDUBIM,
50907031000107,CONJUNTO PALMEIRAS,
50907744000162,VILA VELHA,
50912213000168,ALDEOTA,
50915949000190,JARDIM IRACEMA,
50923588000123,CAMBEBA,
50926867000140,MEIRELES,
50937672000104,HENRIQUE JORGE,
50942389000162,JANGURUSSU,
50963897000127,PLANALTO AYRTON SENNA,
50964374000103,CANINDEZINHO,
50966036000100,PICI,
50966677000157,PAPICU,
50970187000124,BOM JARDIM,
50970815000171,ALDEOTA,FERNANDO MARIANO RODRIGUES NETO
50977667000117,SERRINHA,
50980526000153,CENTRO,
51000087000138,NOVO MONDUBIM,
51001784000103,JARDIM GUANABARA,
51004459000102,FATIMA,
51010086000174,PICI,
51010607000193,GRANJA PORTUGAL,
51011031000189,COCO,ADRIANA HOMCY LOPES
51014166000106,MANOEL SATIRO,
51024142000120,ALDEOTA,VICTOR AUGUSTO DE SANTIAGO FREIRE
51026921000164,CONJUNTO CEARA I,
51035091000131,CURIO,
51037602000154,MANOEL SATIRO,
51045634000100,JACARECANGA,
51055105000189,LAGOA REDONDA,
51061526000112,ALTO DA BALANCA,
51062657000114,EDSON QUEIROZ,PAULA WELLIANA ARAUJO MARTINS
51069465000130,TAUAPE,
51069576000146,PRESIDENTE KENNEDY,
51076238000131,PRAIA DO FUTURO II,
51078197000112,JOQUEI CLUBE,
51080590000140,MEIRELES,JOAO GABRIEL TAVARES SANTOS NAVES LAGO
51082166000135,AMADEU FURTADO,
51085352000128,SAPIRANGA-COITE,
51090406000143,CONJUNTO CEARA I,
51105763000138,CIDADE 2000,FRANCILANE GURGEL DA SILVA
51110790000107,GUAJERU,
51116771000180,CIDADE DOS FUNCIONARIOS,
51119229000180,JOSE BONIFACIO,
51125527000183,ALDEOTA,AMANDA RIBEIRO HOMEM ALCARDE
51126890000113,ALDEOTA,HELIELERY ARAUJO DE OLIVEIRA FILHO
51129768000109,JOSE BONIFACIO,
51139881000167,PASSARE,
51147255000112,CENTRO,
51148197000141,JANGURUSSU,
51149080000182,NOVO MONDUBIM,
51153037000190,FATIMA,
51159258000176,PASSARE,
51168997000124,ENGENHEIRO LUCIANO CAVALCANTE,
51171325000178,MESSEJANA,
51177909000150,DAMAS,
51191158000127,JOQUEI CLUBE,
51191812000100,PREFEITO JOSE WALTER,
51210690000144,MONTE CASTELO,
51210766000131,PREFEITO JOSE WALTER,
51210788000100,PREFEITO JOSE WALTER,
51212552000102,ANTONIO BEZERRA,
51223590000152,JARDIM DAS OLIVEIRAS,
51234172000160,HENRIQUE JORGE,
51244725000166,HENRIQUE JORGE,
51246987000160,BOM JARDIM,
51249723000160,JANGURUSSU,
51257892000141,PARQUE DOIS IRMAOS,
51279698000167,CONJUNTO PALMEIRAS,
51296079000180,NOVO MONDUBIM,
51306043000130,FATIMA,
51311632000107,JOQUEI CLUBE,
51317937000126,BENFICA,
51321226000125,PREFEITO JOSE WALTER,
51328893000130,ANTONIO BEZERRA,
51330848000110,FATIMA,MARILENE ARAUJO DINIZ JULIAO
51352254000100,ALVARO WEYNE,
51355834000150,CAMBEBA,FRANCISCO DE ASSIS BRITO MAIA
51360512000108,PAPICU,
51366860000184,MESSEJANA,
51370277000147,ITAPERI,HUGO MARQUES DA SILVA
51371087000144,BARRA DO CEARA,
51374782000160,SIQUEIRA,
51381818000132,PEDRAS,
51403213000103,ALDEOTA,
51406615000153,BOM JARDIM,
51412684000170,COCO,LIVIA RAYANE DA SILVA
51448117000173,ITAOCA,
51453906000100,ALDEOTA,
51454501000189,VILA VELHA,
51456868000131,ELLERY,
51460929000134,SERRINHA,
51465145000107,PASSARE,
51465478000128,CURIO,
51483886000102,PARQUE DOIS IRMAOS,
51496165000137,PICI,ANDREZA SOUZA GONCALVES DA SILVA
51497528000159,VICENTE PINZON,
51501052000182,SERRINHA,
51504248000120,BARRA DO CEARA,
51515798000145,TAUAPE,
51523705000124,PARQUE SANTA MARIA,
51524535000100,COCO,
51536382000103,BOA VISTA-CASTELAO,
51538545000197,TAUAPE,
51538754000130,CONJUNTO ESPERANCA,
51539748000106,PARREAO,
51542043000130,CONJUNTO PALMEIRAS,
51542153000100,PARQUE DOIS IRMAOS,
51545562000151,SAO BENTO,
51554979000180,JOAQUIM TAVORA,
51567900000156,PARANGABA,
51576314000178,DIAS MACEDO,
51581088000113,ALDEOTA,
51605150000160,PAPICU,FRANCISCA AURICELIA MONTEIRO DO NASCIMENTO
51606792000183,MARAPONGA,
51615633000145,MANUEL DIAS BRANCO,
51619292000186,SIQUEIRA,
51628449000130,FATIMA,
51628466000177,VILA PERI,
51630155000142,BARRA DO CEARA,
51633509000102,NOVO MONDUBIM,
51637176000190,CANINDEZINHO,
51668984000114,SIQUEIRA,
51669094000127,PASSARE,
51669462000137,ALDEOTA,ALINE SILVEIRA BORGES
51671744000179,PARQUELANDIA,BRENDA KAROLYNE DE OLIVEIRA RODRIGUES
51690556000198,MONDUBIM,
51700558000110,CONJUNTO CEARA I,
51717425000157,ARACAPE,
51725396000175,JOSE BONIFACIO,
51726121000156,SAO GERARDO,
51726140000182,JANGURUSSU,
51752948000134,ALDEOTA,RENATO STEPONOVICIUS JUNIOR
51785659000131,GUARARAPES,
51795593000160,CENTRO,
51812061000194,ITAPERI,
51813945000163,CONJUNTO CEARA II,
51827659000157,CONJUNTO CEARA I,
51828652000150,MONTE CASTELO,
51831450000167,ALDEOTA,
51842063000126,FATIMA,ERNESTINA REBECCA SANTOS DE HOLANDA
51842764000165,MONTESE,
51844987000161,ALVARO WEYNE,
51859324000110,PLANALTO AYRTON SENNA,
51861890000167,VICENTE PINZON,
51862455000157,GRANJA LISBOA,
51865998000128,BONSUCESSO,
51871609000177,RACHEL DE QUEIROZ,
51874889000177,CONJUNTO PALMEIRAS,
51878480000129,VILA VELHA,
51882457000108,LAGOA REDONDA,
51896006000120,VILA UNIAO,
51904967000139,JOQUEI CLUBE,
51912464000105,PARQUELANDIA,
51916164000102,CAIS DO PORTO,
51917790000105,MESSEJANA,
51920954000153,MONTE CASTELO,
51925607000113,JARDIM AMERICA,
51930778000130,CAIS DO PORTO,
51932889000186,EDSON QUEIROZ,
51936061000104,JANGURUSSU,
51944144000137,JANGURUSSU,CASSIO REGIS FERREIRA SARAIVA
51946418000127,PICI,AURYCLEZ PEREIRA PAULO
51946479000194,PARANGABA,
51948745000118,TAUAPE,
51948992000114,DIONISIO TORRES,CRISTIANE GREGORIO PINTO
51957022000185,ALTO DA BALANCA,
51974880000138,CENTRO,
51974997000111,ALVARO WEYNE,
51988138000181,VILA VELHA,
52002203000110,MONDUBIM,
52010647000106,BOM JARDIM,
52010864000198,VICENTE PINZON,
52011989000132,BARRA DO CEARA,
52015216000124,SAPIRANGA-COITE,
52016436000172,ARACAPE,
52021816000103,CIDADE DOS FUNCIONARIOS,
52025596000188,JARDIM CEARENSE,
52025963000143,MESSEJANA,
52027063000135,MONDUBIM,
52033130000124,PIRAMBU,
52049341000155,JANGURUSSU,
52059909000119,BONSUCESSO,
52065308000119,VILA VELHA,
52068284000151,JANGURUSSU,
52074599000101,LAGOA REDONDA,
52078408000180,PARQUE ARAXA,
52078967000190,PRESIDENTE KENNEDY,
52105041000146,BOM JARDIM,
52115823000166,NOVO MONDUBIM,
52130958000109,JOQUEI CLUBE,
52137158000101,COUTO FERNANDES,
52139200000123,CIDADE DOS FUNCIONARIOS,
52140925000131,PREFEITO JOSE WALTER,
52154149000129,PARQUE IRACEMA,
52160119000125,PAPICU,FERNANDA MENESES DE ARAUJO DANTAS
52171561000157,FATIMA,LARISSA GUIMARAES FERREIRA
52173068000176,PASSARE,
52173106000190,MESSEJANA,
52176772000182,PREFEITO JOSE WALTER,
52181162000177,VILA PERI,
52182608000188,JARDIM GUANABARA,
52185617000122,CANINDEZINHO,
52198529000165,DIONISIO TORRES,
52202796000169,JARDIM CEARENSE,
52213617000199,VICENTE PINZON,
52219496000192,MEIRELES,
52221557000156,BONSUCESSO,
52223934000196,ARACAPE,
52227442000179,LAGOA REDONDA,
52242209000165,FATIMA,
52251021000183,MONDUBIM,
52251413000142,JANGURUSSU,
52254494000134,MESSEJANA,
52259233000107,ANTONIO BEZERRA,
52259698000168,PARQUE DOIS IRMAOS,
52265787000117,RODOLFO TEOFILO,
52269220000119,EDSON QUEIROZ,
52280839000124,PASSARE,
52281770000153,VILA VELHA,
52286560000158,PICI,
52287540000100,JOAQUIM TAVORA,
52294439000178,BOA VISTA-CASTELAO,
52295910000142,VICENTE PINZON,
52298424000188,BOM JARDIM,
52313352000109,PRESIDENTE KENNEDY,
52318114000188,ALDEOTA,CAIO ALEXANDRE DINIZ OLIVEIRA
52327729000170,SIQUEIRA,
52335888000117,PARANGABA,
52338809000121,JOAQUIM TAVORA,
52342910000156,VILA PERI,
52345393000179,ALDEOTA,HEITOR COSTA SOUSA GURGEL
52349166000111,ALDEOTA,JORDANA SOARES MOURAO
52358295000176,PREFEITO JOSE WALTER,
52365727000176,SIQUEIRA,
52379590000109,ALDEOTA,
52387675000139,MEIRELES,
52397634000123,JANGURUSSU,
52405432000186,MEIRELES,
52413037000145,MONTESE,
52432395000103,JOQUEI CLUBE,
52432836000169,DAMAS,
52439054000151,RODOLFO TEOFILO,
52465947000171,CONJUNTO CEARA II,
52466198000105,ANTONIO BEZERRA,
52476226000167,PIRAMBU,
52479765000150,PARQUE MANIBURA,
52487512000128,MEIRELES,
52490557000151,ALDEOTA,FRIVALDO UCHOA NETO
52496645000160,JOAQUIM TAVORA,
52519860000130,PAPICU,
52521771000128,MUCURIPE,
52533715000103,ITAPERI,
52540497000134,FLORESTA,
52548876000170,BARRA DO CEARA,
52549163000121,ALTO DA BALANCA,
52610635000104,ELLERY,
52616355000103,JARDIM IRACEMA,
52618644000141,PARREAO,
52618810000100,NOVO MONDUBIM,
52619407000103,DOM LUSTOSA,
52622505000191,MONDUBIM,
52679000000163,PRAIA DO FUTURO II,
52686787000190,CONJUNTO ESPERANCA,FRANCISCA LUANA CRISOSTOMO VIDAL
52689012000179,COCO,
52709266000101,DIAS MACEDO,
52714874000104,DOM LUSTOSA,CLEITON DOS SANTOS DE SOUZA
52715234000119,MEIRELES,ORLANDO CAVALCANTE TEIXEIRA JUNIOR
52740967000103,PREFEITO JOSE WALTER,
52753285000135,COCO,EDNARDO MOURA DE SOUSA JUNIOR
52754527000105,VILA VELHA,
52761983000182,JOQUEI CLUBE,
52763010000182,ITAPERI,
52770673000124,PARQUE MANIBURA,
52773589000164,ENGENHEIRO LUCIANO CAVALCANTE,MOZART CRYSTYAN FERREIRA
52775114000107,PREFEITO JOSE WALTER,
52780821000191,CRISTO REDENTOR,
52795163000101,BARROSO,
52799440000154,CONJUNTO CEARA I,
52802208000128,PAPICU,CRISTIANE TEIXEIRA FIGUEIREDO
52803060000146,JANGURUSSU,
52806195000165,CONJUNTO CEARA I,
52808989000168,PARQUE DOIS IRMAOS,
52812712000109,BONSUCESSO,
52817362000173,ALDEOTA,
52829906000117,CONJUNTO CEARA I,
52829950000127,PRESIDENTE KENNEDY,
52843412000197,BONSUCESSO,
52851496000100,MONTESE,
52856000000191,SERRINHA,
52865263000167,COCO,
52878504000102,GUARARAPES,
52888289000120,OLAVO OLIVEIRA,
52895286000114,SIQUEIRA,
52896025000119,CIDADE 2000,
52897783000151,MONDUBIM,
52916089000134,BARRA DO CEARA,
52918384000120,PRESIDENTE KENNEDY,
52923470000120,FLORESTA,
52924041000178,ENGENHEIRO LUCIANO CAVALCANTE,
52924873000194,SIQUEIRA,
52931930000162,JANGURUSSU,
52935282000112,BARROSO,
52938796000121,ALDEOTA,
52943209000192,JANGURUSSU,
52943631000148,COCO,
52945262000122,COCO,
52951349000102,PARANGABA,
52955568000160,PARQUE SANTA ROSA,
52968437000117,LAGOA REDONDA,
52972952000170,PASSARE,
53005605000131,ALDEOTA,
53012638000109,CIDADE DOS FUNCIONARIOS,
53013073000184,JACARECANGA,MARCOS ITALO DE OLIVEIRA IVO
53027019000198,PREFEITO JOSE WALTER,
53027870000110,PREFEITO JOSE WALTER,
53028039000183,GRANJA LISBOA,
53032458000199,SERRINHA,
53065469000175,CAIS DO PORTO,
53066232000109,GENIBAU,
53066439000183,DEMOCRITO ROCHA,
53074988000108,DAMAS,
53083751000185,VILA VELHA,
53104245000125,JOAQUIM TAVORA,
53107636000101,MEIRELES,MARCOS WILLE VASCONCELOS DA SILVA
53111044000155,BELA VISTA,
53112238000175,FATIMA,
53136061000147,HENRIQUE JORGE,
53138296000178,ITAPERI,
53139886000115,JACARECANGA,
53148660000180,HENRIQUE JORGE,
53149883000162,SIQUEIRA,
53163240000173,MEIRELES,
53182933000103,ALVARO WEYNE,
53189573000171,MONDUBIM,
53201164000143,PARANGABA,
53209489000172,DIONISIO TORRES,
53212227000167,PREFEITO JOSE WALTER,
53216595000183,JARDIM DAS OLIVEIRAS,
53241499000195,JANGURUSSU,
53265813000170,SERRINHA,
53272973000146,PANAMERICANO,
53277932000142,BARRA DO CEARA,
53283901000102,MONTESE,
53298458000135,NOVO MONDUBIM,
53320968000161,MANOEL SATIRO,
53327513000178,TAUAPE,
53328833000142,PIRAMBU,
53331264000194,GRANJA LISBOA,
53339005000100,HENRIQUE JORGE,
53341469000150,ENGENHEIRO LUCIANO CAVALCANTE,
53354058000108,MONTE CASTELO,
53355820000162,PREFEITO JOSE WALTER,
53360514000114,QUINTINO CUNHA,
53370636000191,PARQUE SANTA ROSA,
53378400000100,JANGURUSSU,
53388009000188,BELA VISTA,
53391431000192,NOVO MONDUBIM,
53399170000157,JANGURUSSU,
53407533000159,COACU,
53408984000100,CAJAZEIRAS,
53410982000156,SERRINHA,
53415783000130,FLORESTA,
53441179000189,ALDEOTA,RENATA FIGUEIREDO DE GIOIA
53445653000140,JANGURUSSU,
53446953000144,JACARECANGA,
53453685000198,PARQUE SANTA MARIA,
53462071000172,PLANALTO AYRTON SENNA,
53472364000130,BONSUCESSO,
53480352000158,PEDRAS,
53484435000115,CENTRO,
53486396000195,BARRA DO CEARA,
53488887000175,HENRIQUE JORGE,
53502196000189,PICI,FRANCISCO ROMARIO TAVARES DE OLIVEIRA
53522107000166,ALDEOTA,KELLY MARREIRO FERREIRA
53525965000164,CIDADE 2000,
53528163000108,PARQUELANDIA,
53530068000149,PARQUE MANIBURA,MIRLENE PINHEIRO BORGES
53550517000110,PADRE ANDRADE,
53558092000196,EDSON QUEIROZ,
53560190000168,COCO,
53578207000104,ALVARO WEYNE,
53581332000173,ENGENHEIRO LUCIANO CAVALCANTE,
53591728000100,PREFEITO JOSE WALTER,
53603586000145,MONDUBIM,
53613796000114,ALDEOTA,RYAN MONTEIRO STUDART
53614073000130,PARQUELANDIA,LUANNA ALENCAR PINHEIRO
53614205000123,SIQUEIRA,
53616825000100,DEMOCRITO ROCHA,
53619586000133,ALDEOTA,KARLA NAYARA SOARES MOURA
53626225000114,PIRAMBU,
53642169000101,VICENTE PINZON,
53654278000149,PARQUE SANTA ROSA,
53664347000103,PARQUE SANTA MARIA,
53665681000173,ENGENHEIRO LUCIANO CAVALCANTE,
53670155000100,MESSEJANA,
53685821000175,GUAJERU,
53694676000199,COCO,
53706894000104,SERRINHA,
53716367000172,DIAS MACEDO,
53744489000172,JANGURUSSU,
53747969000197,BOM JARDIM,
53750767000102,VICENTE PINZON,
53761240000175,FATIMA,
53764514000180,GRANJA LISBOA,
53765760000156,CAMBEBA,
53769409000133,CONJUNTO CEARA II,
53783614000153,JOAQUIM TAVORA,
53785892000140,CENTRO,
53813918000116,COACU,
53813982000105,MEIRELES,GUSTAVO GONDIN MACHADO
53819234000121,FLORESTA,
53824494000195,CANINDEZINHO,
53828556000137,TAUAPE,
53829187000105,ALDEOTA,SARA ALVES DO NASCIMENTO
53833128000100,VILA VELHA,
53839751000162,CENTRO,
53850563000135,CAMBEBA,
53862944000134,CRISTO REDENTOR,
53863878000117,PASSARE,RAQUEL EVANGELISTA VANDERLEY
53901965000111,AUTRAN NUNES,
53907178000187,MESSEJANA,
53919951000125,JARDIM DAS OLIVEIRAS,
53919982000186,PARQUE DOIS IRMAOS,SAMUEL BATISTA DA SILVA JUNIOR
53933584000114,CENTRO,
53939977000135,MESSEJANA,
53940960000106,PLANALTO AYRTON SENNA,
53941819000110,PARQUE MANIBURA,
53945835000180,OLAVO OLIVEIRA,
53950678000100,PARANGABA,
53954930000140,MEIRELES,
53959418000197,PARQUE DOIS IRMAOS,
53961606000150,CIDADE 2000,
53971976000178,PAPICU,
53993526000186,ENGENHEIRO LUCIANO CAVALCANTE,
54000988000118,CIDADE DOS FUNCIONARIOS,
54005858000178,ANTONIO BEZERRA,
54015415000168,PAPICU,MARIA JOSE DE SOUSA SOARES
54023515000136,SAPIRANGA-COITE,
54029864000165,MESSEJANA,
54034024000190,ALDEOTA,
54036890000110,ALDEOTA,CAMILA SUERDA SOARES DINIZ
54037301000119,ALDEOTA,JULIANA DA COSTA GUALBERTO
54044522000114,NOVO MONDUBIM,
54047391000129,SERRINHA,
54048443000181,ITAPERI,
54056664000100,GENIBAU,
54066601000126,NOVO MONDUBIM,
54071069000135,PAUPINA,
54074492000199,DOM LUSTOSA,
54096956000168,PAUPINA,
54097138000180,PEDRAS,
54099398000194,PAPICU,EMILIA DE FREITAS NEVES
54103797000181,PARANGABA,
54103830000173,PICI,
54111149000177,CONJUNTO ESPERANCA,
54131076000185,SAO GERARDO,
54149078000100,CENTRO,
54150954000100,PARQUE DOIS IRMAOS,
54163425000140,PICI,
54169546000108,MEIRELES,MARIA DOS REMEDIOS BATISTA DE BRITO TEIXEIRA
54185045000107,JARDIM IRACEMA,
54191667000148,ANTONIO BEZERRA,
54193090000103,MANOEL SATIRO,
54193114000124,MONDUBIM,
54194426000152,QUINTINO CUNHA,
54195545000120,DOM LUSTOSA,
54196356000171,ELLERY,
54209235000117,COCO,THALLYTA MENEZES FACANHA TINDO
54212761000136,MONDUBIM,
54227658000160,BARRA DO CEARA,
54239749000115,ANTONIO BEZERRA,
54262844000130,MONDUBIM,
54273972000189,ANCURI,
54279601000104,BARRA DO CEARA,
54291548000167,EDSON QUEIROZ,LUNA BELLEZA RAMACHARAKA BARROS
54292401000191,ALDEOTA,THAIS FERREIRA DE SOUZA
54299563000151,MONTESE,
54315699000108,CAMBEBA,ALYNE BERNARDINO DA SILVA
54321118000140,MARAPONGA,
54324563000164,LAGOA REDONDA,
54326869000150,JOAO XXIII,
54331557000134,JOAQUIM TAVORA,
54341935000160,LAGOA REDONDA,
54365746000128,PAUPINA,
54371389000100,ENGENHEIRO LUCIANO CAVALCANTE,
54397058000140,BONSUCESSO,
54405984000110,JOAQUIM TAVORA,
54406625000187,CENTRO,
54406882000119,ALDEOTA,
54414049000110,COCO,
54416270000107,PAPICU,
54423239000101,MESSEJANA,
54424739000150,BARRA DO CEARA,
54431910000158,JANGURUSSU,
54445039000141,MONDUBIM,
54459709000189,BOM JARDIM,
54475213000107,CENTRO,
54477307000107,PARANGABA,
54490311000105,PICI,
54495680000190,MEIRELES,
54508850000124,JARDIM DAS OLIVEIRAS,
54518308000152,CAIS DO PORTO,
54536835000190,ITAPERI,
54544362000172,BONSUCESSO,
54545635000101,SAPIRANGA-COITE,
54553617000163,LAGOA REDONDA,
54556950000126,MONDUBIM,GENI DA SILVA COSTA
54576890000103,BOM FUTURO,
54599489000199,BONSUCESSO,
54599658000190,PARQUE SANTA ROSA,
54601708000127,GRANJA LISBOA,
54603679000132,FATIMA,
54604492000153,JANGURUSSU,
54605537000104,CAJAZEIRAS,
54607958000174,BOM FUTURO,
54616121000191,RODOLFO TEOFILO,
54622258000159,QUINTINO CUNHA,
54625127000125,HENRIQUE JORGE,
54627142000102,SAO GERARDO,
54631816000142,BARROSO,
54644598000180,SIQUEIRA,
54648529000145,BELA VISTA,
54650417000129,JANGURUSSU,
54651307000181,PREFEITO JOSE WALTER,
54652966000132,JACARECANGA,
54658454000183,HENRIQUE JORGE,
54664119000198,BARROSO,
54685538000106,LAGOA REDONDA,
54685880000106,BONSUCESSO,
54688381000172,BONSUCESSO,
54699139000102,GRANJA LISBOA,
54710592000164,SAPIRANGA-COITE,
54721540000193,BENFICA,
54726026000140,BONSUCESSO,
54744169000185,BARROSO,
54747341000154,MONDUBIM,
54751212000130,PARQUE SANTA MARIA,
54763428000115,JARDIM DAS OLIVEIRAS,
54771064000115,BOA VISTA-CASTELAO,
54780654000104,BARROSO,
54780977000106,PASSARE,
54781776000115,FARIAS BRITO,
54786849000161,BENFICA,
54795597000137,VILA VELHA,
54798618000178,ALVARO WEYNE,
54810501000162,SIQUEIRA,
54819398000111,VILA VELHA,
54828859000112,BOM JARDIM,
54850531000100,BARROSO,
54851729000109,AUTRAN NUNES,
54866555000140,COCO,MARIA DAS GRACAS GOMES LINS
54907677000137,ENGENHEIRO LUCIANO CAVALCANTE,
54917020000150,PADRE ANDRADE,
54926378000140,ANTONIO BEZERRA,
54941986000123,HENRIQUE JORGE,
54958165000108,JOQUEI CLUBE,
54960322000101,FATIMA,
54962377000150,JARDIM DAS OLIVEIRAS,
54966458000129,PARQUELANDIA,
54967189000115,ARACAPE,
54974187000153,CENTRO,
54974911000149,SAO GERARDO,
54991836000124,SAPIRANGA-COITE,
54997288000140,MESSEJANA,
55001859000107,MESSEJANA,
55006457000103,ALDEOTA,ANA KARIANE AGUIAR CESAR HERCULANO
55010624000181,COCO,JOSE ALBERTO ROCCO MENGOD
55018264000164,CENTRO,NICOLAS DE MELO FERNANDES
55023868000107,CONJUNTO CEARA I,
55026412000192,CONJUNTO ESPERANCA,
55026962000101,PICI,
55041100000158,ALDEOTA,
55063845000118,BARRA DO CEARA,
55065401000111,VARJOTA,
55070431000116,MEIRELES,
55076252000196,ITAPERI,
55081429000142,MESSEJANA,
55085701000162,SAO GERARDO,MARIA ROSENIR DE JESUS
55094118000118,HENRIQUE JORGE,
55114471000112,COCO,BEATRIZ MARTINS NERY
55121548000181,AUTRAN NUNES,
55124513000104,VILA VELHA,
55150872000128,JOAQUIM TAVORA,
55155260000128,SAO GERARDO,BARBARA RIBEIRO SARAIVA
55158689000179,CANINDEZINHO,
55161529000189,ALDEOTA,
55161963000169,PARQUE SAO JOSE,
55164351000120,MARAPONGA,
55178137000122,LAGOA REDONDA,
55185499000140,PICI,LUCIANA DE CARVALHO MARTINS
55190578000140,PREFEITO JOSE WALTER,
55198735000163,CANINDEZINHO,
55199617000170,PARQUE IRACEMA,
55202695000186,BARRA DO CEARA,
55209010000123,PARANGABA,YURI RIBEIRO LOURENCO
55221579000104,COCO,LARA VICTORIA GOMES COSTA
55222394000114,PAPICU,
55222464000134,CAMBEBA,HOSANA ROCHA BARROS
55228901000127,OLAVO OLIVEIRA,
55229167000110,PICI,
55236243000115,JANGURUSSU,
55241002000164,JANGURUSSU,VALESCA LUISA FERREIRA COSTA
55242398000164,VILA VELHA,
55243592000164,CARLITO PAMPLONA,
55252815000150,PICI,
55255630000107,JOQUEI CLUBE,ROGERIO QUEIROZ DE ALMEIDA
55256802000159,VILA UNIAO,
55258852000175,TAUAPE,
55259373000173,MONDUBIM,
55265898000111,PAPICU,LARISSA SOARES NOBRE
55269927000113,COACU,
55275170000170,LAGOA REDONDA,
55275882000190,CURIO,
55282901000105,EDSON QUEIROZ,
55290387000150,MONDUBIM,
55290804000164,CAMBEBA,
55305090000110,ANCURI,
55316793000144,CENTRO,
55319243000189,GRANJA LISBOA,
55322596000138,NOVO MONDUBIM,
55327268000124,QUINTINO CUNHA,
55331112000117,SABIAGUABA,
55332045000155,MESSEJANA,
55344453000127,JACARECANGA,
55350786000169,ALTO DA BALANCA,
55352654000176,PRESIDENTE KENNEDY,
55355344000105,SIQUEIRA,
55356964000169,BARROSO,
55364465000113,CONJUNTO PALMEIRAS,
55364826000121,RODOLFO TEOFILO,
55365188000163,GRANJA PORTUGAL,
55379591000141,PADRE ANDRADE,
55380895000129,RACHEL DE QUEIROZ,
55384632000198,ALTO DA BALANCA,
55400884000163,VARJOTA,
55402679000137,PARREAO,
55412113000196,BARRA DO CEARA,
55413068000194,MEIRELES,
55424199000177,PRESIDENTE KENNEDY,
55425399000144,JOAQUIM TAVORA,
55452592000174,JOQUEI CLUBE,
55452977000131,PASSARE,
55460847000140,JANGURUSSU,
55465029000130,JARDIM GUANABARA,
55466589000100,HENRIQUE JORGE,
55467267000185,MONDUBIM,
55476381000171,JOQUEI CLUBE,
55491296000182,PAPICU,ROGERIO QUEIROZ DE ALMEIDA
55492691000180,PRESIDENTE KENNEDY,
55501825000181,PARQUE MANIBURA,
55511796000139,PASSARE,
55526197000199,MEIRELES,
55531963000103,PICI,
55532672000130,VILA VELHA,
55563595000185,GRANJA LISBOA,
55571589000170,PLANALTO AYRTON SENNA,
55600032000110,ALDEOTA,
55607321000140,MONDUBIM,
55615167000159,LAGOA REDONDA,ORLANDO SOUSA XAVIER
55619025000160,CONJUNTO PALMEIRAS,
55626153000130,DEMOCRITO ROCHA,
55626265000191,BARRA DO CEARA,
55632826000165,LAGOA REDONDA,
55638643000157,PAUPINA,
55641472000115,MANOEL SATIRO,
55642746000190,PASSARE,
55642916000137,MEIRELES,
55645015000107,ALDEOTA,
55650586000121,BOM JARDIM,
55674141000181,PARQUE DOIS IRMAOS,
55680710000100,GRANJA LISBOA,
55690836000157,PREFEITO JOSE WALTER,
55725277000173,PAPICU,
55732856000143,PADRE ANDRADE,
55740530000168,PARQUE SANTA MARIA,
55749081000119,EDSON QUEIROZ,
55749263000190,MESSEJANA,
55757609000100,GUAJERU,
55759398000136,BARRA DO CEARA,
55764490000194,MONDUBIM,KENATIA MARIA RODRIGUES DE PAULA
55774719000171,CONJUNTO CEARA II,
55775782000122,ALDEOTA,TIAGO BRAGA GOMES
55781251000142,ALDEOTA,JOSE GREGORIO GONZALEZ ROSALES
55782892000111,JANGURUSSU,
55784148000156,FLORESTA,
55784902000158,PAUPINA,
55805780000139,SERRINHA,
55818711000160,HENRIQUE JORGE,
55821440000100,PAUPINA,
55822013000138,ENGENHEIRO LUCIANO CAVALCANTE,
55825840000185,CAMBEBA,
55837669000124,PREFEITO JOSE WALTER,
55838624000174,MESSEJANA,
55839067000106,MARAPONGA,
55865994000109,SERRINHA,
55880596000153,JOAO XXIII,
55880924000111,BOM JARDIM,
55890202000148,JANGURUSSU,
55892081000173,JANGURUSSU,
55896415000187,NOVO MONDUBIM,
55898955000108,ITAOCA,
55909286000114,BARRA DO CEARA,
55913754000124,CONJUNTO PALMEIRAS,
55914395000120,JANGURUSSU,
55922735000164,ALDEOTA,
55932536000137,PARQUE MANIBURA,
55944859000140,MEIRELES,
55955106000130,SIQUEIRA,
55970626000112,ALDEOTA,JOHNATAN ALISSON DE OLIVEIRA SOUSA
55976958000104,MEIRELES,
55979269000153,PRESIDENTE KENNEDY,
55994767000175,AEROLANDIA,
56000674000140,JANGURUSSU,
56006022000113,SIQUEIRA,
56010219000126,BOM FUTURO,
56018242000167,PARQUE SANTA MARIA,
56028938000174,VILA PERI,
56035535000152,SAPIRANGA-COITE,
56037368000189,SAO GERARDO,LIVIA MARIA VASCONCELOS CARNEIRO BESERRA
56048892000155,HENRIQUE JORGE,
56051654000107,ALDEOTA,
56053694000180,ITAOCA,
56059239000191,ALVARO WEYNE,
56063000000195,MESSEJANA,
56064202000151,ITAOCA,
56067953000121,COCO,
56070749000160,JARDIM IRACEMA,
56082081000170,COCO,LUIZA ALENCAR DE ANDRADE FIGUEIREDO MACEDO
56089727000141,MANOEL SATIRO,
56106879000105,VILA VELHA,
56126579000198,CONJUNTO PALMEIRAS,
56129697000150,MANOEL SATIRO,
56141744000180,BONSUCESSO,
56153684000116,AEROPORTO,
56160297000107,FARIAS BRITO,BRENNA KESLLEY ABREU DE SOUSA DIAS
56162956000144,LAGOA REDONDA,
56184622000171,ENGENHEIRO LUCIANO CAVALCANTE,
56191516000115,MONTESE,
56197578000134,MONTE CASTELO,
56218497000173,NOVO MONDUBIM,
56224218000184,CRISTO REDENTOR,
56224965000112,PARQUE SANTA MARIA,
56225661000170,QUINTINO CUNHA,
56257615000152,SAPIRANGA-COITE,
56260949000185,PARQUE SANTA ROSA,
56264766000138,SIQUEIRA,
56285101000100,PICI,
56293690000179,PARQUELANDIA,
56301213000108,JARDIM DAS OLIVEIRAS,
56304795000186,MEIRELES,
56384261000107,PARQUE IRACEMA,
56388193000154,PAUPINA,
56389805000123,SAPIRANGA-COITE,
56414773000179,CAJAZEIRAS,VIRNA FERREIRA DE SOUSA
56435528000148,MESSEJANA,
56436551000157,SIQUEIRA,
56443921000183,MESSEJANA,
56503441000160,CONJUNTO PALMEIRAS,
56604590000116,PARANGABA,
56616310000190,NOVO MONDUBIM,
56634152000109,MANUEL DIAS BRANCO,
56660254000190,ALDEOTA,
56660785000183,NOVO MONDUBIM,
56688824000150,FARIAS BRITO,
56689661000120,JANGURUSSU,
56706970000161,JOAQUIM TAVORA,
56874166000191,COACU,
56877098000114,JARDIM CEARENSE,
56886199000151,ALDEOTA,LUCHERLLY COSTA TAVARES
56889559000179,VILA VELHA,
56889863000116,DEMOCRITO ROCHA,
56890819000126,CIDADE 2000,
56891439000106,MANOEL SATIRO,
56895408000123,JOAQUIM TAVORA,
56896274000165,PRAIA DO FUTURO I,
56902610000135,PREFEITO JOSE WALTER,
56918863000105,MEIRELES,
56921994000133,HENRIQUE JORGE,
56923677000156,ITAPERI,
56951781000154,BONSUCESSO,
56953314000163,PARQUE DOIS IRMAOS,
56956492000148,PIRAMBU,
56958577000165,LAGOA REDONDA,
56964341000131,MESSEJANA,
56966545000101,PEDRAS,
56967016000122,PICI,
56995611000171,GRANJA PORTUGAL,
56996169000106,BOM JARDIM,
57000575000121,MESSEJANA,
57004080000170,DIONISIO TORRES,FERNANDA SILVA NADOLNY
57010424000154,CIDADE DOS FUNCIONARIOS,
57010439000112,JOAQUIM TAVORA,
57017210000100,JARDIM IRACEMA,
57023637000110,OLAVO OLIVEIRA,
57066838000103,ANTONIO BEZERRA,
57069164000192,MUCURIPE,
57069662000135,SAPIRANGA-COITE,
57079427000144,BOM JARDIM,
57082550000114,PASSARE,
57096213000186,JOSE DE ALENCAR,
57098657000150,MEIRELES,BERNARD MEDEIROS CARNEIRO
57100378000184,PARQUE SANTA MARIA,
57101167000166,GUARARAPES,
57116390000187,SIQUEIRA,
57118379000156,MEIRELES,ISRAEL AGUIAR ARAUJO
57120637000139,ALTO DA BALANCA,
57122345000135,RODOLFO TEOFILO,
57127153000111,PICI,
57131541000176,RACHEL DE QUEIROZ,
57133069000100,PRESIDENTE KENNEDY,
57133523000123,CARLITO PAMPLONA,
57140657000171,GRANJA LISBOA,
57150816000119,EDSON QUEIROZ,
57152843000120,PARQUELANDIA,
57153100000175,AEROLANDIA,
57166682000124,EDSON QUEIROZ,
57167005000120,GRANJA LISBOA,
57169386000187,ALDEOTA,
57171129000180,MUCURIPE,
57178385000107,BONSUCESSO,
57179410000169,EDSON QUEIROZ,
57190856000194,PARQUELANDIA,
57196408000106,VICENTE PINZON,
57196557000167,VICENTE PINZON,
57196630000109,VILA PERI,
57197144000105,VICENTE PINZON,
57209921000186,MESSEJANA,
57211984000177,JOSE DE ALENCAR,
57212199000139,AEROLANDIA,
57232366000103,VICENTE PINZON,
57233436000148,RODOLFO TEOFILO,
57234190000129,FATIMA,
57234542000146,MONDUBIM,
57239787000166,CAMBEBA,
57247145000109,PRESIDENTE KENNEDY,
57250303000180,PASSARE,
57250877000158,JANGURUSSU,
57254426000199,AMADEU FURTADO,
57256418000181,SERRINHA,
57257950000113,DIAS MACEDO,
57261710000192,GRANJA LISBOA,
57271325000126,DIONISIO TORRES,
57272349000108,AEROPORTO,
57273292000153,GRANJA LISBOA,
57301092000167,CAJAZEIRAS,
57306817000100,PARQUE SANTA ROSA,
57307807000199,DEMOCRITO ROCHA,
57308022000130,DIONISIO TORRES,CARLOS BRENO MARTINS MAGALHAES
57310846000145,CANINDEZINHO,
57313191000169,BARROSO,
57338043000107,PRESIDENTE KENNEDY,MARIA AURILENE PEREIRA
57349085000135,PAPICU,
57350021000154,PRESIDENTE KENNEDY,
57350255000100,GRANJA LISBOA,
57353086000153,SAO GERARDO,
57356002000135,MESSEJANA,
57366687000109,DAMAS,
57373548000102,HENRIQUE JORGE,
57374960000139,MESSEJANA,
57390508000160,QUINTINO CUNHA,
57392461000174,CARLITO PAMPLONA,
57393370000153,PARQUE SANTA ROSA,
57395002000144,ALDEOTA,ANTONIA EDILMARA BEZERRA DA SILVA
57396611000118,PEDRAS,
57399122000110,FLORESTA,
57400619000100,BONSUCESSO,
57407765000168,CIDADE 2000,
57417606000144,VILA PERI,
57417894000137,GRANJA LISBOA,
57421830000100,QUINTINO CUNHA,
57427762000196,CIDADE 2000,FRANCISCA BRENA DOS SANTOS CARVALHO
57427788000134,MARAPONGA,MARIA ROCICLER MARQUES BERNARDO
57434093000180,PIRAMBU,
57434665000120,MUCURIPE,
57446335000155,ITAPERI,
57462113000126,SIQUEIRA,
57466170000183,JANGURUSSU,
57471012000111,PASSARE,
57473066000116,ENGENHEIRO LUCIANO CAVALCANTE,
57479698000197,PARANGABA,
57484181000196,VICENTE PINZON,
57488085000116,MESSEJANA,
57493668000135,JANGURUSSU,
57495653000106,BELA VISTA,
57498885000118,PARQUE SANTA MARIA,
57501457000105,CENTRO,
57526918000196,JARDIM AMERICA,
57531484000112,CENTRO,
57534358000111,PARQUELANDIA,
57536221000104,VILA VELHA,
57537634000103,VICENTE PINZON,
57539717000123,GRANJA PORTUGAL,
57543113000150,BONSUCESSO,
57546914000170,NOVO MONDUBIM,
57548961000152,JANGURUSSU,
57553235000128,JOQUEI CLUBE,DANIELE CAMPOS PAULINO FREIRE
57553461000109,JOAO XXIII,
57553826000103,BARRA DO CEARA,
57564661000167,MONDUBIM,
57570487000165,JOAQUIM TAVORA,
57579342000125,PRESIDENTE KENNEDY,
57583538000193,GENIBAU,
57604149000105,MESSEJANA,
57607782000149,BONSUCESSO,
57611271000109,CENTRO,
57621566000158,ALDEOTA,EDUARDA DOS SANTOS
57631523000153,MEIRELES,
57633060000169,MESSEJANA,
57646741000161,JANGURUSSU,NAJILA DOS SANTOS ROCHA
57649900000181,MEIRELES,
57656466000167,PICI,
57664149000192,JANGURUSSU,
57667627000118,CONJUNTO CEARA II,
57668607000161,PARREAO,
57677037000176,CAMBEBA,MARCELLO CHEHAB ALVES
57685230000159,MONDUBIM,
57689458000117,HENRIQUE JORGE,
57693094000149,PAUPINA,
57701184000134,PARQUE DOIS IRMAOS,
57702286000174,BARRA DO CEARA,
57726198000102,PAPICU,DEBORA MOREIRA TORQUATO
57727211000148,PREFEITO JOSE WALTER,
57727348000100,PARQUE SAO JOSE,
57729309000134,PARQUE ARAXA,
57732007000115,CENTRO,
57735338000109,PARREAO,
57741396000145,JANGURUSSU,
57742567000150,CANINDEZINHO,
57744266000166,VILA VELHA,
57750401000186,PAUPINA,
57754786000150,VICENTE PINZON,
57756573000167,PRAIA DO FUTURO II,
57784265000145,VILA VELHA,
57786158000156,JOQUEI CLUBE,
57789058000183,JOQUEI CLUBE,
57800319000119,CENTRO,ELENA PUGOVISHNIKOVA
57809942000132,CONJUNTO CEARA I,
57812293000129,JARDIM IRACEMA,
57813710000158,SAO GERARDO,
57823872000177,PREFEITO JOSE WALTER,
57845718000104,PARANGABA,
57846797000160,PARANGABA,
57898026000116,CIDADE DOS FUNCIONARIOS,
57906186000160,JANGURUSSU,
57906346000170,MARAPONGA,LUANA DA SILVA COELHO LIMA
57908227000157,EDSON QUEIROZ,
57917194000101,AMADEU FURTADO,
57927909000107,CENTRO,
57942157000153,ANTONIO BEZERRA,
57944626000173,SERRINHA,
57947808000106,PAPICU,
57962803000144,MESSEJANA,
57966270000179,PARANGABA,
57966833000129,PICI,TICIANA KELLY PAZ DE OLIVEIRA
57975041000110,ANCURI,
57975840000197,PARQUE DOIS IRMAOS,
57981588000129,PANAMERICANO,
57981790000150,CANINDEZINHO,
57987045000119,CAIS DO PORTO,
57988239000139,CENTRO,
57992526000112,MONTESE,MARCELA MESQUITA SAMPAIO DE CASTRO
57993870000126,QUINTINO CUNHA,
57997764000110,ALDEOTA,
57998156000120,EDSON QUEIROZ,
57999954000177,PAPICU,
58005424000129,CONJUNTO PALMEIRAS,
58013679000133,SAPIRANGA-COITE,
58015887000171,JOQUEI CLUBE,
58023271000142,ARACAPE,
58028159000102,PAPICU,MARCELA MARINA CASTELAR PINHEIRO MAIA RIBEIRO
58042188000110,COCO,
58055490000103,SAO JOAO DO TAUAPE,CARLA KARINE FREIRES MARIANO
58057637000102,DOM LUSTOSA,
58074214000192,ALDEOTA,RAFAEL FAGNER BARBOSA BRAGA
58080343000193,CONJUNTO PALMEIRAS,
58090306000166,EDSON QUEIROZ,YGOR CARVALHO MACHADO PRAXEDES
58091675000173,PRAIA DO FUTURO II,
58098279000178,PRAIA DO FUTURO I,
58112473000160,JARDIM GUANABARA,
58118421000100,MONTE CASTELO,
58121843000126,GUAJERU,
58122824000114,SALINAS,
58126865000189,EDSON QUEIROZ,
58127637000123,FARIAS BRITO,
58137099000158,PAUPINA,
58138045000107,JOSE DE ALENCAR,
58147624000116,LAGOA REDONDA,
58151906000197,MEIRELES,JOAO ICARO BEZERRA DE VASCONCELOS
58170695000130,ITAPERI,DEBORA RODRIGUES GUIMARAES
58185561000192,ALDEOTA,
58188800000168,PARQUE IRACEMA,
58196861000177,SAO GERARDO,
58201368000106,MONDUBIM,
58217774000159,ALDEOTA,GABRIELA FIGUEIROA MELO
58219186000154,VILA VELHA,
58225717000111,VILA VELHA,
58232400000102,MEIRELES,
58236152000178,MONTESE,
58240768000112,ITAPERI,
58245170000116,DOM LUSTOSA,
58256743000107,DEMOCRITO ROCHA,
58269033000111,HENRIQUE JORGE,
58269645000104,DOM LUSTOSA,
58294227000177,QUINTINO CUNHA,
58295631000165,MONDUBIM,
58299883000162,JARDIM CEARENSE,
58301957000158,ALDEOTA,MELINA BAQUIT CORREIA
58306199000160,TAUAPE,
58307552000127,MESSEJANA,
58315140000139,ALDEOTA,MATHEUS FACO JESUINO SIMOES
58315505000125,JARDIM IRACEMA,
58315977000188,VILA VELHA,
58320731000102,SERRINHA,
58321222000196,SABIAGUABA,
58336245000174,BARROSO,
58343570000164,SAPIRANGA-COITE,
58343973000103,PIRAMBU,
58352354000185,VILA VELHA,
58353274000144,ALVARO WEYNE,
58354717000111,BARRA DO CEARA,
58374194000175,SAO BENTO,
58374567000108,VILA VELHA,
58379534000150,ANTONIO BEZERRA,
58406172000140,FLORESTA,
58407770000133,BOM JARDIM,
58410402000144,JANGURUSSU,
58410453000176,ALDEOTA,
58445831000157,DIONISIO TORRES,
58448100000165,PASSARE,
58456017000138,CAMBEBA,
58460663000179,MOURA BRASIL,
58460942000132,BONSUCESSO,
58466933000159,PRAIA DO FUTURO II,
58473185000131,EDSON QUEIROZ,RAISLA KETLIN MESQUITA RIBEIRO
58473238000114,MONTE CASTELO,
58476028000180,PIRAMBU,
58487346000146,PARQUE MANIBURA,
58502700000164,PEDRAS,
58507037000190,BARROSO,
58519434000182,ANTONIO BEZERRA,
58519655000150,PLANALTO AYRTON SENNA,
58520848000121,PASSARE,
58554495000180,ENGENHEIRO LUCIANO CAVALCANTE,
58559095000168,PLANALTO AYRTON SENNA,
58562092000183,JARDIM AMERICA,
58573782000138,ALDEOTA,
58603972000150,JOAQUIM TAVORA,
58605059000193,JOSE DE ALENCAR,
58607427000132,PARQUE SANTA MARIA,
58622038000186,PRESIDENTE KENNEDY,
58623304000195,JANGURUSSU,
58623624000145,MESSEJANA,
58629399000154,GRANJA LISBOA,
58632974000178,PASSARE,
58652556000142,QUINTINO CUNHA,
58660666000156,MEIRELES,
58672909000176,ALDEOTA,
58679898000156,MONDUBIM,
58685112000103,PAPICU,GILSON VASCONCELOS MALAGUETA
58687506000109,AEROPORTO,
58696582000172,BELA VISTA,
58699728000133,JARDIM GUANABARA,
58731745000100,CONJUNTO CEARA II,
58733844000121,PARQUELANDIA,
58736400000140,PARQUE DOIS IRMAOS,
58743595000155,JANGURUSSU,
58748223000111,DIAS MACEDO,
58751253000187,MARAPONGA,MARIA CELIZ SILVA SOUSA
58751935000190,JOSE DE ALENCAR,MARIA BRENDA DA SILVA MORAES
58753337000150,SAO GERARDO,MARIA CELIZ SILVA SOUSA
58753793000108,ITAPERI,
58762912000180,PEDRAS,
58763146000179,SALINAS,
58766917000181,MARAPONGA,HILLANA BARBOSA ARAUJO
58780667000134,CONJUNTO PALMEIRAS,
58784510000187,SALINAS,
58786141000161,PARANGABA,
58789196000125,VILA UNIAO,
58789667000103,MONTESE,
58790917000117,CIDADE DOS FUNCIONARIOS,
58792275000195,PAUPINA,
58808898000109,CIDADE 2000,
58812197000143,MONDUBIM,
58821440000190,PASSARE,
58828910000147,MEIRELES,
58833300000131,ITAPERI,
58847903000192,SAPIRANGA-COITE,
58853470000188,MEIRELES,
58858379000155,DOM LUSTOSA,EDIANE NASCIMENTO SILVEIRA
58860513000152,ALDEOTA,
58863786000150,MESSEJANA,
58878710000107,JARDIM DAS OLIVEIRAS,
58880657000170,BOM JARDIM,
58886158000190,VICENTE PINZON,
58893968000174,BONSUCESSO,
58894500000102,BARRA DO CEARA,
58899417000118,PARQUE DOIS IRMAOS,
58901231000156,MEIRELES,
58905698000174,PRAIA DO FUTURO II,
58919485000100,JARDIM GUANABARA,
58967800000166,SERRINHA,
58976925000152,CENTRO,TAYNARA DA SILVA SAMPAIO
58993375000180,CONJUNTO CEARA I,
58995891000143,ALDEOTA,
59003071000190,EDSON QUEIROZ,
59004349000144,CANINDEZINHO,
59007487000187,CONJUNTO CEARA II,
59010618000185,SAO GERARDO,
59017471000155,MESSEJANA,
59028342000162,MONDUBIM,
59036528000163,CONJUNTO PALMEIRAS,
59039928000122,PASSARE,SIONE CORREIA DA SILVA
59047488000155,DAMAS,
59053287000160,PRAIA DE IRACEMA,
59056976000129,CONJUNTO ESPERANCA,
59059854000196,CIDADE 2000,
59071769000143,ELLERY,
59072100000176,BONSUCESSO,
59078868000157,VICENTE PINZON,
59081558000191,PARQUE SANTA ROSA,
59086818000111,AUTRAN NUNES,
59095509000108,EDSON QUEIROZ,
59104957000120,PARANGABA,
59107958000129,JOSE BONIFACIO,
59111023000116,DIONISIO TORRES,NAYRA MIKAELLE BOTELHO PINHEIRO
59113247000167,VILA VELHA,
59114639000140,CONJUNTO CEARA II,
59115925000120,EDSON QUEIROZ,YASMIM OTHON SIDOU MELO
59116605000195,PARQUE IRACEMA,
59116926000190,PREFEITO JOSE WALTER,
59117130000151,JARDIM IRACEMA,
59119877000149,BENFICA,DANTE UCHOA DE ABREU MONTEIRO
59121388000121,CENTRO,
59125585000119,JOSE DE ALENCAR,
59126660000166,VILA PERI,
59128184000112,MONTE CASTELO,
59132499000133,PARQUELANDIA,
59149065000146,MANUEL DIAS BRANCO,
59149985000164,MEIRELES,
59163277000188,PICI,
59165950000119,MESSEJANA,
59180954000176,BOA VISTA-CASTELAO,
59184967000113,ALDEOTA,ILEANA ISABEL BRUNO DE MORAES
59188586000102,MESSEJANA,GABRIELA MARIA LEITE SOUZA
59194983000197,ALDEOTA,
59196369000164,PICI,
59204980000197,GRANJA LISBOA,
59226606000192,BARRA DO CEARA,
59227634000124,VICENTE PINZON,
59237498000153,CONJUNTO CEARA I,
59239310000106,ARACAPE,
59256738000167,ALDEOTA,IASMYN BANDEIRA CAVALCANTE
59257107000162,JANGURUSSU,
59281963000153,AMADEU FURTADO,
59288532000119,ALDEOTA,
59303623000186,ARACAPE,
59311773000131,PADRE ANDRADE,
59320220000145,BONSUCESSO,
59334584000184,PARANGABA,
59337524000115,MONDUBIM,
59338932000191,JOQUEI CLUBE,
59339196000196,PANAMERICANO,
59362360000186,MONDUBIM,
59369054000171,CAIS DO PORTO,
59377708000109,JOQUEI CLUBE,
59380585000165,ALDEOTA,RAFAELLA DE SOUSA CARTAXO
59381200000184,JOSE BONIFACIO,
59387016000141,OLAVO OLIVEIRA,
59393971000191,BONSUCESSO,
59395289000138,MESSEJANA,
59395838000174,PAPICU,VITORIA BARBOSA DA SILVA
59400109000169,CAJAZEIRAS,
59406665000142,PARQUE MANIBURA,
59407514000109,EDSON QUEIROZ,MELISSA CIRIACO RIBEIRO
59408006000145,FATIMA,CAMILLY KATLYN PEDROSA SILVA
59408221000146,ARACAPE,
59428454000100,CONJUNTO CEARA II,
59430190000120,ELLERY,GISELDA DA MATA E CESAR
59434249000158,SIQUEIRA,
59451031000101,VILA VELHA,
59452267000162,SERRINHA,
59453541000118,JOAO XXIII,
59474367000190,PRAIA DO FUTURO I,
59478611000192,BARROSO,
59482941000151,BARRA DO CEARA,
59484241000104,AUTRAN NUNES,
59484284000181,PICI,
59489215000160,PAUPINA,
59496803000121,JACARECANGA,
59507447000102,CAMBEBA,
59511484000186,PICI,
59531280000107,MEIRELES,ANTONIO IGOR JALES SAMPAIO FILHO
59531513000171,COCO,
59537146000113,CANINDEZINHO,
59543473000188,CONJUNTO CEARA II,
59549381000105,JOAO XXIII,FRANCISCO BRUNO RIBEIRO DA SILVA
59553554000169,GRANJA LISBOA,
59567011000109,ALDEOTA,
59567562000164,ANTONIO BEZERRA,
59589600000180,JOAQUIM TAVORA,
59591712000175,BARRA DO CEARA,
59602676000106,PARQUE MANIBURA,RAFAELA LOPES DE SOUSA
59605868000168,COCO,
59614152000127,LAGOA REDONDA,
59621294000111,CENTRO,
59624695000125,BARRA DO CEARA,
59647505000195,PEDRAS,
59659968000177,CIDADE 2000,
59669403000170,MESSEJANA,
59678077000168,MONTE CASTELO,
59678918000137,FATIMA,
59680510000108,JOAQUIM TAVORA,
59690754000163,CENTRO,
59694080000175,RACHEL DE QUEIROZ,
59696107000169,PRAIA DO FUTURO II,
59696334000194,FATIMA,
59711297000146,PANAMERICANO,
59716844000186,VARJOTA,
59720709000104,PARANGABA,
59722351000159,QUINTINO CUNHA,
59724539000136,CONJUNTO CEARA I,
59733456000103,MEIRELES,
59740144000127,BENFICA,
59756991000180,BARROSO,
59771284000162,CENTRO,
59786162000140,HENRIQUE JORGE,
59789558000140,PRESIDENTE KENNEDY,ISABELLE LIMA VASCONCELOS
59790425000194,JOAQUIM TAVORA,
59834730000130,CENTRO,
59858112000120,PRESIDENTE KENNEDY,
59862663000168,JOQUEI CLUBE,
59867354000180,JARDIM IRACEMA,
59883485000151,AEROPORTO,
59886806000171,PRAIA DE IRACEMA,
59889445000117,PRAIA DE IRACEMA,
59890037000185,ALDEOTA,
59900465000141,JOAO XXIII,
59908289000194,BARRA DO CEARA,
59914727000127,PASSARE,
59924039000148,PANAMERICANO,
59928041000195,PICI,
59929155000150,PRAIA DO FUTURO II,
59929233000116,JANGURUSSU,
59936403000190,ALVARO WEYNE,
59952872000100,ALDEOTA,GUSTAVO SALES DE LIMA
59956633000110,AEROLANDIA,
59965340000108,VILA UNIAO,
59968153000170,ALDEOTA,
59988059000182,PARQUE DOIS IRMAOS,
59998308000110,ALDEOTA,RAISLA KETLIN MESQUITA RIBEIRO
59999057000199,JARDIM CEARENSE,
60011785000120,JANGURUSSU,
60016667000104,JARDIM GUANABARA,
60033694000195,JARDIM DAS OLIVEIRAS,
60034301000168,MANOEL SATIRO,
60034712000153,BARRA DO CEARA,
60084736000117,JARDIM GUANABARA,
60097572000162,PLANALTO AYRTON SENNA,
60098440000155,PASSARE,
60101980000140,GRANJA PORTUGAL,
60125388000189,ALDEOTA,ANA PATRICIA BARROS NOGUEIRA
60131201000150,JOAO XXIII,
60131477000138,PARANGABA,ANA CLAUDIA OLIVEIRA GOMES
60134633000114,PRESIDENTE KENNEDY,
60139803000153,MONDUBIM,
60150130000132,PLANALTO AYRTON SENNA,
60159536000186,ALDEOTA,ROBERTA COSTA FERREIRA
60168642000126,ANTONIO BEZERRA,
60171347000129,MONDUBIM,
60188517000188,CONJUNTO CEARA I,
60192033000102,FLORESTA,
60193923000139,SAPIRANGA-COITE,
60200014000180,ARACAPE,
60205082000132,JANGURUSSU,
60207865000155,BOA VISTA-CASTELAO,
60208593000108,ALVARO WEYNE,
60208609000182,CARLITO PAMPLONA,
60209794000120,PAPICU,
60216535000126,DIAS MACEDO,
60227511000172,MONDUBIM,
60234241000127,AEROPORTO,
60243560000107,DAMAS,FRANCISCO RENAN PONTES BARROSO
60247649000133,ALDEOTA,DAIANA MOREIRA DE SOUZA
60257323000197,ALDEOTA,
60258870000197,PASSARE,
60271450000140,SIQUEIRA,
60290739000107,MESSEJANA,
60293135000114,ARACAPE,
60297477000102,ALDEOTA,RAYNARA DINIZ FERREIRA
60298949000141,MESSEJANA,JOSE DE FREITAS MORAES FILHO
60301099000193,CENTRO,
60302495000135,ELLERY,
60303936000113,BENFICA,
60305287000190,JANGURUSSU,
60329111000178,NOVO MONDUBIM,MARIA ROCICLER MARQUES BERNARDO
60332839000159,SERRINHA,
60345614000137,CONJUNTO CEARA II,
60355608000160,VICENTE PINZON,
60361934000180,ANTONIO BEZERRA,
60366771000129,ALVARO WEYNE,
60367375000116,SIQUEIRA,
60379726000109,ITAOCA,
60383962000107,CONJUNTO CEARA I,
60394272000145,NOVO MONDUBIM,
60400847000195,ALDEOTA,
60403222000187,FARIAS BRITO,NATALIA FELIX DE OLIVEIRA LIMA
60405463000165,CANINDEZINHO,
60464558000150,JOAQUIM TAVORA,
60465706000150,CONJUNTO CEARA I,
60471387000196,MESSEJANA,
60473530000189,PREFEITO JOSE WALTER,
60504822000131,FARIAS BRITO,
60515992000111,MARAPONGA,
60516921000133,SAPIRANGA / COITE,
60521877000150,SAPIRANGA-COITE,
60532655000132,CONJUNTO ESPERANCA,
60535856000193,DIONISIO TORRES,
60540187000148,ALDEOTA,
60542523000191,ITAOCA,
60543772000100,BONSUCESSO,
60550382000159,FATIMA,
60559279000170,MONDUBIM,
60583018000195,EDSON QUEIROZ,
60601517000168,JARDIM GUANABARA,
60607569000141,PARQUELANDIA,
60615014000141,ALDEOTA,KARLA NAYARA SOARES MOURA
60615970000123,HENRIQUE JORGE,
60622992000110,VILA VELHA,DANIELLA VIEIRA RUFINO DE SOUSA
60626692000100,BOA VISTA / CASTELAO,CARLOS FERREIRA
60629754000137,ALDEOTA,
60643577000143,CENTRO,
60653743000192,JOQUEI CLUBE,
60664144000174,JARDIM GUANABARA,
60669297000104,RODOLFO TEOFILO,
60669513000111,JARDIM CEARENSE,
60683621000149,CIDADE DOS FUNCIONARIOS,
60686645000151,EDSON QUEIROZ,
60688913000174,JANGURUSSU,
60691861000195,MARAPONGA,
60693162000184,SAO BENTO,
60696501000186,CONJUNTO ESPERANCA,
60701170000125,MONDUBIM,
60706948000199,JANGURUSSU,
60708016000185,JOAQUIM TAVORA,
60709230000156,CENTRO,
60752785000180,JOSE DE ALENCAR,
60755224000135,ALDEOTA,FRANCISCO VICTOR MARTINS PINHO
60763399000194,ENGENHEIRO LUCIANO CAVALCANTE,
60771613000154,ITAOCA,
60784534000188,ALDEOTA,
60791513000190,CENTRO,
60795979000163,QUINTINO CUNHA,
60796400000187,MEIRELES,ADRIELLY NAILE MONTEIRO DA SILVA SOUSA
60805621000174,AEROLANDIA,
60840144000188,DEMOCRITO ROCHA,
60848820000160,MEIRELES,RODRIGO CORDEIRO AGUIAR
60856787000110,ALDEOTA,
60893165000161,JARDIM DAS OLIVEIRAS,
60906576000144,MUCURIPE,
60910557000191,PREFEITO JOSE WALTER,
60915579000144,MANOEL SATIRO,
60916342000188,PRESIDENTE KENNEDY,
60916465000119,JACARECANGA,
60918594000146,JOSE BONIFACIO,
60934331000120,ITAPERI,
60935213000137,ITAOCA,
60942383000149,ENGENHEIRO LUCIANO CAVALCANTE,
60969464000132,ALDEOTA,LIANA HOLANDA DE MELO
60991989000174,ALDEOTA,GABRIELA SILVEIRA MENICUCCI
61009332000121,GENIBAU,
61010011000147,COCO,
61010752000128,CONJUNTO ESPERANCA,
61015112000100,COACU,
61025820000122,ALDEOTA,MARIA EDUARDA BITU VIEIRA
61038115000160,OLAVO OLIVEIRA,
61062036000194,PARANGABA,
61066016000191,MEIRELES,
61066803000133,CAMBEBA,CHARLOTTE SOUZA OLIVEIRA ALENCAR DE AZEVEDO
61078765000139,AEROPORTO,
61093299000160,LAGOA REDONDA,
61093657000135,BARRA DO CEARA,
61095077000187,GRANJA PORTUGAL,
61097006000113,PARQUE SANTA MARIA,
61099136000195,CARLITO PAMPLONA,
61108898000100,JARDIM GUANABARA,MOANA MYRLA FERREIRA LOPES
61115476000162,CONJUNTO CEARA I,
61127600000100,PASSARE,
61128081000102,JOAQUIM TAVORA,
61134823000102,MESSEJANA,
61141822000187,CRISTO REDENTOR,
61165272000136,JOAO XXIII,
61173133000154,PAUPINA,
61178375000130,CENTRO,ADONAY DO NASCIMENTO FERNANDES
61178621000154,JOAQUIM TAVORA,ADONAY DO NASCIMENTO FERNANDES
61185851000140,PICI,
61187110000107,MONDUBIM,
61190296000145,PICI,
61204382000160,PARQUE SANTA MARIA,
61204802000108,ALDEOTA,
61209257000142,BARRA DO CEARA,
61219163000154,SAO BENTO,
61227122000100,ALDEOTA,
61240822000134,AEROPORTO,
61247189000106,PAUPINA,
61270449000164,PARANGABA,
61275973000128,MONDUBIM,
61279412000105,VICENTE PINZON,
61299535000108,PARQUELANDIA,
61299551000192,PARQUELANDIA,
61301765000156,PARQUE SANTA MARIA,
61302849000104,GRANJA LISBOA,
61311000000105,SAO GERARDO,JOSE ROBERIO ALVES DIAS
61313658000148,JOSE BONIFACIO,
61325683000141,MONDUBIM,
61335530000185,PAUPINA,
61339893000199,JARDIM DAS OLIVEIRAS,
61351994000185,OLAVO OLIVEIRA,
61352866000156,CAJAZEIRAS,
61359532000104,CURIO,
61362878000161,LAGOA REDONDA,
61368814000178,PARQUE DOIS IRMAOS,
61375568000181,CURIO,
61377778000109,CAMBEBA,
61379853000170,PARQUE SANTA ROSA,
61391992000110,MARAPONGA,
61399029000182,GENIBAU,
61404553000102,PADRE ANDRADE,
61404716000149,PREFEITO JOSE WALTER,
61417046000103,PAPICU,
61436725000111,CONJUNTO CEARA II,
61450612000170,MONDUBIM,
61451354000147,JOQUEI CLUBE,
61452127000136,JACARECANGA,
61454060000179,BENFICA,
61469415000101,AUTRAN NUNES,
61469651000110,PARQUE DOIS IRMAOS,
61484969000170,JARDIM DAS OLIVEIRAS,
61487493000120,ALDEOTA,
61506258000159,MONTE CASTELO,
61507272000177,CONJUNTO CEARA I,
61517753000163,PICI,
61523843000167,ALDEOTA,
61534151000114,VILA VELHA,
61558520000109,CAIS DO PORTO,
61564960000179,JARDIM CEARENSE,
61575097000155,ALDEOTA,RITA DE CASSIA MORAES FEITOSA
61595102000191,CIDADE DOS FUNCIONARIOS,
61595482000164,JACARECANGA,
61596483000123,PASSARE,
61597301000139,JANGURUSSU,
61601038000104,AMADEU FURTADO,
61610591000103,JANGURUSSU,
61611447000191,GRANJA LISBOA,
61613435000104,VICENTE PINZON,
61615763000131,HENRIQUE JORGE,
61618689000107,NOVO MONDUBIM,
61633226000114,PRAIA DO FUTURO I,
61650447000109,PICI,
61661878000162,BARRA DO CEARA,
61663409000182,EDSON QUEIROZ,CAROLINE DE ANDRADE ARRAES HERCULANO
61670668000130,ALVARO WEYNE,
61681460000117,JOQUEI CLUBE,
61682973000142,PARQUELANDIA,
61684659000107,ALDEOTA,ANDREA MARIA VIEIRA MUNIZ BATISTA
61684721000152,ALDEOTA,HUGO MARQUES DA SILVA
61705959000117,CENTRO,GABRIEL MIRANDA SANTA INES
61720592000100,DIONISIO TORRES,
61752224000144,ALDEOTA,
61758229000184,VILA UNIAO,
61762946000180,PICI,
61768046000140,MARAPONGA,
61790460000155,SAO BENTO,
61793706000142,ALDEOTA,
61797332000133,JARDIM GUANABARA,
61803517000103,JOAQUIM TAVORA,
61803798000102,MESSEJANA,
61806729000144,PASSARE,
61807750000164,BOM FUTURO,
61813221000173,ITAPERI,
61830018000105,PARREAO,
61850069000107,PARQUE SANTA MARIA,
61858862000144,PREFEITO JOSE WALTER,
61860344000165,MOURA BRASIL,
61870737000150,PASSARE,
61874396000190,PARQUE DOIS IRMAOS,
61883622000108,PREFEITO JOSE WALTER,
61887768000113,CENTRO,
61887943000172,ALDEOTA,
61896538000110,PARQUE DOIS IRMAOS,
61906423000160,MEIRELES,ANTONIA PATRICIA GOMES DE SOUSA
61908884000171,PARQUE DOIS IRMAOS,
61935196000109,FARIAS BRITO,
61938309000111,MEIRELES,
61939122000132,FATIMA,
61943451000157,MESSEJANA,
61946027000166,PASSARE,
61950561000146,CIDADE DOS FUNCIONARIOS,
61955325000112,CANINDEZINHO,
61956864000176,SAPIRANGA-COITE,
61966155000171,ENGENHEIRO LUCIANO CAVALCANTE,
61996929000107,ITAPERI,
62013797000119,CENTRO,ELLIS CANDIDA FEITOSA TEIXEIRA
62026452000108,JOAQUIM TAVORA,
62030163000174,MESSEJANA,
62031095000168,PASSARE,
62035947000195,ANTONIO BEZERRA,
62039027000145,VILA PERI,
62064453000139,GRANJA LISBOA,
62069789000194,RACHEL DE QUEIROZ,
62073814000103,DAMAS,
62074070000141,CAIS DO PORTO,
62074707000108,ALDEOTA,MARCOS FILIPE MARTINS VIANA
62086154000103,VILA VELHA,MARIA NETA MENDONCA DE SOUZA
62095681000176,GUAJERU,
62096820000186,JOAQUIM TAVORA,
62097856000184,MEIRELES,
62098877000114,CAJAZEIRAS,
62111403000165,JARDIM AMERICA,
62128526000109,GRANJA PORTUGAL,
62133263000126,PARQUELANDIA,PEDRO ALEXANDRE FRANCISCO QUINTAS
62143357000186,ENGENHEIRO LUCIANO CAVALCANTE,
62145782000104,RACHEL DE QUEIROZ,
62146470000115,TAUAPE,
62148809000112,PRAIA DO FUTURO II,
62155495000185,PASSARE,
62165606000134,PLANALTO AYRTON SENNA,
62178641000198,SAO GERARDO,
62180324000106,MONTESE,
62184953000104,VILA UNIAO,
62185946000127,CANINDEZINHO,
62186892000114,CONJUNTO CEARA I,
62202947000132,MESSEJANA,
62210443000164,EDSON QUEIROZ,
62213036000100,CARLITO PAMPLONA,
62216871000102,MEIRELES,
62229736000193,PADRE ANDRADE,
62257108000111,ANTONIO BEZERRA,
62258784000100,SAO BENTO,
62262536000132,VICENTE PINZON,
62279162000168,JARDIM IRACEMA,
62280737000162,JOAQUIM TAVORA,
62307553000149,BARRA DO CEARA,
62307700000180,BARRA DO CEARA,
62326725000121,SAO BENTO,
62336578000170,JARDIM CEARENSE,
62339850000176,GRANJA PORTUGAL,
62342610000120,CRISTO REDENTOR,
62346124000180,ENGENHEIRO LUCIANO CAVALCANTE,
62350812000114,SABIAGUABA,
62359812000185,ALDEOTA,SARAH REBECA FREIRE VIEIRA
62361370000101,SAPIRANGA-COITE,
62384675000139,JOAQUIM TAVORA,MARCIELLY DOS SANTOS BRITO SILVA
62397654000158,JARDIM DAS OLIVEIRAS,
62398150000152,JACARECANGA,
62399033000103,PREFEITO JOSE WALTER,
62415592000160,TAUAPE,
62427076000155,FLORESTA,
62427226000120,ANTONIO BEZERRA,
62428890000194,BONSUCESSO,
62432571000152,MONDUBIM,
62453371000186,PICI,
62455154000125,PREFEITO JOSE WALTER,
62455659000190,COCO,
62474828000139,FATIMA,
62475000000103,BELA VISTA,
62482196000155,MEIRELES,
62486551000164,HENRIQUE JORGE,
62495660000148,MESSEJANA,
62504867000131,COCO,BARBARA MESQUITA FREITAS
62504867000212,COCO,BARBARA MESQUITA FREITAS
62506752000186,PICI,
62513176000102,SAPIRANGA-COITE,
62525813000152,BONSUCESSO,
62555405000143,MARAPONGA,
62567354000170,ALDEOTA,WELLINGTON LUCAS DE MEDEIROS SILVA
62568665000153,DIONISIO TORRES,MARINA LOUREIRO GOMES
62571017000156,CENTRO,
62571829000100,MONTE CASTELO,
62583648000195,RACHEL DE QUEIROZ,
62585947000169,SAO BENTO,
62586014000196,GRANJA LISBOA,
62588369000114,CENTRO,
62601022000164,MONTE CASTELO,
62614601000141,VARJOTA,ANA GABRIELA PEIXOTO
62616995000177,BARROSO,
62621449000124,SIQUEIRA,
62629082000195,PRESIDENTE KENNEDY,
62634200000153,BOM JARDIM,
62636300000119,CONJUNTO CEARA I,
62640216000179,CRISTO REDENTOR,
62641438000106,BARRA DO CEARA,
62651692000195,MONTE CASTELO,
62660208000194,PARQUE DOIS IRMAOS,
62665220000191,JARDIM IRACEMA,
62696531000118,SERRINHA,
62706443000150,RODOLFO TEOFILO,
62712920000190,AMADEU FURTADO,
62737714000134,SAO GERARDO,
62766515000154,ALVARO WEYNE,
62784740000113,JANGURUSSU,
62791786000160,PARQUELANDIA,
62801521000103,ALDEOTA,LUANA FONTENELE PINHEIRO RABELO
62802757000156,RODOLFO TEOFILO,
62803498000188,PARQUE DOIS IRMAOS,
62806640000140,MEIRELES,
62815433000152,CARLITO PAMPLONA,
62828542000104,CAMBEBA,
62828995000130,COCO,
62842320000146,ELLERY,
62854999000193,CENTRO,
62862147000148,PARANGABA,
62864288000108,JOAQUIM TAVORA,
62867449000109,CENTRO,
62867597000123,GRANJA PORTUGAL,
62874254000196,PICI,
62874783000190,JOAQUIM TAVORA,
62875666000140,DE LOURDES,
62882897000181,CAJAZEIRAS,
62892177000105,ALDEOTA,ANA SHAIANE AGUIAR DA SILVA
62898492000131,ANTONIO BEZERRA,
62900983000170,BONSUCESSO,
62904589000100,SIQUEIRA,
62909412000104,JARDIM AMERICA,
62916393000135,AEROLANDIA,
62936484000132,PAPICU,ANA BEATRIZ SARAIVA LIMA
62938700000189,CURIO,
62956260000192,PREFEITO JOSE WALTER,
62959691000102,FATIMA,
62962598000157,CONJUNTO CEARA I,
62963966000181,CENTRO,MARIE AQUINO MELO DE LEOPOLDINO
62964634000111,CONJUNTO CEARA I,
62968393000189,EDSON QUEIROZ,
62969581000121,PAUPINA,
62994977000129,CONJUNTO ESPERANCA,
63005996000148,SERRINHA,
63009415000146,BOM JARDIM,
63012474000173,VILA VELHA,
63012947000132,SAPIRANGA-COITE,
63013491000125,LAGOA REDONDA,
63016807000132,FATIMA,
63025393000108,MEIRELES,
63026647000102,JOQUEI CLUBE,
63027102000110,PLANALTO AYRTON SENNA,
63036822000142,BARRA DO CEARA,
63047679000194,PARANGABA,
63060017000154,AMADEU FURTADO,
63064523000111,TAUAPE,
63075169000120,DIONISIO TORRES,JULIANA OLIVEIRA
63075391000123,ALVARO WEYNE,
63079514000102,CARLITO PAMPLONA,
63091739000176,CIDADE 2000,
63096818000170,JOAO XXIII,
63105698000120,ALTO DA BALANCA,
63107591000110,MONTE CASTELO,
63127745000136,ARACAPE,
63135801000184,MANOEL SATIRO,
63140185000150,EDSON QUEIROZ,JESSICA DE SOUSA PAULO
63158309000124,CAJAZEIRAS,
63163923000184,PIRAMBU,
63171024000123,GRANJA LISBOA,
63172297000192,PRESIDENTE KENNEDY,
63183407000111,BARRA DO CEARA,
63183524000185,PRAIA DO FUTURO II,
63185155000160,ANTONIO BEZERRA,
63188673000137,COACU,
63195356000148,MEIRELES,
63195525000140,ANTONIO BEZERRA,
63195613000141,PASSARE,
63197591000159,PASSARE,
63204854000100,VILA VELHA,
63206816000196,VILA UNIAO,
63213312000101,JARDIM DAS OLIVEIRAS,
63213601000100,SAO BENTO,
63215577000130,JANGURUSSU,
63217663000182,JANGURUSSU,
63220443000108,DOM LUSTOSA,ANTONIA HERLIENE DE ALENCAR SILVESTRE
63230572000187,MONTESE,JULIA LIMA VASCONCELOS
63232411000122,CAIS DO PORTO,
63243696000105,ALDEOTA,JULIANA OLIVEIRA
63251204000115,MONTE CASTELO,
63253842000175,PREFEITO JOSE WALTER,
63257651000181,PARANGABA,
63259347000173,BOM JARDIM,
63276401000199,ALVARO WEYNE,
63305631000139,AMADEU FURTADO,
63313171000190,PARQUE DOIS IRMAOS,
63315425000100,ITAPERI,LARISSA CAVALCANTE DE FREITAS
63327062000122,DIAS MACEDO,
63330606000105,PARREAO,
63335594000101,PAPICU,MARIA DE FATIMA GOMES APOLIANO
63337949000100,TAUAPE,
63341921000138,DIONISIO TORRES,ELISIANE DE FREITAS BARBOSA
63355592000184,HENRIQUE JORGE,
63367376000159,ALDEOTA,
63368078000183,MEIRELES,
63383605000129,ALTO DA BALANCA,
63386497000148,PLANALTO AYRTON SENNA,
63414329000119,ITAPERI,
63425145000154,JANGURUSSU,
63425918000100,ALDEOTA,INGRID RAQUEL BEZERRA RODRIGUES
63427268000124,HENRIQUE JORGE,
63429072000179,ANTONIO BEZERRA,
63430871000165,CENTRO,
63453670000183,MEIRELES,
63459089000179,ENGENHEIRO LUCIANO CAVALCANTE,
63460472000147,AMADEU FURTADO,
63462879000103,PRAIA DO FUTURO II,
63465073000179,LAGOA REDONDA,
63465305000199,PASSARE,
63472069000138,PLANALTO AYRTON SENNA,
63473188000105,BENFICA,
63480062000168,BONSUCESSO,
63482585000143,BARROSO,
63491353000151,PRESIDENTE KENNEDY,
63493458000140,SABIAGUABA,
63495623000100,JOAQUIM TAVORA,
63509380000104,CAMBEBA,
63511788000110,ANTONIO BEZERRA,
63516411000154,SERRINHA,
63526730000140,QUINTINO CUNHA,
63534417000154,FATIMA,
63543764000143,JOAO XXIII,
63549611000103,MESSEJANA,
63550679000102,DIONISIO TORRES,GABRIELY REBOUCAS SOARES
63578874000140,VICENTE PINZON,
63579121000150,JOQUEI CLUBE,
63586452000117,FATIMA,
63587484000137,CIDADE 2000,
63591609000100,VARJOTA,
63598991000176,PARQUE SANTA ROSA,
63600073000134,BARRA DO CEARA,
63601437000109,VILA VELHA,
63608878000124,PAUPINA,
63611724000191,JOQUEI CLUBE,
63613144000133,TAUAPE,
63631848000139,GRANJA PORTUGAL,
63669199000165,MONDUBIM,CAMILA FONTENELE SANTANA
63677219000140,LAGOA REDONDA,
63689850000169,BARROSO,
63690984000108,VILA VELHA,
63697070000160,FATIMA,
63697761000164,BONSUCESSO,
63699321000146,JOQUEI CLUBE,
63706145000122,LAGOA REDONDA,
63716545000119,SIQUEIRA,
63717289000184,PARQUELANDIA,VANESSA MELO LIMA
63736076000108,BARROSO,
63742826000146,SERRINHA,
63752246000130,MEIRELES,MARIA JOAQUINA BEZERRA DE MENEZES ANDRADE
63759363000125,EDSON QUEIROZ,
63762138000148,ANCURI,
63768719000197,CIDADE DOS FUNCIONARIOS,
63770484000178,PARQUELANDIA,
63781580000111,QUINTINO CUNHA,
63788275000151,CURIO,
63794927000160,BOM JARDIM,
63801475000105,CONJUNTO CEARA II,
63813975000159,VILA VELHA,
63819485000160,PARQUE SANTA ROSA,
63834752000178,ALDEOTA,MEIRE LUCIA ASSIS QUEIROZ
63850430000112,ANTONIO BEZERRA,
63853727000131,BONSUCESSO,
63860584000195,PICI,RENATA HELENA SOUZA GUERRA
63862290000100,VICENTE PINZON,
63872455000117,ALDEOTA,
63872828000150,MONDUBIM,
63877746000106,PICI,
63886775000126,GRANJA LISBOA,
63889917000109,JANGURUSSU,
63896067000176,SIQUEIRA,
63906955000122,GRANJA LISBOA,
63921156000125,PICI,
63931279000147,DAMAS,
63944371000141,LAGOA REDONDA,
63952298000150,CANINDEZINHO,
63954836000145,JANGURUSSU,
63959695000153,ELLERY,
63967614000167,PREFEITO JOSE WALTER,
63968693000120,SAO GERARDO,
63969251000107,PREFEITO JOSE WALTER,
63973386000138,JANGURUSSU,
63978805000124,GRANJA LISBOA,
63983520000181,JOAO XXIII,
63995620000128,LAGOA REDONDA,
63995816000112,PEDRAS,
64006585000130,DAMAS,
64015694000113,RODOLFO TEOFILO,
64040351000109,VILA VELHA,
64047935000106,MEIRELES,
64055389000155,PREFEITO JOSE WALTER,
64056118000114,MONDUBIM,
64062835000159,SAPIRANGA-COITE,
64072726000112,MANOEL SATIRO,
64074386000169,GRANJA PORTUGAL,
64080227000177,ITAPERI,ADILA VASCONCELOS CAVALCANTE
64080961000136,PARQUE MANIBURA,RAFAELA LOPES DE SOUSA
64089029000174,PARQUE ARAXA,
64096468000104,MEIRELES,
64105812000184,ITAPERI,
64108960000152,PASSARE,
64134947000178,COACU,
64136186000193,ALDEOTA,
64137874000178,EDSON QUEIROZ,ROGERIO QUEIROZ DE ALMEIDA
64143106000127,COCO,
64143454000102,MEIRELES,
64145909000110,PARQUE DOIS IRMAOS,
64152032000195,VICENTE PINZON,
64163931000193,GRANJA LISBOA,
64166376000153,PARANGABA,
64167768000137,ALVARO WEYNE,
64169013000171,ALDEOTA,MARIELLE PEREIRA REGADAS
64172070000100,DIONISIO TORRES,
64175654000139,JANGURUSSU,
64180901000195,GRANJA LISBOA,
64185550000105,BARROSO,
64186416000129,CURIO,
64187314000128,JANGURUSSU,
64196523000138,AEROPORTO,
64219412000108,JARDIM GUANABARA,
64227783000123,PASSARE,
64232641000154,SAO GERARDO,
64246395000190,JOAQUIM TAVORA,
64253795000122,MESSEJANA,
64255047000189,ALDEOTA,MARIA JEYCIELLE MAGALHAES DE OLIVEIRA
64256459000133,PICI,
64265631000115,VICENTE PINZON,
64266601000123,PASSARE,
64279998000198,MONDUBIM,
64288993000121,ARACAPE,
64299339000113,GRANJA PORTUGAL,
64304123000107,BELA VISTA,
64305132000104,MONDUBIM,
64312163000192,CAIS DO PORTO,
64317196000125,MANOEL SATIRO,
64320603000153,CENTRO,
64322028000128,PARQUE DOIS IRMAOS,
64322058000134,PASSARE,
64326081000105,SERRINHA,
64337830000191,CONJUNTO PALMEIRAS,
64341475000124,RODOLFO TEOFILO,
64341557000179,BARRA DO CEARA,
64348084000131,JOQUEI CLUBE,
64348773000146,CARLITO PAMPLONA,
64354021000198,MANOEL SATIRO,
64359242000159,SERRINHA,
64360244000168,PLANALTO AYRTON SENNA,
64363455000154,SABIAGUABA,
64370999000143,PEDRAS,
64371207000155,BOM JARDIM,
64373362000100,BELA VISTA,
64384347000168,EDSON QUEIROZ,
